Flow Duration,Total Fwd Packets,Total Backward Packets,Total Length of Fwd Packets,Total Length of Bwd Packets,Fwd Packet Length Max,Fwd Packet Length Min,Fwd Packet Length Mean,Fwd Packet Length Std,Bwd Packet Length Max,Bwd Packet Length Min,Bwd Packet Length Mean,Bwd Packet Length Std,Flow Bytes/s,Flow Packets/s,Flow IAT Mean,Flow IAT Std,Flow IAT Max,Flow IAT Min,Fwd IAT Total,Fwd IAT Mean,Fwd IAT Std,Fwd IAT Max,Fwd IAT Min,Bwd IAT Total,Bwd IAT Mean,Bwd IAT Std,Bwd IAT Max,Bwd IAT Min,Fwd PSH Flags,Fwd Header Length,Bwd Header Length,Fwd Packets/s,Bwd Packets/s,Min Packet Length,Max Packet Length,Packet Length Mean,Packet Length Std,Packet Length Variance,FIN Flag Count,SYN Flag Count,PSH Flag Count,ACK Flag Count,Down/Up Ratio,Average Packet Size,Avg Fwd Segment Size,Avg Bwd Segment Size,Subflow Fwd Packets,Subflow Fwd Bytes,Subflow Bwd Packets,Subflow Bwd Bytes,Init_Win_bytes_forward,Init_Win_bytes_backward,act_data_pkt_fwd,min_seg_size_forward,Active Mean,Active Std,Active Max,Active Min,Idle Mean,Idle Std,Idle Max,Idle Min,Prediction,Prediction Label,Prediction Confidence
41644,7,6,226.0,10926.0,226.0,0.0,32.28571428571429,85.41997090008535,5134.0,0.0,1821.0,2155.706009640461,267793.67976179044,312.169820382288,3470.333333333333,7561.380120939123,20109.0,11.0,41401.0,6900.166666666667,9881.78075888484,20109.0,335.0,41617.0,8323.4,11001.653957473847,20630.0,126.0,0,232,200,168.0914417443089,144.07837863797906,0.0,5134.0,796.5714285714284,1624.3175946691117,2638407.648351648,2,2,4,12,0.0,857.8461538461538,32.285714285714285,1821.0,0,0,0,0,64240,127,1,32,0.0,0.0,0.0,0.0,0.0,0.0,0.0,0.0,0,BENIGN,0.92
54247,7,6,226.0,10926.0,226.0,0.0,32.28571428571429,85.41997090008535,5134.0,0.0,1821.0,2155.706009640461,205578.18865559387,239.6445886408465,4520.583333333333,9552.707768988696,26222.0,1.0,52602.0,8767.0,12541.976016561346,26222.0,1.0,54220.0,10844.0,14236.788840886838,27072.0,86.0,0,232,200,129.03939388353274,110.60519475731378,0.0,5134.0,796.5714285714286,1624.3175946691117,2638407.648351648,2,2,4,12,0.0,857.8461538461538,32.285714285714285,1821.0,0,0,0,0,64240,127,1,32,0.0,0.0,0.0,0.0,0.0,0.0,0.0,0.0,0,BENIGN,0.92
10047033,4,4,386.0,487.0,386.0,0.0,96.5,193.0,487.0,0.0,121.75,243.50000000000003,86.89132403566306,0.7962549739808756,1435290.4285714286,3787519.9345508777,10024562.0,15.0,10046903.0,3348967.6666666665,5782272.006304903,10025751.0,943.0,10046944.0,3348981.333333333,5781230.896673245,10024562.0,1304.0,0,136,136,0.3981274869904378,0.3981274869904378,0.0,487.0,97.0,194.12753539876817,37685.49999999999,1,2,2,7,1.0,109.125,96.5,121.75,4,386,4,487,64240,127,1,32,21167.0,0.0,21167.0,21167.0,10024562.0,0.0,10024562.0,10024562.0,0,BENIGN,1.0
10785644,4,5,391.0,487.0,386.0,0.0,97.75,192.18112116785383,487.0,0.0,97.4,217.7930210084795,81.40450398696638,0.8344425237843934,1348205.5,3416103.012561201,9758402.0,24.0,9784178.0,3261392.6666666665,5626664.846842162,9758490.0,516.0,10785620.0,2696405.0,4731108.387953433,9758553.0,46.0,0,136,168,0.3708633439041748,0.4635791798802186,0.0,487.0,87.8,185.3230212958504,34344.62222222223,1,2,3,8,1.0,97.55555555555556,97.75,97.4,2,195,2,243,64240,127,2,32,25776.0,0.0,25776.0,25776.0,9758402.0,0.0,9758402.0,9758402.0,0,BENIGN,0.99
10990384,4,5,398.0,487.0,386.0,0.0,99.5,191.08375127153013,487.0,0.0,97.4,217.7930210084795,80.52493889203507,0.8188976836478142,1373798.0,3426997.0635781325,9811932.0,2.0,9988148.0,3329382.6666666665,5614760.643176015,9811961.0,511.0,10990359.0,2747589.75,4729973.130216659,9812239.0,2.0,0,136,168,0.3639545260656952,0.454943157582119,0.0,487.0,88.50000000000001,184.9884380771464,34220.72222222222,1,2,3,8,1.0,98.33333333333331,99.5,97.4,2,199,2,243,64240,127,2,32,176216.0,0.0,176216.0,176216.0,9811932.0,0.0,9811932.0,9811932.0,0,BENIGN,0.99
10760051,4,5,398.0,487.0,386.0,0.0,99.5,191.08375127153013,487.0,0.0,97.4,217.7930210084795,82.24868079156873,0.8364272622871397,1345006.375,3406373.321224451,9731051.0,2.0,9759045.0,3253015.0,5610239.876532642,9731144.0,723.0,10760031.0,2690007.75,4717080.26390184,9731106.0,2.0,0,136,168,0.3717454499053954,0.4646818123817443,0.0,487.0,88.50000000000001,184.9884380771464,34220.72222222222,1,2,3,8,1.0,98.33333333333331,99.5,97.4,2,199,2,243,64240,127,2,32,27994.0,0.0,27994.0,27994.0,9731051.0,0.0,9731051.0,9731051.0,0,BENIGN,0.99
11011212,4,5,400.0,487.0,386.0,0.0,100.0,190.78085158981057,487.0,0.0,97.4,217.7930210084795,80.55425687926088,0.8173487169259841,1376401.5,3496964.694052462,9987613.0,1.0,10008884.0,3336294.6666666665,5760240.429851894,9987637.0,441.0,11011180.0,2752795.0,4845922.547656397,9987774.0,1.0,0,136,168,0.3632660964115485,0.4540826205144356,0.0,487.0,88.70000000000002,184.89759928734128,34187.12222222223,1,2,3,8,1.0,98.55555555555556,100.0,97.4,2,200,2,243,64240,127,2,32,21271.0,0.0,21271.0,21271.0,9987613.0,0.0,9987613.0,9987613.0,0,BENIGN,0.99
10732275,4,5,397.0,487.0,386.0,0.0,99.25,191.23698212776037,487.0,0.0,97.4,217.7930210084795,82.36837017314596,0.8385920040252417,1341534.375,3394215.270423655,9697433.0,22.0,9731146.0,3243715.333333333,5589127.257936102,9697456.0,503.0,10732253.0,2683063.25,4699298.743370432,9697583.0,335.0,0,136,168,0.3727075573445518,0.4658844466806898,0.0,487.0,88.4,185.034651409465,34237.822222222225,1,2,3,8,1.0,98.22222222222224,99.25,97.4,2,198,2,243,64240,127,2,32,33713.0,0.0,33713.0,33713.0,9697433.0,0.0,9697433.0,9697433.0,0,BENIGN,0.99
10660162,4,5,398.0,487.0,386.0,0.0,99.5,191.08375127153013,487.0,0.0,97.4,217.7930210084795,83.01937625338152,0.8442648432547273,1332520.2500000002,3373443.981073507,9636552.0,2.0,9658939.0,3219646.333333333,5557232.545024577,9636574.0,550.0,10660137.0,2665034.25,4671154.5931552,9636703.0,2.0,0,136,168,0.3752288192243232,0.469036024030404,0.0,487.0,88.50000000000001,184.9884380771464,34220.72222222222,1,2,3,8,1.0,98.33333333333331,99.5,97.4,2,199,2,243,64240,127,2,32,22387.0,0.0,22387.0,22387.0,9636552.0,0.0,9636552.0,9636552.0,0,BENIGN,0.99
10638442,4,5,396.0,487.0,386.0,0.0,99.0,191.3913965325157,487.0,0.0,97.4,217.7930210084795,83.00087550413868,0.8459885385472798,1329805.25,3356949.571463046,9593090.0,2.0,9637624.0,3212541.333333333,5525782.199830386,9593116.0,595.0,10638409.0,2659602.25,4645355.394067095,9593144.0,2.0,0,136,168,0.3759949060210132,0.4699936325262666,0.0,487.0,88.3,185.0813935062685,34255.12222222222,1,2,3,8,1.0,98.11111111111111,99.0,97.4,2,198,2,243,64240,127,2,32,44534.0,0.0,44534.0,44534.0,9593090.0,0.0,9593090.0,9593090.0,0,BENIGN,0.99
10700346,4,5,392.0,487.0,386.0,0.0,98.0,192.02083220317527,487.0,0.0,97.4,217.7930210084795,82.14687637203508,0.8410942973245912,1337543.25,3380309.2768686865,9658841.0,54.0,9698762.0,3232920.6666666665,5565127.087289322,9658938.0,796.0,10700233.0,2675058.25,4678852.024824919,9658895.0,92.0,0,136,168,0.3738196876998183,0.4672746096247729,0.0,487.0,87.9,185.27364146640565,34326.322222222225,1,2,3,8,1.0,97.66666666666669,98.0,97.4,2,196,2,243,64240,127,2,32,39921.0,0.0,39921.0,39921.0,9658841.0,0.0,9658841.0,9658841.0,0,BENIGN,0.99
10565044,4,5,401.0,487.0,386.0,0.0,100.25,190.63118842414008,487.0,0.0,97.4,217.7930210084795,84.05076211703425,0.851865832267239,1320630.5,3331980.014794549,9521742.0,24.0,9563845.0,3187948.333333333,5485349.932719365,9521841.0,590.0,10565020.0,2641255.0,4610323.564393502,9521897.0,110.0,0,136,168,0.3786070365632173,0.4732587957040217,0.0,487.0,88.80000000000001,184.85297461015395,34170.62222222222,1,2,3,8,1.0,98.66666666666669,100.25,97.4,2,200,2,243,64240,127,2,32,42103.0,0.0,42103.0,42103.0,9521742.0,0.0,9521742.0,9521742.0,0,BENIGN,0.99
10595489,4,5,397.0,487.0,386.0,0.0,99.25,191.23698212776037,487.0,0.0,97.4,217.7930210084795,83.43173212675696,0.8494180872633627,1324436.125,3347392.943333852,9563736.0,26.0,9594163.0,3198054.333333333,5512955.828794689,9563845.0,535.0,10595463.0,2648865.75,4633338.394276232,9563792.0,75.0,0,136,168,0.3775191498948279,0.4718989373685348,0.0,487.0,88.4,185.034651409465,34237.822222222225,1,2,3,8,1.0,98.22222222222224,99.25,97.4,2,198,2,243,64240,127,2,32,30427.0,0.0,30427.0,30427.0,9563736.0,0.0,9563736.0,9563736.0,0,BENIGN,0.99
10817358,5,5,393.0,487.0,386.0,0.0,78.6,171.86855442459506,487.0,0.0,97.4,217.7930210084795,81.35073277596987,0.924440145181476,1201928.6666666667,3235018.578976596,9783636.0,25.0,10815990.0,2703997.5,4742708.737723658,9783661.0,610.0,10817332.0,2704333.0,4742429.729937317,9783692.0,1974.0,0,168,168,0.4622200725907379,0.4622200725907379,0.0,487.0,80.0,177.71156405816703,31581.4,1,2,3,9,1.0,88.0,78.6,97.4,2,196,2,243,64240,127,2,32,29656.0,0.0,29656.0,29656.0,9783636.0,0.0,9783636.0,9783636.0,0,BENIGN,0.99
10524313,4,5,398.0,487.0,386.0,0.0,99.5,191.08375127153013,487.0,0.0,97.4,217.7930210084795,84.09099957403396,0.8551627075325487,1315539.1250000002,3315157.9449427417,9474825.0,25.0,9522944.0,3174314.6666666665,5456474.33460704,9474850.0,530.0,10524288.0,2631072.0,4585786.237756618,9474897.0,58.0,0,136,168,0.3800723144589105,0.4750903930736382,0.0,487.0,88.50000000000001,184.9884380771464,34220.72222222222,1,2,3,8,1.0,98.33333333333331,99.5,97.4,2,199,2,243,64240,127,2,32,48119.0,0.0,48119.0,48119.0,9474825.0,0.0,9474825.0,9474825.0,0,BENIGN,0.99
10448656,4,5,400.0,487.0,386.0,0.0,100.0,190.78085158981057,487.0,0.0,97.4,217.7930210084795,84.89130085247328,0.861354800081465,1306082.0000000002,3287979.908162805,9397759.0,1.0,9447284.0,3149094.6666666665,5411653.88860793,9397872.0,536.0,10448632.0,2612158.0,4547305.936253025,9398020.0,1.0,0,136,168,0.3828243555917622,0.4785304444897028,0.0,487.0,88.70000000000002,184.89759928734128,34187.12222222223,1,2,3,8,1.0,98.55555555555556,100.0,97.4,2,200,2,243,64240,127,2,32,49525.0,0.0,49525.0,49525.0,9397759.0,0.0,9397759.0,9397759.0,0,BENIGN,0.99
10476820,4,5,400.0,487.0,386.0,0.0,100.0,190.78085158981057,487.0,0.0,97.4,217.7930210084795,84.66309433587672,0.8590392886391099,1309602.5,3306479.298286234,9447075.0,30.0,9475356.0,3158452.0,5446302.136480403,9447282.0,1003.0,10476790.0,2619197.5,4575756.368123745,9447247.0,219.0,0,136,168,0.3817952393951599,0.47724404924395,0.0,487.0,88.70000000000002,184.89759928734128,34187.12222222223,1,2,3,8,1.0,98.55555555555556,100.0,97.4,2,200,2,243,64240,127,2,32,28281.0,0.0,28281.0,28281.0,9447075.0,0.0,9447075.0,9447075.0,0,BENIGN,0.99
10302406,4,5,396.0,487.0,386.0,0.0,99.0,191.3913965325157,487.0,0.0,97.4,217.7930210084795,85.70813458526096,0.8735823457161367,1287800.75,3241668.957600247,9264117.0,25.0,9301699.0,3100566.333333333,5337843.372340962,9264142.0,803.0,10302377.0,2575594.25,4483031.8229821045,9264173.0,74.0,0,136,168,0.3882588203182829,0.4853235253978537,0.0,487.0,88.3,185.0813935062685,34255.12222222222,1,2,3,8,1.0,98.11111111111111,99.0,97.4,2,198,2,243,64240,127,2,32,37582.0,0.0,37582.0,37582.0,9264117.0,0.0,9264117.0,9264117.0,0,BENIGN,0.99
10377986,4,5,399.0,487.0,386.0,0.0,99.75,190.93170681337,487.0,0.0,97.4,217.7930210084795,85.37301938931118,0.8672202872503393,1297248.25,3262119.579257579,9324503.0,33.0,9375698.0,3125232.6666666665,5368814.26012768,9324539.0,734.0,10377953.0,2594488.25,4510427.409251248,9324743.0,103.0,0,136,168,0.3854312387779285,0.4817890484724107,0.0,487.0,88.60000000000001,184.9427539056944,34203.822222222225,1,2,3,8,1.0,98.44444444444444,99.75,97.4,2,199,2,243,64240,127,2,32,51195.0,0.0,51195.0,51195.0,9324503.0,0.0,9324503.0,9324503.0,0,BENIGN,0.99
10401069,4,5,402.0,487.0,386.0,0.0,100.5,190.48272012617485,487.0,0.0,97.4,217.7930210084795,85.47198369706037,0.8652956729736145,1300133.625,3281400.551367877,9374963.0,39.0,9397873.0,3132624.333333333,5406134.319112534,9375082.0,2452.0,10401030.0,2600257.5,4540829.0403165,9375322.0,63.0,0,136,168,0.3845758546549398,0.4807198183186748,0.0,487.0,88.9,184.80888025801744,34154.322222222225,1,2,3,8,1.0,98.77777777777776,100.5,97.4,2,201,2,243,64240,127,2,32,22910.0,0.0,22910.0,22910.0,9374963.0,0.0,9374963.0,9374963.0,0,BENIGN,0.99
10327740,4,5,396.0,487.0,386.0,0.0,99.0,191.3913965325157,487.0,0.0,97.4,217.7930210084795,85.49789208481236,0.8714394436730591,1290967.5,3255343.007965169,9301007.0,38.0,9325081.0,3108360.333333333,5363121.621698443,9301147.0,1081.0,10327702.0,2581925.5,4503843.003249373,9301304.0,200.0,0,136,168,0.3873064194102485,0.4841330242628106,0.0,487.0,88.3,185.0813935062685,34255.12222222222,1,2,3,8,1.0,98.11111111111111,99.0,97.4,2,198,2,243,64240,127,2,32,24074.0,0.0,24074.0,24074.0,9301007.0,0.0,9301007.0,9301007.0,0,BENIGN,0.99
10266950,4,5,397.0,487.0,386.0,0.0,99.25,191.23698212776037,487.0,0.0,97.4,217.7930210084795,86.10151992558647,0.8765991847627582,1283368.75,3229631.279678655,9229555.0,2.0,9264781.0,3088260.333333333,5318569.34792716,9229584.0,639.0,10266924.0,2566731.0,4466182.755307191,9229709.0,2.0,0,136,168,0.3895996376723369,0.4869995470904212,0.0,487.0,88.4,185.034651409465,34237.822222222225,1,2,3,8,1.0,98.22222222222224,99.25,97.4,2,198,2,243,64240,127,2,32,35226.0,0.0,35226.0,35226.0,9229555.0,0.0,9229555.0,9229555.0,0,BENIGN,0.99
10195876,4,5,395.0,487.0,386.0,0.0,98.75,191.5469916234656,487.0,0.0,97.4,217.7930210084795,86.50556362199775,0.8827098328775281,1274484.5,3202382.3024717527,9152954.0,25.0,9194090.0,3064696.6666666665,5272654.914303641,9152994.0,1403.0,10195851.0,2548962.75,4427017.431819635,9153114.0,73.0,0,136,168,0.3923154812789013,0.4903943515986267,0.0,487.0,88.2,185.1286639670427,34272.62222222222,1,2,3,8,1.0,98.0,98.75,97.4,2,197,2,243,64240,127,2,32,41136.0,0.0,41136.0,41136.0,9152954.0,0.0,9152954.0,9152954.0,0,BENIGN,0.99
10233478,4,5,400.0,487.0,386.0,0.0,100.0,190.78085158981057,487.0,0.0,97.4,217.7930210084795,86.67629910378466,0.8794663945141623,1279184.7500000002,3216469.9221479152,9192660.0,1.0,9231503.0,3077167.6666666665,5296226.51246728,9192687.0,1167.0,10233453.0,2558363.25,4447113.338392248,9192714.0,1.0,0,136,168,0.3908739531174054,0.4885924413967568,0.0,487.0,88.70000000000002,184.89759928734128,34187.12222222223,1,2,3,8,1.0,98.55555555555556,100.0,97.4,2,200,2,243,64240,127,2,32,38843.0,0.0,38843.0,38843.0,9192660.0,0.0,9192660.0,9192660.0,0,BENIGN,0.99
10155630,4,5,404.0,487.0,386.0,0.0,101.0,190.1893793038928,487.0,0.0,97.4,217.7930210084795,87.7345866283037,0.8862079457404415,1269453.7500000002,3195311.590734228,9130103.0,26.0,9154059.0,3051353.0,5264449.247616411,9130201.0,478.0,10155604.0,2538901.0,4418866.225851228,9130156.0,75.0,0,136,168,0.3938701981068628,0.4923377476335785,0.0,487.0,89.1,184.7222840434316,34122.322222222225,1,2,3,8,1.0,99.0,101.0,97.4,2,202,2,243,64240,127,2,32,23956.0,0.0,23956.0,23956.0,9130103.0,0.0,9130103.0,9130103.0,0,BENIGN,0.99
10132205,4,5,396.0,487.0,386.0,0.0,99.0,191.3913965325157,487.0,0.0,97.4,217.7930210084795,87.14786169446828,0.8882568009628703,1266525.625,3181848.696239788,9093827.0,26.0,9130638.0,3043546.0,5239823.155831979,9093939.0,882.0,10132179.0,2533044.75,4398394.86564257,9093882.0,87.0,0,136,168,0.3947808004279423,0.4934760005349279,0.0,487.0,88.3,185.0813935062685,34255.12222222222,1,2,3,8,1.0,98.11111111111111,99.0,97.4,2,198,2,243,64240,127,2,32,36811.0,0.0,36811.0,36811.0,9093827.0,0.0,9093827.0,9093827.0,0,BENIGN,0.99
10095564,4,5,396.0,487.0,386.0,0.0,99.0,191.3913965325157,487.0,0.0,97.4,217.7930210084795,87.46415752502783,0.8914806542754818,1261945.5,3162755.931205884,9041883.0,2.0,9093940.0,3031313.333333333,5205494.483009691,9042029.0,545.0,10095536.0,2523884.0,4369748.292456443,9042036.0,2.0,0,136,168,0.3962136241224364,0.4952670301530454,0.0,487.0,88.3,185.0813935062685,34255.12222222222,1,2,3,8,1.0,98.11111111111111,99.0,97.4,2,198,2,243,64240,127,2,32,52057.0,0.0,52057.0,52057.0,9041883.0,0.0,9041883.0,9041883.0,0,BENIGN,0.99
5018472,4,6,226.0,10926.0,226.0,0.0,56.5,113.0,7240.0,0.0,1821.0,3036.707098157476,2222.190340007875,1.992638396707205,557608.0,1133164.030198188,3076033.0,22.0,3077786.0,1025928.6666666666,1775461.5163951972,3076055.0,535.0,5018448.0,1003689.6,1439242.811886792,3116965.0,60.0,0,136,200,0.7970553586828819,1.1955830380243229,0.0,7240.0,1013.818181818182,2339.854090245023,5474917.163636364,2,2,3,9,1.0,1115.2,56.5,1821.0,2,113,3,5463,64240,127,1,32,0.0,0.0,0.0,0.0,0.0,0.0,0.0,0.0,0,BENIGN,0.66
11040091,5,5,399.0,487.0,386.0,0.0,79.8,171.26353961074142,487.0,0.0,97.4,217.7930210084795,80.25296168301512,0.9057896352484776,1226676.7777777778,3309814.493536828,10008418.0,26.0,11036407.0,2759101.75,4855656.7147683455,10008444.0,598.0,11040064.0,2760016.0,4854967.682964807,10008481.0,3954.0,0,168,168,0.4528948176242388,0.4528948176242388,0.0,487.0,80.54545454545456,177.47414664472325,31497.07272727273,1,2,3,9,1.0,88.6,79.8,97.4,2,199,2,243,64240,127,2,32,21313.0,0.0,21313.0,21313.0,10008418.0,0.0,10008418.0,10008418.0,0,BENIGN,0.99
10058058,4,5,396.0,487.0,386.0,0.0,99.0,191.3913965325157,487.0,0.0,97.4,217.7930210084795,87.79030703541379,0.8948049414708087,1257257.25,3156908.420177054,9020929.0,36.0,9042614.0,3014204.6666666665,5202072.758861157,9021030.0,890.0,10058022.0,2514505.5,4363413.192829554,9020983.0,268.0,0,136,168,0.3976910850981372,0.4971138563726715,0.0,487.0,88.3,185.0813935062685,34255.12222222222,1,2,3,8,1.0,98.11111111111111,99.0,97.4,2,198,2,243,64240,127,2,32,21685.0,0.0,21685.0,21685.0,9020929.0,0.0,9020929.0,9020929.0,0,BENIGN,0.99
10064585,4,5,398.0,487.0,386.0,0.0,99.5,191.08375127153013,487.0,0.0,97.4,217.7930210084795,87.93209059290572,0.8942246500973463,1258073.1249999998,3148230.723360592,8997418.0,25.0,9021436.0,3007145.333333333,5187830.465735396,8997522.0,755.0,10064560.0,2516140.0,4348127.919711731,8997472.0,304.0,0,136,168,0.3974331778210428,0.4967914722763035,0.0,487.0,88.50000000000001,184.9884380771464,34220.72222222222,1,2,3,8,1.0,98.33333333333331,99.5,97.4,2,199,2,243,64240,127,2,32,24018.0,0.0,24018.0,24018.0,8997418.0,0.0,8997418.0,8997418.0,0,BENIGN,0.99
10054759,4,5,395.0,487.0,386.0,0.0,98.75,191.5469916234656,487.0,0.0,97.4,217.7930210084795,87.71965593605972,0.8950985299597931,1256844.875,3140998.78801434,8976682.0,25.0,8997523.0,2999174.333333333,5176769.366869296,8976783.0,1040.0,10054734.0,2513683.5,4336927.17522299,8976838.0,114.0,0,136,168,0.3978215688710191,0.4972769610887739,0.0,487.0,88.2,185.1286639670427,34272.62222222222,1,2,3,8,1.0,98.0,98.75,97.4,2,197,2,243,64240,127,2,32,20841.0,0.0,20841.0,20841.0,8976682.0,0.0,8976682.0,8976682.0,0,BENIGN,0.99
10086930,4,5,405.0,487.0,386.0,0.0,101.25,190.04451232978727,487.0,0.0,97.4,217.7930210084795,88.43126699600373,0.8922437252960018,1260866.25,3128406.9778331844,8944015.0,26.0,8977320.0,2992440.0,5154326.894709046,8944115.0,501.0,10086904.0,2521726.0,4312439.163051849,8944070.0,363.0,0,136,168,0.396552766798223,0.4956909584977788,0.0,487.0,89.2,184.6797829276996,34106.62222222223,1,2,3,8,1.0,99.11111111111111,101.25,97.4,2,202,2,243,64240,127,2,32,33305.0,0.0,33305.0,33305.0,8944015.0,0.0,8944015.0,8944015.0,0,BENIGN,0.99
10061569,4,5,396.0,487.0,386.0,0.0,99.0,191.3913965325157,487.0,0.0,97.4,217.7930210084795,87.75967247255373,0.8944926979082487,1257696.125,3119769.5515535595,8918343.0,25.0,8944115.0,2981371.6666666665,5141604.75535317,8918368.0,409.0,10061544.0,2515386.0,4300328.066072247,8918454.0,362.0,0,136,168,0.3975523101814438,0.4969403877268048,0.0,487.0,88.3,185.0813935062685,34255.12222222222,1,2,3,8,1.0,98.11111111111111,99.0,97.4,2,198,2,243,64240,127,2,32,25772.0,0.0,25772.0,25772.0,8918343.0,0.0,8918343.0,8918343.0,0,BENIGN,0.99
10118454,4,5,402.0,487.0,386.0,0.0,100.5,190.48272012617485,487.0,0.0,97.4,217.7930210084795,87.8592717820331,0.8894639438001102,1264806.7499999998,3092543.5272817444,8848875.0,27.0,8919421.0,2973140.333333333,5088677.888824792,8848902.0,456.0,10118427.0,2529606.75,4248530.9443579335,8848929.0,159.0,0,136,168,0.3953173083556045,0.4941466354445056,0.0,487.0,88.9,184.80888025801744,34154.322222222225,1,2,3,8,1.0,98.77777777777776,100.5,97.4,2,201,2,243,64240,127,2,32,70546.0,0.0,70546.0,70546.0,8848875.0,0.0,8848875.0,8848875.0,0,BENIGN,0.99
10070150,4,5,399.0,487.0,386.0,0.0,99.75,190.93170681337,487.0,0.0,97.4,217.7930210084795,87.98280065341629,0.8937304806780435,1258768.7499999998,3085286.959327389,8821614.0,26.0,8850252.0,2950084.0,5085005.349413509,8821722.0,856.0,10070124.0,2517531.0,4240995.661646213,8821669.0,286.0,0,136,168,0.3972135469680193,0.4965169337100242,0.0,487.0,88.60000000000001,184.9427539056944,34203.822222222225,1,2,3,8,1.0,98.44444444444444,99.75,97.4,2,199,2,243,64240,127,2,32,28638.0,0.0,28638.0,28638.0,8821614.0,0.0,8821614.0,8821614.0,0,BENIGN,0.99
10051653,4,5,393.0,487.0,386.0,0.0,98.25,191.86171235206533,487.0,0.0,97.4,217.7930210084795,87.54778940339465,0.8953751188983543,1256456.625,3078223.917387842,8800319.0,30.0,8821723.0,2940574.333333333,5074786.870291829,8800422.0,612.0,10051623.0,2512905.75,4230903.903821056,8800472.0,281.0,0,136,168,0.3979444972881575,0.4974306216101968,0.0,487.0,88.0,185.2247883578821,34308.22222222222,1,2,3,8,1.0,97.77777777777776,98.25,97.4,2,196,2,243,64240,127,2,32,21404.0,0.0,21404.0,21404.0,8800319.0,0.0,8800319.0,8800319.0,0,BENIGN,0.99
10248949,4,5,400.0,487.0,386.0,0.0,100.0,190.78085158981057,487.0,0.0,97.4,217.7930210084795,86.54545944174373,0.878138821844074,1281118.625,2998343.687351732,8597929.0,24.0,8801274.0,2933758.0,4906371.349049621,8597953.0,908.0,10248921.0,2562230.25,4074384.381922205,8597986.0,131.0,0,136,168,0.3902839208195884,0.4878549010244855,0.0,487.0,88.70000000000002,184.89759928734128,34187.12222222223,1,2,3,8,1.0,98.55555555555556,100.0,97.4,2,200,2,243,64240,127,2,32,203345.0,0.0,203345.0,203345.0,8597929.0,0.0,8597929.0,8597929.0,0,BENIGN,0.99
10047785,4,5,391.0,487.0,386.0,0.0,97.75,192.18112116785383,487.0,0.0,97.4,217.7930210084795,87.38244299614294,0.8957198029217386,1255973.125,3000569.085312148,8575708.0,24.0,8598253.0,2866084.333333333,4944710.946179193,8575732.0,821.0,10047758.0,2511939.5,4099069.926566472,8575871.0,89.0,0,136,168,0.3980976901874393,0.4976221127342992,0.0,487.0,87.8,185.3230212958504,34344.62222222223,1,2,3,8,1.0,97.55555555555556,97.75,97.4,2,195,2,243,64240,127,2,32,22545.0,0.0,22545.0,22545.0,8575708.0,0.0,8575708.0,8575708.0,0,BENIGN,0.99
10051121,4,5,391.0,487.0,386.0,0.0,97.75,192.18112116785383,487.0,0.0,97.4,217.7930210084795,87.35344047693785,0.8954225105836453,1256390.125,2992589.1456534723,8552394.0,24.0,8576756.0,2858918.6666666665,4930796.510782546,8552498.0,1174.0,10051097.0,2512774.25,4085017.413196536,8552448.0,106.0,0,136,168,0.3979655602593979,0.4974569503242474,0.0,487.0,87.8,185.3230212958504,34344.62222222223,1,2,3,8,1.0,97.55555555555556,97.75,97.4,2,195,2,243,64240,127,2,32,24362.0,0.0,24362.0,24362.0,8552394.0,0.0,8552394.0,8552394.0,0,BENIGN,0.99
10076663,4,5,397.0,487.0,386.0,0.0,99.25,191.23698212776037,487.0,0.0,97.4,217.7930210084795,87.72745501164424,0.8931528225167399,1259582.875,2979279.386483845,8514812.0,32.0,8552499.0,2850833.0,4905264.473048625,8514906.0,704.0,10076631.0,2519157.75,4059657.4420765582,8514923.0,325.0,0,136,168,0.39695681000744,0.4961960125092999,0.0,487.0,88.4,185.034651409465,34237.822222222225,1,2,3,8,1.0,98.22222222222224,99.25,97.4,2,198,2,243,64240,127,2,32,37687.0,0.0,37687.0,37687.0,8514812.0,0.0,8514812.0,8514812.0,0,BENIGN,0.99
10065304,4,5,397.0,487.0,386.0,0.0,99.25,191.23698212776037,487.0,0.0,97.4,217.7930210084795,87.82645809803658,0.8941607724913228,1258163.0,2970859.836840218,8487854.0,23.0,8515495.0,2838498.333333333,4892530.319184781,8487885.0,552.0,10065281.0,2516320.25,4046371.947722583,8487911.0,90.0,0,136,168,0.3974047877739212,0.4967559847174015,0.0,487.0,88.4,185.034651409465,34237.822222222225,1,2,3,8,1.0,98.22222222222224,99.25,97.4,2,198,2,243,64240,127,2,32,27641.0,0.0,27641.0,27641.0,8487854.0,0.0,8487854.0,8487854.0,0,BENIGN,0.99
10039650,4,5,397.0,487.0,386.0,0.0,99.25,191.23698212776037,487.0,0.0,97.4,217.7930210084795,88.0508782676687,0.8964455932228713,1254956.25,2972470.705189672,8487974.0,1.0,8489462.0,2829820.6666666665,4900425.852311239,8488345.0,1.0,10039626.0,2509906.5,4051774.851555509,8488019.0,81.0,0,136,168,0.3984202636546095,0.4980253295682618,0.0,487.0,88.4,185.034651409465,34237.822222222225,1,2,3,8,1.0,98.22222222222224,99.25,97.4,2,198,2,243,64240,127,2,32,1488.0,0.0,1488.0,1488.0,8487974.0,0.0,8487974.0,8487974.0,0,BENIGN,0.99
10068475,4,5,397.0,487.0,386.0,0.0,99.25,191.23698212776037,487.0,0.0,97.4,217.7930210084795,87.79879773252652,0.8938791624352248,1258559.375,2944076.576221042,8407582.0,21.0,8438325.0,2812775.0,4845284.362529407,8407603.0,1033.0,10068448.0,2517112.0,4000101.647424558,8407636.0,199.0,0,136,168,0.3972796277489888,0.496599534686236,0.0,487.0,88.4,185.034651409465,34237.822222222225,1,2,3,8,1.0,98.22222222222224,99.25,97.4,2,198,2,243,64240,127,2,32,30743.0,0.0,30743.0,30743.0,8407582.0,0.0,8407582.0,8407582.0,0,BENIGN,0.99
10077996,4,5,394.0,487.0,386.0,0.0,98.5,191.7037645257216,487.0,0.0,97.4,217.7930210084795,87.41817321618305,0.8930346866579426,1259749.5000000002,2928216.103046358,8362205.0,19.0,8407924.0,2802641.333333333,4814858.869617295,8362303.0,730.0,10077977.0,2519494.25,3971875.62222068,8362314.0,110.0,0,136,168,0.3969043051813078,0.4961303814766348,0.0,487.0,88.1,185.17646238715716,34290.32222222222,1,2,3,8,1.0,97.88888888888889,98.5,97.4,2,197,2,243,64240,127,2,32,45719.0,0.0,45719.0,45719.0,8362205.0,0.0,8362205.0,8362205.0,0,BENIGN,0.99
10099080,4,5,398.0,487.0,386.0,0.0,99.5,191.08375127153013,487.0,0.0,97.4,217.7930210084795,87.63174467377226,0.891170284818023,1262385.0000000002,2908632.535910205,8303777.0,25.0,8362870.0,2787623.333333333,4777236.02563421,8303802.0,1008.0,10099054.0,2524763.5,3935870.110235643,8303831.0,113.0,0,136,168,0.3960756821413435,0.4950946026766794,0.0,487.0,88.50000000000001,184.9884380771464,34220.72222222222,1,2,3,8,1.0,98.33333333333331,99.5,97.4,2,199,2,243,64240,127,2,32,59093.0,0.0,59093.0,59093.0,8303777.0,0.0,8303777.0,8303777.0,0,BENIGN,0.99
10104380,4,5,403.0,487.0,386.0,0.0,100.75,190.3354494920306,487.0,0.0,97.4,217.7930210084795,88.08061454537537,0.8907028437172789,1263047.5,2892649.9555794857,8251826.0,31.0,8304211.0,2768070.333333333,4749240.117333544,8251940.0,410.0,10104349.0,2526087.25,3907785.8544918057,8251978.0,307.0,0,136,168,0.3958679305410129,0.4948349131762661,0.0,487.0,89.0,184.76531661061884,34138.22222222222,1,2,3,8,1.0,98.88888888888889,100.75,97.4,2,201,2,243,64240,127,2,32,52385.0,0.0,52385.0,52385.0,8251826.0,0.0,8251826.0,8251826.0,0,BENIGN,0.99
10064198,4,5,396.0,487.0,386.0,0.0,99.0,191.3913965325157,487.0,0.0,97.4,217.7930210084795,87.73674762758047,0.8942590358417035,1258024.75,2885820.170000339,8226413.0,25.0,8252356.0,2750785.333333333,4742145.887636138,8226526.0,843.0,10064173.0,2516043.25,3900245.321955135,8226466.0,99.0,0,136,168,0.3974484603740904,0.496810575467613,0.0,487.0,88.3,185.0813935062685,34255.12222222222,1,2,3,8,1.0,98.11111111111111,99.0,97.4,2,198,2,243,64240,127,2,32,25943.0,0.0,25943.0,25943.0,8226413.0,0.0,8226413.0,8226413.0,0,BENIGN,0.99
10048581,4,5,392.0,487.0,386.0,0.0,98.0,192.02083220317527,487.0,0.0,97.4,217.7930210084795,87.475037520223,0.8956488483299283,1256072.625,2879450.422674633,8206206.0,29.0,8226847.0,2742282.333333333,4731994.73676803,8206308.0,687.0,10048552.0,2512138.0,3890927.821021014,8206260.0,93.0,0,136,168,0.3980661548133015,0.4975826935166269,0.0,487.0,87.9,185.27364146640565,34326.322222222225,1,2,3,8,1.0,97.66666666666669,98.0,97.4,2,196,2,243,64240,127,2,32,20641.0,0.0,20641.0,20641.0,8206206.0,0.0,8206206.0,8206206.0,0,BENIGN,0.99
10099859,4,5,392.0,487.0,386.0,0.0,98.0,192.02083220317527,487.0,0.0,97.4,217.7930210084795,87.03091795637938,0.8911015490414271,1262482.3749999998,2854060.9270907277,8135263.0,26.0,8206792.0,2735597.333333333,4676465.364627898,8135363.0,695.0,10099833.0,2524958.25,3841435.117233955,8135317.0,123.0,0,136,168,0.396045132907301,0.4950564161341262,0.0,487.0,87.9,185.27364146640565,34326.322222222225,1,2,3,8,1.0,97.66666666666669,98.0,97.4,2,196,2,243,64240,127,2,32,71529.0,0.0,71529.0,71529.0,8135263.0,0.0,8135263.0,8135263.0,0,BENIGN,0.99
10056627,4,5,396.0,487.0,386.0,0.0,99.0,191.3913965325157,487.0,0.0,97.4,217.7930210084795,87.80279908959534,0.8949322670513682,1257078.3750000002,2850920.966261,8114530.0,27.0,8135364.0,2711788.0,4679009.327619256,8114632.0,1102.0,10056600.0,2514150.0,3840786.949437923,8114682.0,112.0,0,136,168,0.3977476742450525,0.4971845928063156,0.0,487.0,88.3,185.0813935062685,34255.12222222222,1,2,3,8,1.0,98.11111111111111,99.0,97.4,2,198,2,243,64240,127,2,32,20834.0,0.0,20834.0,20834.0,8114530.0,0.0,8114530.0,8114530.0,0,BENIGN,0.99
10074904,4,5,396.0,487.0,386.0,0.0,99.0,191.3913965325157,487.0,0.0,97.4,217.7930210084795,87.64351501513066,0.8933087600636195,1259363.0,2838214.14541428,8076834.0,27.0,8115095.0,2705031.6666666665,4652177.467365291,8076861.0,613.0,10074877.0,2518719.25,3816693.119842304,8076896.0,279.0,0,136,168,0.3970261155838309,0.4962826444797886,0.0,487.0,88.3,185.0813935062685,34255.12222222222,1,2,3,8,1.0,98.11111111111111,99.0,97.4,2,198,2,243,64240,127,2,32,38261.0,0.0,38261.0,38261.0,8076834.0,0.0,8076834.0,8076834.0,0,BENIGN,0.99
10082682,4,5,405.0,487.0,386.0,0.0,101.25,190.04451232978727,487.0,0.0,97.4,217.7930210084795,88.4685245453541,0.8926196422737521,1260335.25,2831672.5124575985,8050815.0,27.0,8077237.0,2692412.333333333,4640552.422656201,8050842.0,933.0,10082652.0,2520663.0,3804519.5720972,8050932.0,366.0,0,136,168,0.3967198410105565,0.4958998012631956,0.0,487.0,89.2,184.6797829276996,34106.62222222223,1,2,3,8,1.0,99.11111111111111,101.25,97.4,2,202,2,243,64240,127,2,32,26422.0,0.0,26422.0,26422.0,8050815.0,0.0,8050815.0,8050815.0,0,BENIGN,0.99
10077876,5,5,406.0,487.0,386.0,0.0,81.2,170.60832336084894,487.0,0.0,97.4,217.7930210084795,88.60994122174156,0.9922725780710142,1119764.0,2676634.6503215567,8031036.0,10.0,10077764.0,2519441.0,3795340.2033128296,8031149.0,621.0,10077846.0,2519461.5,3795140.370284126,8031046.0,722.0,0,168,168,0.4961362890355071,0.4961362890355071,0.0,487.0,81.18181818181819,177.22009941415683,31406.963636363635,1,2,3,9,1.0,89.3,81.2,97.4,2,203,2,243,64240,127,2,32,20797.0,0.0,20797.0,20797.0,8031036.0,0.0,8031036.0,8031036.0,0,BENIGN,0.99
106567,6,5,226.0,10926.0,226.0,0.0,37.66666666666667,92.26411364483305,7240.0,0.0,2185.2,3245.3312927958527,104647.7802696895,103.22144754004523,10656.7,32783.731870310985,103958.0,0.0,105780.0,21156.0,46599.06625137461,104514.0,0.0,106550.0,26637.500000000004,51549.12633271942,103958.0,229.0,0,200,168,56.30260774911558,46.91883979092965,0.0,7240.0,929.3333333333334,2250.0777090957763,5062849.696969697,2,2,3,10,0.0,1013.818181818182,37.66666666666666,2185.2,0,0,0,0,64240,127,1,32,0.0,0.0,0.0,0.0,0.0,0.0,0.0,0.0,0,BENIGN,0.77
10069590,4,5,402.0,487.0,386.0,0.0,100.5,190.48272012617485,487.0,0.0,97.4,217.7930210084795,88.28562036786006,0.8937801837016205,1258698.75,2819675.843935902,8011090.0,28.0,8031904.0,2677301.333333333,4619288.169334139,8011184.0,615.0,10069562.0,2517390.5,3785078.43919088,8011144.0,326.0,0,136,168,0.3972356372007202,0.4965445465009002,0.0,487.0,88.9,184.80888025801744,34154.322222222225,1,2,3,8,1.0,98.77777777777776,100.5,97.4,2,201,2,243,64240,127,2,32,20814.0,0.0,20814.0,20814.0,8011090.0,0.0,8011090.0,8011090.0,0,BENIGN,0.99
10075535,4,5,405.0,487.0,386.0,0.0,101.25,190.04451232978727,487.0,0.0,97.4,217.7930210084795,88.5312789841929,0.8932528148629328,1259441.875,2813759.1308513363,7990634.0,17.0,8011492.0,2670497.333333333,4607484.940725942,7990751.0,718.0,10075518.0,2518879.5,3774126.7424252816,7990687.0,110.0,0,136,168,0.3970012510501923,0.4962515638127404,0.0,487.0,89.2,184.6797829276996,34106.62222222223,1,2,3,8,1.0,99.11111111111111,101.25,97.4,2,202,2,243,64240,127,2,32,20858.0,0.0,20858.0,20858.0,7990634.0,0.0,7990634.0,7990634.0,0,BENIGN,0.99
10063332,4,5,399.0,487.0,386.0,0.0,99.75,190.93170681337,487.0,0.0,97.4,217.7930210084795,88.0424098101901,0.8943359912998994,1257916.5,2806760.5313767483,7969339.0,24.0,7991068.0,2663689.333333333,4594920.531517421,7969434.0,825.0,10063308.0,2515827.0,3763309.906044501,7969392.0,167.0,0,136,168,0.3974826627999553,0.4968533284999441,0.0,487.0,88.60000000000001,184.9427539056944,34203.822222222225,1,2,3,8,1.0,98.44444444444444,99.75,97.4,2,199,2,243,64240,127,2,32,21729.0,0.0,21729.0,21729.0,7969339.0,0.0,7969339.0,7969339.0,0,BENIGN,0.99
10083131,4,5,402.0,487.0,386.0,0.0,100.5,190.48272012617485,487.0,0.0,97.4,217.7930210084795,88.16705842659388,0.8925798940825027,1260391.375,2796437.09675554,7936315.0,18.0,7970132.0,2656710.6666666665,4572319.178246454,7936338.0,957.0,10083113.0,2520778.25,3743124.063769672,7936381.0,366.0,0,136,168,0.396702175147779,0.4958777189347237,0.0,487.0,88.9,184.80888025801744,34154.322222222225,1,2,3,8,1.0,98.77777777777776,100.5,97.4,2,201,2,243,64240,127,2,32,33817.0,0.0,33817.0,33817.0,7936315.0,0.0,7936315.0,7936315.0,0,BENIGN,0.99
10094411,4,5,392.0,487.0,386.0,0.0,98.0,192.02083220317527,487.0,0.0,97.4,217.7930210084795,87.07788894270305,0.8915824806420108,1261801.375,2779975.8087934065,7885422.0,26.0,7937262.0,2645754.0,4537848.12341742,7885528.0,531.0,10094385.0,2523596.25,3713126.267731849,7885486.0,120.0,0,136,168,0.3962588802853381,0.4953236003566726,0.0,487.0,87.9,185.27364146640565,34326.322222222225,1,2,3,8,1.0,97.66666666666669,98.0,97.4,2,196,2,243,64240,127,2,32,51840.0,0.0,51840.0,51840.0,7885422.0,0.0,7885422.0,7885422.0,0,BENIGN,0.99
10079611,4,5,398.0,487.0,386.0,0.0,99.5,191.08375127153013,487.0,0.0,97.4,217.7930210084795,87.80100739998795,0.8928916006778437,1259951.375,2769257.9418326872,7846546.0,24.0,7885906.0,2628635.333333333,4519022.469999273,7846707.0,622.0,10079587.0,2519896.75,3696066.311672395,7846599.0,122.0,0,136,168,0.3968407114123749,0.4960508892654687,0.0,487.0,88.50000000000001,184.9884380771464,34220.72222222222,1,2,3,8,1.0,98.33333333333331,99.5,97.4,2,199,2,243,64240,127,2,32,39360.0,0.0,39360.0,39360.0,7846546.0,0.0,7846546.0,7846546.0,0,BENIGN,0.99
10070439,4,5,391.0,487.0,386.0,0.0,97.75,192.18112116785383,487.0,0.0,97.4,217.7930210084795,87.18587144016263,0.8937048325301409,1258804.875,2759875.227885205,7813534.0,53.0,7847023.0,2615674.333333333,4501607.060944607,7813650.0,785.0,10070380.0,2517595.0,3680708.335936531,7813587.0,140.0,0,136,168,0.3972021477911737,0.4965026847389672,0.0,487.0,87.8,185.3230212958504,34344.62222222223,1,2,3,8,1.0,97.55555555555556,97.75,97.4,2,195,2,243,64240,127,2,32,33489.0,0.0,33489.0,33489.0,7813534.0,0.0,7813534.0,7813534.0,0,BENIGN,0.99
10064177,4,5,398.0,487.0,386.0,0.0,99.5,191.08375127153013,487.0,0.0,97.4,217.7930210084795,87.93565534469435,0.894260901810451,1258022.125,2754950.7595558343,7792859.0,30.0,7814510.0,2604836.6666666665,4493074.982284664,7792980.0,797.0,10064147.0,2516036.75,3672797.1585433697,7792911.0,137.0,0,136,168,0.3974492896935337,0.4968116121169172,0.0,487.0,88.50000000000001,184.9884380771464,34220.72222222222,1,2,3,8,1.0,98.33333333333331,99.5,97.4,2,199,2,243,64240,127,2,32,21651.0,0.0,21651.0,21651.0,7792859.0,0.0,7792859.0,7792859.0,0,BENIGN,0.99
10093343,4,5,398.0,487.0,386.0,0.0,99.5,191.08375127153013,487.0,0.0,97.4,217.7930210084795,87.68155406984583,0.8916768210492796,1261667.875,2738658.5930212745,7742383.0,34.0,7793325.0,2597775.0,4455534.5714500975,7742504.0,693.0,10093309.0,2523327.25,3640895.712221776,7742435.0,141.0,0,136,168,0.3963008093552354,0.4953760116940442,0.0,487.0,88.50000000000001,184.9884380771464,34220.72222222222,1,2,3,8,1.0,98.33333333333331,99.5,97.4,2,199,2,243,64240,127,2,32,50942.0,0.0,50942.0,50942.0,7742383.0,0.0,7742383.0,7742383.0,0,BENIGN,0.99
10059663,4,5,394.0,487.0,386.0,0.0,98.5,191.7037645257216,487.0,0.0,97.4,217.7930210084795,87.5774864426373,0.8946621770530484,1257457.875,2725617.0619063987,7690416.0,2.0,7712359.0,2570786.333333333,4433846.669126295,7690538.0,740.0,10059621.0,2514905.25,3621895.327764951,7690469.0,2.0,0,136,168,0.3976276342457993,0.497034542807249,0.0,487.0,88.1,185.17646238715716,34290.32222222222,1,2,3,8,1.0,97.88888888888889,98.5,97.4,2,197,2,243,64240,127,2,32,21943.0,0.0,21943.0,21943.0,7690416.0,0.0,7690416.0,7690416.0,0,BENIGN,0.99
10090872,4,5,398.0,487.0,386.0,0.0,99.5,191.08375127153013,487.0,0.0,97.4,217.7930210084795,87.70302507057865,0.8918951702092743,1261359.0,2732193.539740917,7711641.0,30.0,7742818.0,2580939.333333333,4443446.148988905,7711760.0,591.0,10090842.0,2522710.5,3629828.6883224025,7711694.0,226.0,0,136,168,0.3963978534263441,0.4954973167829302,0.0,487.0,88.50000000000001,184.9884380771464,34220.72222222222,1,2,3,8,1.0,98.33333333333331,99.5,97.4,2,199,2,243,64240,127,2,32,31177.0,0.0,31177.0,31177.0,7711641.0,0.0,7711641.0,7711641.0,0,BENIGN,0.99
10074304,4,5,397.0,487.0,386.0,0.0,99.25,191.23698212776037,487.0,0.0,97.4,217.7930210084795,87.74799728100324,0.8933619632681324,1259288.0,2717161.1259048083,7660707.0,21.0,7690866.0,2563622.0,4414253.554281063,7660736.0,709.0,10074283.0,2518570.75,3605332.254570848,7660760.0,130.0,0,136,168,0.3970497614525033,0.4963122018156292,0.0,487.0,88.4,185.034651409465,34237.822222222225,1,2,3,8,1.0,98.22222222222224,99.25,97.4,2,198,2,243,64240,127,2,32,30159.0,0.0,30159.0,30159.0,7660707.0,0.0,7660707.0,7660707.0,0,BENIGN,0.99
10070218,4,5,400.0,487.0,386.0,0.0,100.0,190.78085158981057,487.0,0.0,97.4,217.7930210084795,88.08150925829014,0.893724445687273,1258777.2499999998,2711305.67017668,7637698.0,31.0,7661786.0,2553928.6666666665,4402814.373995948,7637844.0,654.0,10070187.0,2517546.75,3595570.7859193813,7637836.0,92.0,0,136,168,0.3972108647498991,0.4965135809373739,0.0,487.0,88.70000000000002,184.89759928734128,34187.12222222223,1,2,3,8,1.0,98.55555555555556,100.0,97.4,2,200,2,243,64240,127,2,32,24088.0,0.0,24088.0,24088.0,7637698.0,0.0,7637698.0,7637698.0,0,BENIGN,0.99
10098102,4,5,395.0,487.0,386.0,0.0,98.75,191.5469916234656,487.0,0.0,97.4,217.7930210084795,87.3431462664964,0.8912565945560859,1262262.75,2691314.070252552,7575942.0,30.0,7638260.0,2546086.6666666665,4356115.176276028,7575972.0,655.0,10098071.0,2524517.75,3557003.7789860326,7575998.0,119.0,0,136,168,0.396114042024927,0.4951425525311588,0.0,487.0,88.2,185.1286639670427,34272.62222222222,1,2,3,8,1.0,98.0,98.75,97.4,2,197,2,243,64240,127,2,32,62318.0,0.0,62318.0,62318.0,7575942.0,0.0,7575942.0,7575942.0,0,BENIGN,0.99
10062846,4,5,395.0,487.0,386.0,0.0,98.75,191.5469916234656,487.0,0.0,97.4,217.7930210084795,87.64916008850776,0.8943791845766098,1257855.75,2686167.9523866465,7548958.0,23.0,7576897.0,2525632.333333333,4350444.0256454665,7549070.0,924.0,10062823.0,2515705.75,3552153.796543197,7549113.0,114.0,0,136,168,0.3975018598118265,0.4968773247647832,0.0,487.0,88.2,185.1286639670427,34272.62222222222,1,2,3,8,1.0,98.0,98.75,97.4,2,197,2,243,64240,127,2,32,27939.0,0.0,27939.0,27939.0,7548958.0,0.0,7548958.0,7548958.0,0,BENIGN,0.99
10088825,4,5,400.0,487.0,386.0,0.0,100.0,190.78085158981057,487.0,0.0,97.4,217.7930210084795,87.91905895879847,0.8920761337420363,1261103.125,2674587.87925165,7506599.0,25.0,7549492.0,2516497.333333333,4321625.197377641,7506624.0,910.0,10088799.0,2522199.75,3528560.9436603067,7506674.0,321.0,0,136,168,0.3964782816631272,0.4955978520789091,0.0,487.0,88.70000000000002,184.89759928734128,34187.12222222223,1,2,3,8,1.0,98.55555555555556,100.0,97.4,2,200,2,243,64240,127,2,32,42893.0,0.0,42893.0,42893.0,7506599.0,0.0,7506599.0,7506599.0,0,BENIGN,0.99
10060271,4,5,396.0,487.0,386.0,0.0,99.0,191.3913965325157,487.0,0.0,97.4,217.7930210084795,87.77099543342321,0.8946081074754348,1257533.8750000002,2669967.926242156,7485653.0,27.0,7507298.0,2502432.6666666665,4315692.525062036,7485752.0,859.0,10060244.0,2515061.0,3523774.1349843447,7485707.0,116.0,0,136,168,0.3976036033224154,0.4970045041530193,0.0,487.0,88.3,185.0813935062685,34255.12222222222,1,2,3,8,1.0,98.11111111111111,99.0,97.4,2,198,2,243,64240,127,2,32,21645.0,0.0,21645.0,21645.0,7485653.0,0.0,7485653.0,7485653.0,0,BENIGN,0.99
10063917,4,5,398.0,487.0,386.0,0.0,99.5,191.08375127153013,487.0,0.0,97.4,217.7930210084795,87.93792715102877,0.8942840049257162,1257989.625,2664521.641642049,7464221.0,25.0,7486358.0,2495452.6666666665,4303195.973308947,7464341.0,658.0,10063892.0,2515973.0,3513705.318832339,7464274.0,108.0,0,136,168,0.3974595577447628,0.4968244471809535,0.0,487.0,88.50000000000001,184.9884380771464,34220.72222222222,1,2,3,8,1.0,98.33333333333331,99.5,97.4,2,199,2,243,64240,127,2,32,22137.0,0.0,22137.0,22137.0,7464221.0,0.0,7464221.0,7464221.0,0,BENIGN,0.99
10046776,4,5,390.0,487.0,386.0,0.0,97.5,192.34257632325367,487.0,0.0,97.4,217.7930210084795,87.29168441697118,0.8958097602653827,1255847.0,2657843.9982292303,7443072.0,31.0,7464656.0,2488218.6666666665,4291126.244229401,7443173.0,1516.0,10046745.0,2511686.25,3503937.6829477027,7443125.0,123.0,0,136,168,0.3981376712290589,0.4976720890363237,0.0,487.0,87.70000000000002,185.37292742529107,34363.12222222223,1,2,3,8,1.0,97.44444444444444,97.5,97.4,2,195,2,243,64240,127,2,32,21584.0,0.0,21584.0,21584.0,7443072.0,0.0,7443072.0,7443072.0,0,BENIGN,0.99
10056278,4,5,391.0,487.0,386.0,0.0,97.75,192.18112116785383,487.0,0.0,97.4,217.7930210084795,87.30864441098386,0.8949633253973288,1257034.75,2653413.837682141,7423071.0,25.0,7444052.0,2481350.6666666665,4279770.638536641,7423191.0,566.0,10056253.0,2514063.25,3494954.1368805184,7423126.0,97.0,0,136,168,0.3977614779543684,0.4972018474429605,0.0,487.0,87.8,185.3230212958504,34344.62222222223,1,2,3,8,1.0,97.55555555555556,97.75,97.4,2,195,2,243,64240,127,2,32,20981.0,0.0,20981.0,20981.0,7423071.0,0.0,7423071.0,7423071.0,0,BENIGN,0.99
10060283,4,5,397.0,487.0,386.0,0.0,99.25,191.23698212776037,487.0,0.0,97.4,217.7930210084795,87.87029152162022,0.8946070403784864,1257535.375,2648177.502979195,7401960.0,30.0,7423499.0,2474499.6666666665,4267423.270525943,7402082.0,677.0,10060253.0,2515063.25,3485193.1760354764,7402013.0,137.0,0,136,168,0.397603129057105,0.4970039113213813,0.0,487.0,88.4,185.034651409465,34237.822222222225,1,2,3,8,1.0,98.22222222222224,99.25,97.4,2,198,2,243,64240,127,2,32,21539.0,0.0,21539.0,21539.0,7401960.0,0.0,7401960.0,7401960.0,0,BENIGN,0.99
10071622,4,5,402.0,487.0,386.0,0.0,100.5,190.48272012617485,487.0,0.0,97.4,217.7930210084795,88.2678083033696,0.8935998590892311,1258952.75,2643542.5733411894,7380799.0,39.0,7402653.0,2467551.0,4255114.764639257,7380920.0,597.0,10071583.0,2517895.75,3475611.280160885,7380858.0,338.0,0,136,168,0.3971554929285472,0.496444366160684,0.0,487.0,88.9,184.80888025801744,34154.322222222225,1,2,3,8,1.0,98.77777777777776,100.5,97.4,2,201,2,243,64240,127,2,32,21854.0,0.0,21854.0,21854.0,7380799.0,0.0,7380799.0,7380799.0,0,BENIGN,0.99
10070154,4,5,401.0,487.0,386.0,0.0,100.25,190.63118842414008,487.0,0.0,97.4,217.7930210084795,88.18137240006459,0.8937301256763303,1258769.25,2638355.4600387365,7360142.0,31.0,7380921.0,2460307.0,4243499.777378691,7360266.0,751.0,10070123.0,2517530.75,3466648.343103117,7360300.0,144.0,0,136,168,0.3972133891894801,0.4965167364868501,0.0,487.0,88.80000000000001,184.85297461015395,34170.62222222222,1,2,3,8,1.0,98.66666666666669,100.25,97.4,2,200,2,243,64240,127,2,32,20779.0,0.0,20779.0,20779.0,7360142.0,0.0,7360142.0,7360142.0,0,BENIGN,0.99
10063785,4,5,399.0,487.0,386.0,0.0,99.75,190.93170681337,487.0,0.0,97.4,217.7930210084795,88.03844676729481,0.8942957346564936,1257973.125,2632807.6630627317,7340001.0,32.0,7360715.0,2453571.6666666665,4231886.0770834,7340120.0,612.0,10063753.0,2515938.25,3457491.580257608,7340055.0,112.0,0,136,168,0.3974647709584416,0.496830963698052,0.0,487.0,88.60000000000001,184.9427539056944,34203.822222222225,1,2,3,8,1.0,98.44444444444444,99.75,97.4,2,199,2,243,64240,127,2,32,20714.0,0.0,20714.0,20714.0,7340001.0,0.0,7340001.0,7340001.0,0,BENIGN,0.99
10063888,4,5,398.0,487.0,386.0,0.0,99.5,191.08375127153013,487.0,0.0,97.4,217.7930210084795,87.93818055208881,0.8942865818856489,1257986.0,2627231.6259624204,7318479.0,30.0,7340460.0,2446820.0,4219101.139584236,7318604.0,685.0,10063858.0,2515964.5,3447574.6459721024,7318543.0,118.0,0,136,168,0.3974607030602884,0.4968258788253605,0.0,487.0,88.50000000000001,184.9884380771464,34220.72222222222,1,2,3,8,1.0,98.33333333333331,99.5,97.4,2,199,2,243,64240,127,2,32,21981.0,0.0,21981.0,21981.0,7318479.0,0.0,7318479.0,7318479.0,0,BENIGN,0.99
10067233,4,5,400.0,487.0,386.0,0.0,100.0,190.78085158981057,487.0,0.0,97.4,217.7930210084795,88.10762599812679,0.8939894407927184,1258404.125,2622793.529703311,7298732.0,26.0,7319288.0,2439762.6666666665,4208088.9953555325,7298833.0,761.0,10067207.0,2516801.75,3439267.57535054,7298790.0,144.0,0,136,168,0.3973286403523192,0.496660800440399,0.0,487.0,88.70000000000002,184.89759928734128,34187.12222222223,1,2,3,8,1.0,98.55555555555556,100.0,97.4,2,200,2,243,64240,127,2,32,20556.0,0.0,20556.0,20556.0,7298732.0,0.0,7298732.0,7298732.0,0,BENIGN,0.99
10068223,4,5,400.0,487.0,386.0,0.0,100.0,190.78085158981057,487.0,0.0,97.4,217.7930210084795,88.09896244848768,0.89390153555399,1258527.875,2617415.7662837943,7277441.0,27.0,7299341.0,2433113.6666666665,4195434.007606046,7277569.0,595.0,10068196.0,2517049.0,3429582.90459321,7277512.0,129.0,0,136,168,0.3972895713573289,0.4966119641966611,0.0,487.0,88.70000000000002,184.89759928734128,34187.12222222223,1,2,3,8,1.0,98.55555555555556,100.0,97.4,2,200,2,243,64240,127,2,32,21900.0,0.0,21900.0,21900.0,7277441.0,0.0,7277441.0,7277441.0,0,BENIGN,0.99
10054201,5,5,394.0,487.0,386.0,0.0,78.8,171.76495568072085,487.0,0.0,97.4,217.7930210084795,87.62506339389873,0.9946091191134928,1117133.4444444445,2478349.2785523143,7257001.0,32.0,10053890.0,2513472.5,3420704.2746857945,7257100.0,959.0,10054169.0,2513542.25,3420532.523330383,7257143.0,671.0,0,168,168,0.4973045595567464,0.4973045595567464,0.0,487.0,80.0909090909091,177.67073734605512,31566.890909090907,1,2,3,9,1.0,88.1,78.8,97.4,2,197,2,243,64240,127,2,32,20570.0,0.0,20570.0,20570.0,7257001.0,0.0,7257001.0,7257001.0,0,BENIGN,0.99
10059935,4,5,396.0,487.0,386.0,0.0,99.0,191.3913965325157,487.0,0.0,97.4,217.7930210084795,87.77392696871303,0.8946379872235756,1257491.875,2606183.460270288,7234865.0,26.0,7257573.0,2419191.0,4170611.0647322414,7234982.0,598.0,10059909.0,2514977.25,3410613.599367849,7234978.0,129.0,0,136,168,0.397616883210478,0.4970211040130975,0.0,487.0,88.3,185.0813935062685,34255.12222222222,1,2,3,8,1.0,98.11111111111111,99.0,97.4,2,198,2,243,64240,127,2,32,22708.0,0.0,22708.0,22708.0,7234865.0,0.0,7234865.0,7234865.0,0,BENIGN,0.99
10067378,4,5,401.0,487.0,386.0,0.0,100.25,190.63118842414008,487.0,0.0,97.4,217.7930210084795,88.20568771729839,0.8939765647023485,1258422.25,2602134.8078558086,7214290.0,34.0,7234984.0,2411661.333333333,4159308.1231457633,7214404.0,739.0,10067344.0,2516836.0,3402564.4927800167,7214526.0,131.0,0,136,168,0.3973229176454882,0.4966536470568603,0.0,487.0,88.80000000000001,184.85297461015395,34170.62222222222,1,2,3,8,1.0,98.66666666666669,100.25,97.4,2,200,2,243,64240,127,2,32,20694.0,0.0,20694.0,20694.0,7214290.0,0.0,7214290.0,7214290.0,0,BENIGN,0.99
10057395,5,5,396.0,487.0,386.0,0.0,79.2,171.5610678446599,487.0,0.0,97.4,217.7930210084795,87.79609431666948,0.9942932538694164,1117488.3333333333,2464543.742881327,7194259.0,26.0,10057267.0,2514316.75,3393664.0003038384,7194358.0,742.0,10057369.0,2514342.25,3393325.3288221937,7194313.0,1089.0,0,168,168,0.4971466269347082,0.4971466269347082,0.0,487.0,80.27272727272727,177.59059147887925,31538.418181818182,1,2,3,9,1.0,88.3,79.2,97.4,2,198,2,243,64240,127,2,32,20678.0,0.0,20678.0,20678.0,7194259.0,0.0,7194259.0,7194259.0,0,BENIGN,0.99
10072580,4,5,404.0,487.0,386.0,0.0,101.0,190.1893793038928,487.0,0.0,97.4,217.7930210084795,88.45797203894136,0.8935148690802157,1259072.5000000002,2592489.406733613,7172690.0,13.0,7194709.0,2398236.333333333,4134907.329532953,7172801.0,571.0,10072555.0,2518138.75,3384535.4846502817,7172703.0,154.0,0,136,168,0.397117719591207,0.4963971494890087,0.0,487.0,89.1,184.7222840434316,34122.322222222225,1,2,3,8,1.0,99.0,101.0,97.4,2,202,2,243,64240,127,2,32,22019.0,0.0,22019.0,22019.0,7172690.0,0.0,7172690.0,7172690.0,0,BENIGN,0.99
10050736,4,5,392.0,487.0,386.0,0.0,98.0,192.02083220317527,487.0,0.0,97.4,217.7930210084795,87.4562818086158,0.8954568103271242,1256342.0,2585430.103244443,7150932.0,2.0,7172803.0,2390934.333333333,4122420.491175341,7151081.0,688.0,10050710.0,2512677.5,3374674.047668851,7151011.0,2.0,0,136,168,0.397980804589833,0.4974760057372912,0.0,487.0,87.9,185.27364146640565,34326.322222222225,1,2,3,8,1.0,97.66666666666669,98.0,97.4,2,196,2,243,64240,127,2,32,21871.0,0.0,21871.0,21871.0,7150932.0,0.0,7150932.0,7150932.0,0,BENIGN,0.99
10045903,4,5,391.0,487.0,386.0,0.0,97.75,192.18112116785383,487.0,0.0,97.4,217.7930210084795,87.39881322764117,0.8958876071170507,1255737.875,2580536.989029799,7131212.0,13.0,7151718.0,2383906.0,4111396.798957381,7131325.0,539.0,10045854.0,2511463.5,3366483.465199208,7131225.0,275.0,0,136,168,0.3981722698298003,0.4977153372872503,0.0,487.0,87.8,185.3230212958504,34344.62222222223,1,2,3,8,1.0,97.55555555555556,97.75,97.4,2,195,2,243,64240,127,2,32,20506.0,0.0,20506.0,20506.0,7131212.0,0.0,7131212.0,7131212.0,0,BENIGN,0.99
10054673,4,5,394.0,487.0,386.0,0.0,98.5,191.7037645257216,487.0,0.0,97.4,217.7930210084795,87.6209499801734,0.895106185949558,1256834.125,2576485.866490105,7110724.0,34.0,7131799.0,2377266.333333333,4099422.730309029,7110858.0,512.0,10054639.0,2513659.75,3358168.0541768973,7110779.0,115.0,0,136,168,0.3978249715331369,0.4972812144164211,0.0,487.0,88.1,185.17646238715716,34290.32222222222,1,2,3,8,1.0,97.88888888888889,98.5,97.4,2,197,2,243,64240,127,2,32,21075.0,0.0,21075.0,21075.0,7110724.0,0.0,7110724.0,7110724.0,0,BENIGN,0.99
10073473,5,5,400.0,487.0,386.0,0.0,80.0,171.1665855241612,487.0,0.0,97.4,217.7930210084795,88.05304784159347,0.992706289082226,1119274.777777778,2441457.845243636,7084305.0,33.0,10073358.0,2518339.5,3346553.3539682785,7084444.0,1013.0,10073440.0,2518360.0,3346331.181613977,7084416.0,630.0,0,168,168,0.496353144541113,0.496353144541113,0.0,487.0,80.63636363636365,177.43633941629474,31483.65454545455,1,2,3,9,1.0,88.7,80.0,97.4,2,200,2,243,64240,127,2,32,26554.0,0.0,26554.0,26554.0,7084305.0,0.0,7084305.0,7084305.0,0,BENIGN,0.99
10061656,4,5,395.0,487.0,386.0,0.0,98.75,191.5469916234656,487.0,0.0,97.4,217.7930210084795,87.65952642388092,0.8944849635089891,1257707.0,2564587.2972622984,7059322.0,56.0,7084961.0,2361653.6666666665,4068413.050308969,7059432.0,773.0,10061486.0,2515371.5,3336006.701510905,7059378.0,109.0,0,136,168,0.3975488726706618,0.4969360908383272,0.0,487.0,88.2,185.1286639670427,34272.62222222222,1,2,3,8,1.0,98.0,98.75,97.4,2,197,2,243,64240,127,2,32,25639.0,0.0,25639.0,25639.0,7059322.0,0.0,7059322.0,7059322.0,0,BENIGN,0.99
10056384,5,5,393.0,487.0,386.0,0.0,78.6,171.86855442459506,487.0,0.0,97.4,217.7930210084795,87.50660277093635,0.994393213306095,1117376.0000000002,2431184.983272458,7038795.0,39.0,10056251.0,2514062.75,3328966.232947737,7038948.0,660.0,10056345.0,2514086.25,3328750.5092760534,7038950.0,628.0,0,168,168,0.4971966066530475,0.4971966066530475,0.0,487.0,80.0,177.71156405816703,31581.4,1,2,3,9,1.0,88.0,78.6,97.4,2,196,2,243,64240,127,2,32,20639.0,0.0,20639.0,20639.0,7038795.0,0.0,7038795.0,7038795.0,0,BENIGN,0.99
10067161,5,5,396.0,487.0,386.0,0.0,79.2,171.5610678446599,487.0,0.0,97.4,217.7930210084795,87.71092465889836,0.9933287050837868,1118573.4444444445,2425728.2913951385,7012315.0,10.0,10067012.0,2516753.0,3316927.8943559607,7012555.0,761.0,10067074.0,2516768.5,3316514.9831512896,7012325.0,920.0,0,168,168,0.4966643525418933,0.4966643525418933,0.0,487.0,80.27272727272727,177.59059147887925,31538.418181818182,1,2,3,9,1.0,88.3,79.2,97.4,2,198,2,243,64240,127,2,32,27223.0,0.0,27223.0,27223.0,7012315.0,0.0,7012315.0,7012315.0,0,BENIGN,0.99
10066509,4,5,397.0,487.0,386.0,0.0,99.25,191.23698212776037,487.0,0.0,97.4,217.7930210084795,87.81594493185274,0.8940537379939759,1258313.625,2548950.404758226,6987541.0,46.0,7013366.0,2337788.6666666665,4026983.8968152497,6987728.0,676.0,10066463.0,2516615.75,3307277.476043538,6987596.0,137.0,0,136,168,0.3973572168862115,0.4966965211077643,0.0,487.0,88.4,185.034651409465,34237.822222222225,1,2,3,8,1.0,98.22222222222224,99.25,97.4,2,198,2,243,64240,127,2,32,25825.0,0.0,25825.0,25825.0,6987541.0,0.0,6987541.0,6987541.0,0,BENIGN,0.99
10059989,4,5,396.0,487.0,386.0,0.0,99.0,191.3913965325157,487.0,0.0,97.4,217.7930210084795,87.77345581590596,0.894633184986584,1257498.625,2544163.927982008,6965795.0,33.0,6987730.0,2329243.333333333,4015486.653571686,6965913.0,717.0,10059956.0,2514989.0,3299583.0873273467,6965980.0,93.0,0,136,168,0.3976147488829262,0.4970184361036577,0.0,487.0,88.3,185.0813935062685,34255.12222222222,1,2,3,8,1.0,98.11111111111111,99.0,97.4,2,198,2,243,64240,127,2,32,21935.0,0.0,21935.0,21935.0,6965795.0,0.0,6965795.0,6965795.0,0,BENIGN,0.99
10080070,5,5,399.0,487.0,386.0,0.0,79.8,171.26353961074142,487.0,0.0,97.4,217.7930210084795,87.89621500644341,0.9920566027815284,1120007.7777777778,2409008.1563709355,6929967.0,11.0,10079961.0,2519990.25,3282301.0811292506,6930109.0,591.0,10080038.0,2520009.5,3282008.0470324364,6929978.0,679.0,0,168,168,0.4960283013907642,0.4960283013907642,0.0,487.0,80.54545454545456,177.47414664472325,31497.07272727273,1,2,3,9,1.0,88.6,79.8,97.4,2,199,2,243,64240,127,2,32,36440.0,0.0,36440.0,36440.0,6929967.0,0.0,6929967.0,6929967.0,0,BENIGN,0.99
10080307,4,5,398.0,487.0,386.0,0.0,99.5,191.08375127153013,487.0,0.0,97.4,217.7930210084795,87.7949451341115,0.8928299505163881,1260038.375,2528025.899130835,6893088.0,40.0,6930111.0,2310037.0,3969164.067573045,6893186.0,509.0,10080267.0,2520066.75,3267853.0386234093,6893198.0,167.0,0,136,168,0.3968133113406169,0.4960166391757711,0.0,487.0,88.50000000000001,184.9884380771464,34220.72222222222,1,2,3,8,1.0,98.33333333333331,99.5,97.4,2,199,2,243,64240,127,2,32,37023.0,0.0,37023.0,37023.0,6893088.0,0.0,6893088.0,6893088.0,0,BENIGN,0.99
10093492,4,5,395.0,487.0,386.0,0.0,98.75,191.5469916234656,487.0,0.0,97.4,217.7930210084795,87.38303849648864,0.891663658127435,1261686.5,2515253.216911172,6839576.0,24.0,6893651.0,2297883.6666666665,3933419.967988332,6839703.0,507.0,10093468.0,2523367.0,3243022.95901576,6839630.0,153.0,0,136,168,0.3962949591677489,0.4953686989596861,0.0,487.0,88.2,185.1286639670427,34272.62222222222,1,2,3,8,1.0,98.0,98.75,97.4,2,197,2,243,64240,127,2,32,54075.0,0.0,54075.0,54075.0,6839576.0,0.0,6839576.0,6839576.0,0,BENIGN,0.99
10070846,4,5,393.0,487.0,386.0,0.0,98.25,191.86171235206533,487.0,0.0,97.4,217.7930210084795,87.38094098549418,0.8936687146243723,1258855.75,2507896.184301766,6802029.0,24.0,6840030.0,2280010.0,3916246.906790097,6802053.0,681.0,10070819.0,2517704.75,3232644.3293138384,6802082.0,352.0,0,136,168,0.3971860953886099,0.4964826192357623,0.0,487.0,88.0,185.2247883578821,34308.22222222222,1,2,3,8,1.0,97.77777777777776,98.25,97.4,2,196,2,243,64240,127,2,32,38001.0,0.0,38001.0,38001.0,6802029.0,0.0,6802029.0,6802029.0,0,BENIGN,0.99
10089581,4,5,398.0,487.0,386.0,0.0,99.5,191.08375127153013,487.0,0.0,97.4,217.7930210084795,87.71424700391422,0.8920092915652295,1261197.625,2498727.2042114297,6754857.0,27.0,6803025.0,2267675.0,3886175.3359245127,6754961.0,431.0,10089554.0,2522388.5,3213587.590989288,6754912.0,157.0,0,136,168,0.3964485740289908,0.4955607175362386,0.0,487.0,88.50000000000001,184.9884380771464,34220.72222222222,1,2,3,8,1.0,98.33333333333331,99.5,97.4,2,199,2,243,64240,127,2,32,48168.0,0.0,48168.0,48168.0,6754857.0,0.0,6754857.0,6754857.0,0,BENIGN,0.99
10077445,5,5,405.0,487.0,386.0,0.0,81.0,170.69856472741648,487.0,0.0,97.4,217.7930210084795,88.51449945894024,0.9923150163558322,1119716.111111111,2373887.8664376945,6732907.0,27.0,10077270.0,2519317.5,3213708.38365571,6733009.0,508.0,10077418.0,2519354.5,3213492.30132686,6733021.0,604.0,0,168,168,0.4961575081779161,0.4961575081779161,0.0,487.0,81.0909090909091,177.25487555802496,31419.290909090912,1,2,3,9,1.0,89.2,81.0,97.4,2,202,2,243,64240,127,2,32,22054.0,0.0,22054.0,22054.0,6732907.0,0.0,6732907.0,6732907.0,0,BENIGN,0.99
10085251,4,5,391.0,487.0,386.0,0.0,97.75,192.18112116785383,487.0,0.0,97.4,217.7930210084795,87.05782335015758,0.8923922666872645,1260656.375,2481530.0444250656,6677197.0,18.0,6733492.0,2244497.333333333,3839060.537520909,6677348.0,467.0,10085233.0,2521308.25,3182912.4906593934,6677252.0,299.0,0,136,168,0.3966187851943397,0.4957734814929247,0.0,487.0,87.8,185.3230212958504,34344.62222222223,1,2,3,8,1.0,97.55555555555556,97.75,97.4,2,195,2,243,64240,127,2,32,56295.0,0.0,56295.0,56295.0,6677197.0,0.0,6677197.0,6677197.0,0,BENIGN,0.99
10092084,4,5,398.0,487.0,386.0,0.0,99.5,191.08375127153013,487.0,0.0,97.4,217.7930210084795,87.6924924525004,0.891788058838987,1261510.5,2474495.8424546085,6628260.0,36.0,6677350.0,2225783.333333333,3812832.7238860526,6628377.0,609.0,10092048.0,2523012.0,3169275.82810164,6628414.0,344.0,0,136,168,0.3963502483728831,0.4954378104661039,0.0,487.0,88.50000000000001,184.9884380771464,34220.72222222222,1,2,3,8,1.0,98.33333333333331,99.5,97.4,2,199,2,243,64240,127,2,32,49090.0,0.0,49090.0,49090.0,6628260.0,0.0,6628260.0,6628260.0,0,BENIGN,0.99
10131365,5,5,397.0,487.0,386.0,0.0,79.4,171.46078268805377,487.0,0.0,97.4,217.7930210084795,87.25379058004523,0.9870338300910094,1125707.2222222222,2344936.7816248685,6567343.0,29.0,10131041.0,2532760.25,3148587.528829541,6567451.0,531.0,10131336.0,2532834.0,3148257.9145531687,6567398.0,856.0,0,168,168,0.4935169150455047,0.4935169150455047,0.0,487.0,80.36363636363637,177.55127300431994,31524.454545454548,1,2,3,9,1.0,88.4,79.4,97.4,2,198,2,243,64240,127,2,32,61529.0,0.0,61529.0,61529.0,6567343.0,0.0,6567343.0,6567343.0,0,BENIGN,0.99
10085906,4,5,403.0,487.0,386.0,0.0,100.75,190.3354494920306,487.0,0.0,97.4,217.7930210084795,88.24194871536578,0.8923343128520135,1260738.25,2464755.55561878,6546971.0,27.0,6567451.0,2189150.333333333,3774101.379295651,6547093.0,535.0,10085879.0,2521469.75,3152333.3577657863,6547124.0,120.0,0,136,168,0.3965930279342282,0.4957412849177853,0.0,487.0,89.0,184.76531661061884,34138.22222222222,1,2,3,8,1.0,98.88888888888889,100.75,97.4,2,201,2,243,64240,127,2,32,20480.0,0.0,20480.0,20480.0,6546971.0,0.0,6546971.0,6546971.0,0,BENIGN,0.99
10098513,4,5,396.0,487.0,386.0,0.0,99.0,191.3913965325157,487.0,0.0,97.4,217.7930210084795,87.43861596256795,0.891220321249277,1262314.125,2447724.7754214783,6486520.0,35.0,6547498.0,2182499.333333333,3727653.817390013,6486686.0,643.0,10098478.0,2524619.5,3119447.295318141,6486565.0,135.0,0,136,168,0.3960979205552342,0.4951224006940427,0.0,487.0,88.3,185.0813935062685,34255.12222222222,1,2,3,8,1.0,98.11111111111111,99.0,97.4,2,198,2,243,64240,127,2,32,60978.0,0.0,60978.0,60978.0,6486520.0,0.0,6486520.0,6486520.0,0,BENIGN,0.99
10116026,4,5,405.0,487.0,386.0,0.0,101.25,190.04451232978727,487.0,0.0,97.4,217.7930210084795,88.17691848557922,0.8896774286661581,1264503.25,2441251.350132419,6429557.0,10.0,6487175.0,2162391.6666666665,3695684.6067959215,6429680.0,955.0,10115950.0,2528987.5,3105201.863694801,6429567.0,163.0,0,136,168,0.3954121905182924,0.4942652381478656,0.0,487.0,89.2,184.6797829276996,34106.62222222223,1,2,3,8,1.0,99.11111111111111,101.25,97.4,2,202,2,243,64240,127,2,32,57618.0,0.0,57618.0,57618.0,6429557.0,0.0,6429557.0,6429557.0,0,BENIGN,0.99
10059054,4,5,395.0,487.0,386.0,0.0,98.75,191.5469916234656,487.0,0.0,97.4,217.7930210084795,87.68220152710185,0.8947163421132842,1257381.75,2437656.0266558616,6408751.0,27.0,6429682.0,2143227.333333333,3694155.1866528746,6408855.0,514.0,10059027.0,2514756.75,3106374.095226284,6408862.0,110.0,0,136,168,0.3976517076059041,0.4970646345073801,0.0,487.0,88.2,185.1286639670427,34272.62222222222,1,2,3,8,1.0,98.0,98.75,97.4,2,197,2,243,64240,127,2,32,20931.0,0.0,20931.0,20931.0,6408751.0,0.0,6408751.0,6408751.0,0,BENIGN,0.99
10071189,4,5,397.0,487.0,386.0,0.0,99.25,191.23698212776037,487.0,0.0,97.4,217.7930210084795,87.77513757313064,0.8936382784594749,1258898.625,2432511.1932905256,6379038.0,23.0,6409480.0,2136493.333333333,3674297.567524483,6379173.0,506.0,10071166.0,2517791.5,3095265.77602705,6379092.0,321.0,0,136,168,0.397172568204211,0.4964657102552637,0.0,487.0,88.4,185.034651409465,34237.822222222225,1,2,3,8,1.0,98.22222222222224,99.25,97.4,2,198,2,243,64240,127,2,32,30442.0,0.0,30442.0,30442.0,6379038.0,0.0,6379038.0,6379038.0,0,BENIGN,0.99
10084964,4,5,401.0,487.0,386.0,0.0,100.25,190.63118842414008,487.0,0.0,97.4,217.7930210084795,88.05187604041026,0.8924176625717256,1260620.5,2427594.032478483,6343238.0,35.0,6379657.0,2126552.333333333,3651908.1810536166,6343366.0,963.0,10084929.0,2521232.25,3084376.702231897,6343294.0,135.0,0,136,168,0.3966300722541003,0.4957875903176253,0.0,487.0,88.80000000000001,184.85297461015395,34170.62222222222,1,2,3,8,1.0,98.66666666666669,100.25,97.4,2,200,2,243,64240,127,2,32,36419.0,0.0,36419.0,36419.0,6343238.0,0.0,6343238.0,6343238.0,0,BENIGN,0.99
10086199,4,5,396.0,487.0,386.0,0.0,99.0,191.3913965325157,487.0,0.0,97.4,217.7930210084795,87.54536768509128,0.8923083909012701,1260774.875,2417812.710708966,6295110.0,27.0,6343367.0,2114455.666666667,3620721.07813904,6295216.0,551.0,10086172.0,2521543.0,3066292.5267589847,6295265.0,154.0,0,136,168,0.3965815070672311,0.4957268838340389,0.0,487.0,88.3,185.0813935062685,34255.12222222222,1,2,3,8,1.0,98.11111111111111,99.0,97.4,2,198,2,243,64240,127,2,32,48257.0,0.0,48257.0,48257.0,6295110.0,0.0,6295110.0,6295110.0,0,BENIGN,0.99
10063503,4,5,397.0,487.0,386.0,0.0,99.25,191.23698212776037,487.0,0.0,97.4,217.7930210084795,87.84217583082153,0.8943207946576852,1257937.875,2416944.475517646,6273334.0,29.0,6295634.0,2098544.666666667,3615576.110079877,6273436.0,981.0,10063474.0,2515868.5,3067732.657013917,6273388.0,132.0,0,136,168,0.397475908736749,0.4968448859209362,0.0,487.0,88.4,185.034651409465,34237.822222222225,1,2,3,8,1.0,98.22222222222224,99.25,97.4,2,198,2,243,64240,127,2,32,22300.0,0.0,22300.0,22300.0,6273334.0,0.0,6273334.0,6273334.0,0,BENIGN,0.99
10065778,4,5,398.0,487.0,386.0,0.0,99.5,191.08375127153013,487.0,0.0,97.4,217.7930210084795,87.92166884666044,0.8941186662372248,1258222.25,2414068.56346943,6251434.0,27.0,6273436.0,2091145.3333333333,3603031.4835066777,6251550.0,425.0,10065751.0,2516437.75,3062169.66765085,6251545.0,373.0,0,136,168,0.397386073883211,0.4967325923540138,0.0,487.0,88.50000000000001,184.9884380771464,34220.72222222222,1,2,3,8,1.0,98.33333333333331,99.5,97.4,2,199,2,243,64240,127,2,32,22002.0,0.0,22002.0,22002.0,6251434.0,0.0,6251434.0,6251434.0,0,BENIGN,0.99
10139534,4,5,403.0,487.0,386.0,0.0,100.75,190.3354494920306,487.0,0.0,97.4,217.7930210084795,87.77523700793351,0.8876147562600017,1267441.75,2398824.676114996,6165594.0,24.0,6252043.0,2084014.3333333333,3535029.776290765,6165618.0,561.0,10139509.0,2534877.25,3023902.091427165,6165795.0,149.0,0,136,168,0.3944954472266674,0.4931193090333343,0.0,487.0,89.0,184.76531661061884,34138.22222222222,1,2,3,8,1.0,98.88888888888889,100.75,97.4,2,201,2,243,64240,127,2,32,86449.0,0.0,86449.0,86449.0,6165594.0,0.0,6165594.0,6165594.0,0,BENIGN,0.99
10112858,4,5,401.0,487.0,386.0,0.0,100.25,190.63118842414008,487.0,0.0,97.4,217.7930210084795,87.80900512990493,0.8899561330733607,1264107.25,2391502.8729411825,6102860.0,25.0,6166755.0,2055585.0,3505201.3478686213,6102885.0,975.0,10112831.0,2528207.75,3013999.871951045,6102947.0,147.0,0,136,168,0.3955360591437158,0.4944200739296449,0.0,487.0,88.80000000000001,184.85297461015395,34170.62222222222,1,2,3,8,1.0,98.66666666666669,100.25,97.4,2,200,2,243,64240,127,2,32,63895.0,0.0,63895.0,63895.0,6102860.0,0.0,6102860.0,6102860.0,0,BENIGN,0.99
10074366,4,5,393.0,487.0,386.0,0.0,98.25,191.86171235206533,487.0,0.0,97.4,217.7930210084795,87.35040994142958,0.8933564653100752,1259295.75,2384174.234857832,6058906.0,23.0,6103822.0,2034607.3333333333,3485528.4802876497,6059271.0,583.0,10074343.0,2518585.75,3005786.933632231,6058961.0,56.0,0,136,168,0.3970473179155889,0.4963091473944861,0.0,487.0,88.0,185.2247883578821,34308.22222222222,1,2,3,8,1.0,97.77777777777776,98.25,97.4,2,196,2,243,64240,127,2,32,44916.0,0.0,44916.0,44916.0,6058906.0,0.0,6058906.0,6058906.0,0,BENIGN,0.99
10031578,4,5,392.0,487.0,386.0,0.0,98.0,192.02083220317527,487.0,0.0,97.4,217.7930210084795,87.62330313336547,0.8971669262801925,1253947.25,2387238.4590631523,6058827.0,25.0,6060890.0,2020296.6666666667,3497854.3930450184,6059271.0,484.0,10031553.0,2507888.25,3017536.14550794,6059088.0,284.0,0,136,168,0.39874085612453,0.4984260701556625,0.0,487.0,87.9,185.27364146640565,34326.322222222225,1,2,3,8,1.0,97.66666666666669,98.0,97.4,2,196,2,243,64240,127,2,32,2063.0,0.0,2063.0,2063.0,6058827.0,0.0,6058827.0,6058827.0,0,BENIGN,0.98
10072318,5,5,402.0,487.0,386.0,0.0,80.4,170.97602171064807,487.0,0.0,97.4,217.7930210084795,88.26170897304871,0.992820123431369,1119146.4444444445,2269362.291047813,6016651.0,24.0,10072286.0,2518071.5,3006323.2366713886,6016675.0,759.0,10072293.0,2518073.25,3006124.300672698,6016705.0,467.0,0,168,168,0.4964100617156845,0.4964100617156845,0.0,487.0,80.81818181818183,177.3622384735929,31457.36363636364,1,2,3,9,1.0,88.9,80.4,97.4,2,201,2,243,64240,127,2,32,21298.0,0.0,21298.0,21298.0,6016651.0,0.0,6016651.0,6016651.0,0,BENIGN,0.99
10052122,4,5,390.0,487.0,386.0,0.0,97.5,192.34257632325367,487.0,0.0,97.4,217.7930210084795,87.24526025450149,0.8953333435467655,1256515.25,2377538.6903826613,5993500.0,24.0,6017338.0,2005779.3333333333,3453508.356913348,5993525.0,359.0,10052098.0,2513024.5,2996607.6268773773,5993554.0,268.0,0,136,168,0.3979259304652291,0.4974074130815364,0.0,487.0,87.70000000000002,185.37292742529107,34363.12222222223,1,2,3,8,1.0,97.44444444444444,97.5,97.4,2,195,2,243,64240,127,2,32,23838.0,0.0,23838.0,23838.0,5993500.0,0.0,5993500.0,5993500.0,0,BENIGN,0.99
10053485,4,5,392.0,487.0,386.0,0.0,98.0,192.02083220317527,487.0,0.0,97.4,217.7930210084795,87.43236797985972,0.8952119588381541,1256685.625,2375696.5853374423,5972142.0,26.0,5994367.0,1998122.3333333333,3441711.769689079,5972252.0,1060.0,10053459.0,2513364.75,2993002.857292252,5972188.0,170.0,0,136,168,0.3978719817058462,0.4973399771323078,0.0,487.0,87.9,185.27364146640565,34326.322222222225,1,2,3,8,1.0,97.66666666666669,98.0,97.4,2,196,2,243,64240,127,2,32,22225.0,0.0,22225.0,22225.0,5972142.0,0.0,5972142.0,5972142.0,0,BENIGN,0.99
10065446,4,5,395.0,487.0,386.0,0.0,98.75,191.5469916234656,487.0,0.0,97.4,217.7930210084795,87.62651948060721,0.8941481579653798,1258180.75,2373253.676978732,5944706.0,26.0,5972253.0,1990751.0,3424272.4203036185,5944733.0,1057.0,10065420.0,2516355.0,2986868.5398380025,5944856.0,336.0,0,136,168,0.3973991813179466,0.4967489766474332,0.0,487.0,88.2,185.1286639670427,34272.62222222222,1,2,3,8,1.0,98.0,98.75,97.4,2,197,2,243,64240,127,2,32,27547.0,0.0,27547.0,27547.0,5944706.0,0.0,5944706.0,5944706.0,0,BENIGN,0.99
10065336,4,5,391.0,487.0,386.0,0.0,97.75,192.18112116785383,487.0,0.0,97.4,217.7930210084795,87.23007359118463,0.8941579297501842,1258167.0,2367388.111040097,5909692.0,33.0,5945673.0,1981891.0,3401648.830397988,5909725.0,515.0,10065298.0,2516324.5,2975941.8205439323,5909747.0,161.0,0,136,168,0.3974035243334152,0.4967544054167689,0.0,487.0,87.8,185.3230212958504,34344.62222222223,1,2,3,8,1.0,97.55555555555556,97.75,97.4,2,195,2,243,64240,127,2,32,35981.0,0.0,35981.0,35981.0,5909692.0,0.0,5909692.0,5909692.0,0,BENIGN,0.99
10032280,4,5,392.0,487.0,386.0,0.0,98.0,192.02083220317527,487.0,0.0,97.4,217.7930210084795,87.61717176952796,0.8971041478108666,1254035.0,2370071.3932266138,5909607.0,12.0,5911565.0,1970521.6666666667,3411360.9607856413,5909622.0,805.0,10032249.0,2508062.25,2985528.3051454923,5909619.0,261.0,0,136,168,0.3987129545826073,0.4983911932282592,0.0,487.0,87.9,185.27364146640565,34326.322222222225,1,2,3,8,1.0,97.66666666666669,98.0,97.4,2,196,2,243,64240,127,2,32,1958.0,0.0,1958.0,1958.0,5909607.0,0.0,5909607.0,5909607.0,0,BENIGN,0.98
10065134,4,5,398.0,487.0,386.0,0.0,99.5,191.08375127153013,487.0,0.0,97.4,217.7930210084795,87.92729436090964,0.8941758748567082,1258141.75,2361353.6704725563,5816694.0,30.0,5838631.0,1946210.3333333333,3351978.6240118435,5816724.0,772.0,10065102.0,2516275.5,2964807.125153057,5816821.0,157.0,0,136,168,0.3974114999363148,0.4967643749203935,0.0,487.0,88.50000000000001,184.9884380771464,34220.72222222222,1,2,3,8,1.0,98.33333333333331,99.5,97.4,2,199,2,243,64240,127,2,32,21937.0,0.0,21937.0,21937.0,5816694.0,0.0,5816694.0,5816694.0,0,BENIGN,0.99
10047998,4,5,400.0,487.0,386.0,0.0,100.0,190.78085158981057,487.0,0.0,97.4,217.7930210084795,88.27629145626821,0.8957008152270731,1255999.75,2363540.9791413606,5816532.0,18.0,5817864.0,1939288.0,3357807.3914921028,5816550.0,531.0,10047972.0,2511993.0,2971238.2392649027,5816587.0,124.0,0,136,168,0.3980892512120325,0.4976115640150406,0.0,487.0,88.70000000000002,184.89759928734128,34187.12222222223,1,2,3,8,1.0,98.55555555555556,100.0,97.4,2,200,2,243,64240,127,2,32,1332.0,0.0,1332.0,1332.0,5816532.0,0.0,5816532.0,5816532.0,0,BENIGN,0.98
10034554,5,5,394.0,487.0,386.0,0.0,78.8,171.76495568072085,487.0,0.0,97.4,217.7930210084795,87.79662753322171,0.9965564986744802,1114950.4444444445,2245235.7019785866,5787911.0,1.0,10034445.0,2508611.25,2963723.2061491366,5787971.0,1.0,10034527.0,2508631.75,2963417.1748353145,5788063.0,675.0,0,168,168,0.4982782493372401,0.4982782493372401,0.0,487.0,80.0909090909091,177.67073734605512,31566.890909090907,1,2,3,9,1.0,88.1,78.8,97.4,2,197,2,243,64240,127,2,32,1198.0,0.0,1198.0,1198.0,5787911.0,0.0,5787911.0,5787911.0,0,BENIGN,0.98
10066142,4,5,397.0,487.0,386.0,0.0,99.25,191.23698212776037,487.0,0.0,97.4,217.7930210084795,87.81914660055462,0.8940863341685424,1258267.75,2353130.7163793365,5735982.0,25.0,5761575.0,1920525.0,3304326.293099397,5736007.0,739.0,10066117.0,2516529.25,2949416.9844581573,5736187.0,368.0,0,136,168,0.3973717040749078,0.4967146300936347,0.0,487.0,88.4,185.034651409465,34237.822222222225,1,2,3,8,1.0,98.22222222222224,99.25,97.4,2,198,2,243,64240,127,2,32,25593.0,0.0,25593.0,25593.0,5735982.0,0.0,5735982.0,5735982.0,0,BENIGN,0.99
10065574,5,5,399.0,487.0,386.0,0.0,79.8,171.26353961074142,487.0,0.0,97.4,217.7930210084795,88.02279929589709,0.9934853193667844,1118397.111111111,2239216.476178914,5712767.0,25.0,10065457.0,2516364.25,2946520.1594689484,5712798.0,859.0,10065549.0,2516387.25,2946289.122585378,5712820.0,516.0,0,168,168,0.4967426596833921,0.4967426596833921,0.0,487.0,80.54545454545456,177.47414664472325,31497.07272727273,1,2,3,9,1.0,88.6,79.8,97.4,2,199,2,243,64240,127,2,32,23983.0,0.0,23983.0,23983.0,5712767.0,0.0,5712767.0,5712767.0,0,BENIGN,0.99
10071689,4,5,397.0,487.0,386.0,0.0,99.25,191.23698212776037,487.0,0.0,97.4,217.7930210084795,87.77078005486469,0.8935939145857265,1258961.125,2350994.980838565,5690124.0,24.0,5713494.0,1904498.0,3278490.2448396883,5690150.0,381.0,10071665.0,2517916.25,2944550.3271053545,5690178.0,152.0,0,136,168,0.3971528509269895,0.4964410636587369,0.0,487.0,88.4,185.034651409465,34237.822222222225,1,2,3,8,1.0,98.22222222222224,99.25,97.4,2,198,2,243,64240,127,2,32,23370.0,0.0,23370.0,23370.0,5690124.0,0.0,5690124.0,5690124.0,0,BENIGN,0.99
10109820,5,5,404.0,487.0,386.0,0.0,80.8,170.7899294455033,487.0,0.0,97.4,217.7930210084795,88.13213291631305,0.9891372942347144,1123313.3333333333,2234117.264550588,5636098.0,11.0,10109698.0,2527424.5,2929204.439427481,5636131.0,505.0,10109794.0,2527448.5,2928875.299364872,5636109.0,689.0,0,168,168,0.4945686471173572,0.4945686471173572,0.0,487.0,81.0,177.2901576512357,31431.8,1,2,3,9,1.0,89.1,80.8,97.4,2,202,2,243,64240,127,2,32,55086.0,0.0,55086.0,55086.0,5636098.0,0.0,5636098.0,5636098.0,0,BENIGN,0.99
10070020,4,5,391.0,487.0,386.0,0.0,97.75,192.18112116785383,487.0,0.0,97.4,217.7930210084795,87.18949912711197,0.8937420183872525,1258752.5,2338686.9711426296,5595625.0,24.0,5637043.0,1879014.3333333333,3218760.8393226936,5595649.0,913.0,10069844.0,2517461.0,2921912.227799573,5595735.0,125.0,0,136,168,0.3972186748387789,0.4965233435484736,0.0,487.0,87.8,185.3230212958504,34344.62222222223,1,2,3,8,1.0,97.55555555555556,97.75,97.4,2,195,2,243,64240,127,2,32,41418.0,0.0,41418.0,41418.0,5595625.0,0.0,5595625.0,5595625.0,0,BENIGN,0.99
10098289,4,5,397.0,487.0,386.0,0.0,99.25,191.23698212776037,487.0,0.0,97.4,217.7930210084795,87.53958220050941,0.8912400902766796,1262286.125,2336371.3740154803,5539914.0,24.0,5596569.0,1865523.0,3182351.845954969,5540046.0,444.0,10098265.0,2524566.25,2913433.9396151723,5539970.0,158.0,0,136,168,0.3961067067896354,0.4951333834870442,0.0,487.0,88.4,185.034651409465,34237.822222222225,1,2,3,8,1.0,98.22222222222224,99.25,97.4,2,198,2,243,64240,127,2,32,56655.0,0.0,56655.0,56655.0,5539914.0,0.0,5539914.0,5539914.0,0,BENIGN,0.99
10070443,5,5,392.0,487.0,386.0,0.0,78.4,171.9732537344107,487.0,0.0,97.4,217.7930210084795,87.28513730726642,0.9930049750542256,1118938.111111111,2222860.8847317933,5502713.0,25.0,10070273.0,2517568.25,2912725.1921942304,5502749.0,1128.0,10070418.0,2517604.5,2912426.820401445,5502972.0,686.0,0,168,168,0.4965024875271128,0.4965024875271128,0.0,487.0,79.90909090909092,177.75289282903643,31596.09090909091,1,2,3,9,1.0,87.9,78.4,97.4,2,196,2,243,64240,127,2,32,37334.0,0.0,37334.0,37334.0,5502713.0,0.0,5502713.0,5502713.0,0,BENIGN,0.99
10088709,4,5,394.0,487.0,386.0,0.0,98.5,191.7037645257216,487.0,0.0,97.4,217.7930210084795,87.3253455917898,0.8920863908355371,1261088.625,2330607.047027076,5451907.0,27.0,5503851.0,1834617.0,3132839.338061082,5452011.0,2946.0,10088682.0,2522170.5,2904042.0347874328,5451962.0,136.0,0,136,168,0.3964828403713498,0.4956035504641872,0.0,487.0,88.1,185.17646238715716,34290.32222222222,1,2,3,8,1.0,97.88888888888889,98.5,97.4,2,197,2,243,64240,127,2,32,51944.0,0.0,51944.0,51944.0,5451907.0,0.0,5451907.0,5451907.0,0,BENIGN,0.99
10065415,5,5,396.0,487.0,386.0,0.0,79.2,171.5610678446599,487.0,0.0,97.4,217.7930210084795,87.72613945873071,0.993501013122658,1118379.4444444445,2221078.0361100053,5426724.0,12.0,10065322.0,2516330.5,2909815.21542961,5426829.0,1003.0,10065385.0,2516346.25,2909446.9356863885,5426736.0,640.0,0,168,168,0.4967505065613291,0.4967505065613291,0.0,487.0,80.27272727272727,177.59059147887925,31538.418181818182,1,2,3,9,1.0,88.3,79.2,97.4,2,198,2,243,64240,127,2,32,25826.0,0.0,25826.0,25826.0,5426724.0,0.0,5426724.0,5426724.0,0,BENIGN,0.99
10058899,5,5,395.0,487.0,386.0,0.0,79.0,171.6624594953713,487.0,0.0,97.4,217.7930210084795,87.6835526432863,0.9941445877923616,1117655.4444444445,2220171.3336241143,5406224.0,24.0,10058761.0,2514690.25,2909115.17058737,5406324.0,578.0,10058875.0,2514718.75,2908702.080995047,5406334.0,759.0,0,168,168,0.4970722938961808,0.4970722938961808,0.0,487.0,80.18181818181819,177.63041303888147,31552.56363636364,1,2,3,9,1.0,88.2,79.0,97.4,2,197,2,243,64240,127,2,32,20606.0,0.0,20606.0,20606.0,5406224.0,0.0,5406224.0,5406224.0,0,BENIGN,0.99
10079811,4,5,401.0,487.0,386.0,0.0,100.25,190.63118842414008,487.0,0.0,97.4,217.7930210084795,88.09688991192395,0.8928738842424725,1259976.375,2331924.3955271263,5378526.0,24.0,5406687.0,1802229.0,3097212.421742009,5378550.0,997.0,10079787.0,2519946.75,2907779.378348866,5378581.0,153.0,0,136,168,0.3968328374410989,0.4960410468013735,0.0,487.0,88.80000000000001,184.85297461015395,34170.62222222222,1,2,3,8,1.0,98.66666666666669,100.25,97.4,2,200,2,243,64240,127,2,32,28161.0,0.0,28161.0,28161.0,5378526.0,0.0,5378526.0,5378526.0,0,BENIGN,0.99
10063442,4,5,395.0,487.0,386.0,0.0,98.75,191.5469916234656,487.0,0.0,97.4,217.7930210084795,87.64396913103886,0.8943262156228455,1257930.25,2328185.8734541275,5353592.0,26.0,5379074.0,1793024.6666666667,3083668.785407462,5353711.0,524.0,10063416.0,2515854.0,2903206.6871109954,5353744.0,127.0,0,136,168,0.397478318054598,0.4968478975682475,0.0,487.0,88.2,185.1286639670427,34272.62222222222,1,2,3,8,1.0,98.0,98.75,97.4,2,197,2,243,64240,127,2,32,25482.0,0.0,25482.0,25482.0,5353592.0,0.0,5353592.0,5353592.0,0,BENIGN,0.99
10072061,4,5,394.0,487.0,386.0,0.0,98.5,191.7037645257216,487.0,0.0,97.4,217.7930210084795,87.46968470504696,0.8935609107212517,1259007.625,2326490.587371886,5321005.0,30.0,5354383.0,1784794.3333333333,3062858.361105902,5321432.0,764.0,10072031.0,2518007.75,2898730.106260599,5321059.0,148.0,0,136,168,0.3971381825427785,0.4964227281784731,0.0,487.0,88.1,185.17646238715716,34290.32222222222,1,2,3,8,1.0,97.88888888888889,98.5,97.4,2,197,2,243,64240,127,2,32,33378.0,0.0,33378.0,33378.0,5321005.0,0.0,5321005.0,5321005.0,0,BENIGN,0.99
10087896,4,5,403.0,487.0,386.0,0.0,100.75,190.3354494920306,487.0,0.0,97.4,217.7930210084795,88.2245415694214,0.8921582855334749,1260987.0,2329346.253796546,5290306.0,55.0,5321846.0,1773948.6666666667,3045391.400676493,5290422.0,871.0,10087566.0,2521891.5,2901870.5834747925,5290361.0,136.0,0,136,168,0.3965147935704333,0.4956434919630416,0.0,487.0,89.0,184.76531661061884,34138.22222222222,1,2,3,8,1.0,98.88888888888889,100.75,97.4,2,201,2,243,64240,127,2,32,31540.0,0.0,31540.0,31540.0,5290306.0,0.0,5290306.0,5290306.0,0,BENIGN,0.99
10076348,4,5,393.0,487.0,386.0,0.0,98.25,191.86171235206533,487.0,0.0,97.4,217.7930210084795,87.33322826881327,0.8931807436583176,1259543.5,2322420.5970020653,5248432.0,45.0,5290746.0,1763582.0,3018120.36314972,5248532.0,1279.0,10076303.0,2519075.75,2890551.161959068,5248590.0,118.0,0,136,168,0.3969692194036966,0.4962115242546208,0.0,487.0,88.0,185.2247883578821,34308.22222222222,1,2,3,8,1.0,97.77777777777776,98.25,97.4,2,196,2,243,64240,127,2,32,42314.0,0.0,42314.0,42314.0,5248432.0,0.0,5248432.0,5248432.0,0,BENIGN,0.99
10089640,5,5,400.0,487.0,386.0,0.0,80.0,171.1665855241612,487.0,0.0,97.4,217.7930210084795,87.91195721552009,0.9911156394083436,1121071.111111111,2213576.133901229,5204648.0,26.0,10089341.0,2522335.25,2890704.4245531084,5204753.0,520.0,10089614.0,2522403.5,2890276.5695457244,5204702.0,820.0,0,168,168,0.4955578197041718,0.4955578197041718,0.0,487.0,80.63636363636365,177.43633941629474,31483.65454545455,1,2,3,9,1.0,88.7,80.0,97.4,2,200,2,243,64240,127,2,32,44670.0,0.0,44670.0,44670.0,5204648.0,0.0,5204648.0,5204648.0,0,BENIGN,0.99
10077469,4,5,395.0,487.0,386.0,0.0,98.75,191.5469916234656,487.0,0.0,97.4,217.7930210084795,87.52197600409387,0.8930813877968763,1259683.625,2322340.9663164658,5167765.0,30.0,5204754.0,1734918.0,2973071.1375742424,5167865.0,890.0,10077439.0,2519359.75,2890231.482444313,5167924.0,164.0,0,136,168,0.3969250612430561,0.4961563265538202,0.0,487.0,88.2,185.1286639670427,34272.62222222222,1,2,3,8,1.0,98.0,98.75,97.4,2,197,2,243,64240,127,2,32,36989.0,0.0,36989.0,36989.0,5167765.0,0.0,5167765.0,5167765.0,0,BENIGN,0.99
3839,6,5,226.0,10926.0,226.0,0.0,37.66666666666667,92.26411364483305,7240.0,0.0,2185.2,3245.3312927958527,2904923.1570721543,2865.3295128939826,383.9,367.8165152476013,1167.0,0.0,3555.0,711.0,614.1567389518738,1501.0,0.0,3812.0,953.0,748.2873779504771,1995.0,224.0,0,200,168,1562.9070070330815,1302.4225058609013,0.0,7240.0,929.3333333333334,2250.0777090957763,5062849.696969697,2,2,3,10,0.0,1013.818181818182,37.66666666666666,2185.2,0,0,0,0,64240,127,1,32,0.0,0.0,0.0,0.0,0.0,0.0,0.0,0.0,0,BENIGN,0.73
10067523,4,5,397.0,487.0,386.0,0.0,99.25,191.23698212776037,487.0,0.0,97.4,217.7930210084795,87.80710011787409,0.8939636889828809,1258440.375,2323727.768198697,5144504.0,26.0,5168278.0,1722759.3333333333,2963464.922490282,5144649.0,515.0,10067497.0,2516874.25,2894207.053764626,5144557.0,121.0,0,136,168,0.3973171951035026,0.4966464938793783,0.0,487.0,88.4,185.034651409465,34237.822222222225,1,2,3,8,1.0,98.22222222222224,99.25,97.4,2,198,2,243,64240,127,2,32,23774.0,0.0,23774.0,23774.0,5144504.0,0.0,5144504.0,5144504.0,0,BENIGN,0.99
10094587,4,5,398.0,487.0,386.0,0.0,99.5,191.08375127153013,487.0,0.0,97.4,217.7930210084795,87.67074868937183,0.8915669358241204,1261823.3749999998,2322673.2737081787,5099458.0,45.0,5145173.0,1715057.6666666667,2931185.370547952,5099602.0,595.0,10094542.0,2523635.5,2888305.880006768,5099512.0,141.0,0,136,168,0.3962519714773868,0.4953149643467335,0.0,487.0,88.50000000000001,184.9884380771464,34220.72222222222,1,2,3,8,1.0,98.33333333333331,99.5,97.4,2,199,2,243,64240,127,2,32,45715.0,0.0,45715.0,45715.0,5099458.0,0.0,5099458.0,5099458.0,0,BENIGN,0.99
10059418,4,5,392.0,487.0,386.0,0.0,98.0,192.02083220317527,487.0,0.0,97.4,217.7930210084795,87.38080075805577,0.8946839668060318,1257427.25,2319439.5071098995,5070443.0,27.0,5099602.0,1699867.3333333333,2919061.1848094813,5070470.0,550.0,10059380.0,2514845.0,2887382.805726205,5070552.0,133.0,0,136,168,0.3976373185804586,0.4970466482255732,0.0,487.0,87.9,185.27364146640565,34326.322222222225,1,2,3,8,1.0,97.66666666666669,98.0,97.4,2,196,2,243,64240,127,2,32,29159.0,0.0,29159.0,29159.0,5070443.0,0.0,5070443.0,5070443.0,0,BENIGN,0.99
10060096,4,5,397.0,487.0,386.0,0.0,99.25,191.23698212776037,487.0,0.0,97.4,217.7930210084795,87.87192488023972,0.8946236695952007,1257512.0,2321493.6790828686,5049223.0,25.0,5071653.0,1690551.0,2908745.872660759,5049260.0,807.0,10060071.0,2515017.75,2891098.139418005,5049277.0,313.0,0,136,168,0.3976105198200892,0.4970131497751115,0.0,487.0,88.4,185.034651409465,34237.822222222225,1,2,3,8,1.0,98.22222222222224,99.25,97.4,2,198,2,243,64240,127,2,32,22430.0,0.0,22430.0,22430.0,5049223.0,0.0,5049223.0,5049223.0,0,BENIGN,0.99
10051635,4,5,391.0,487.0,386.0,0.0,97.75,192.18112116785383,487.0,0.0,97.4,217.7930210084795,87.34897357494577,0.8953767222944328,1256454.375,2319891.841224619,5029084.0,34.0,5050396.0,1683465.3333333333,2897604.479864933,5029312.0,832.0,10051601.0,2512900.25,2889326.464283372,5029138.0,124.0,0,136,168,0.3979452099086368,0.4974315123857959,0.0,487.0,87.8,185.3230212958504,34344.62222222223,1,2,3,8,1.0,97.55555555555556,97.75,97.4,2,195,2,243,64240,127,2,32,10683.0,15031.675954463628,21312.0,54.0,5015072.5,19815.253329190626,5029084.0,5001061.0,0,BENIGN,0.99
10084394,4,5,400.0,487.0,386.0,0.0,100.0,190.78085158981057,487.0,0.0,97.4,217.7930210084795,87.95768987209345,0.8924681046773857,1260549.25,2322811.790853906,5054768.0,25.0,5029312.0,1676437.3333333333,2872133.4691222715,4992831.0,907.0,10084356.0,2521089.0,2890102.65568382,5054768.0,162.0,0,136,168,0.396652490967727,0.4958156137096587,0.0,487.0,88.70000000000002,184.89759928734128,34187.12222222223,1,2,3,8,1.0,98.55555555555556,100.0,97.4,2,200,2,243,64240,127,2,32,5029464.0,0.0,5029464.0,5029464.0,5054768.0,0.0,5054768.0,5054768.0,0,BENIGN,0.99
10061533,4,5,390.0,487.0,386.0,0.0,97.5,192.34257632325367,487.0,0.0,97.4,217.7930210084795,87.16365587629637,0.8944958983884463,1257691.625,2318781.670373779,5067392.0,33.0,4993967.0,1664655.6666666667,2854919.2360965894,4961185.0,1074.0,10061500.0,2515375.0,2885810.661873482,5067392.0,120.0,0,136,168,0.3975537326170872,0.4969421657713591,0.0,487.0,87.70000000000002,185.37292742529107,34363.12222222223,1,2,3,8,1.0,97.44444444444444,97.5,97.4,2,195,2,243,64240,127,2,32,4994021.0,0.0,4994021.0,4994021.0,5067392.0,0.0,5067392.0,5067392.0,0,BENIGN,0.99
10059193,4,5,392.0,487.0,386.0,0.0,98.0,192.02083220317527,487.0,0.0,97.4,217.7930210084795,87.38275525680837,0.8947039787386523,1257399.125,2321203.386145855,5097456.0,25.0,4961523.0,1653841.0,2843847.362705847,4937606.0,409.0,10059152.0,2514788.0,2890689.269516528,5097456.0,158.0,0,136,168,0.3976462127727343,0.4970577659659179,0.0,487.0,87.9,185.27364146640565,34326.322222222225,1,2,3,8,1.0,97.66666666666669,98.0,97.4,2,196,2,243,64240,127,2,32,4961579.0,0.0,4961579.0,4961579.0,5097456.0,0.0,5097456.0,5097456.0,0,BENIGN,0.99
10054193,4,5,391.0,487.0,386.0,0.0,97.75,192.18112116785383,487.0,0.0,97.4,217.7930210084795,87.32675014295032,0.8951489194607662,1256774.125,2320042.7081399933,5115707.0,113.0,4938194.0,1646064.6666666667,2829850.074450117,4913670.0,1400.0,10054006.0,2513501.5,2889339.1824522205,5115707.0,139.0,0,136,168,0.397843964204785,0.4973049552559813,0.0,487.0,87.8,185.3230212958504,34344.62222222223,1,2,3,8,1.0,97.55555555555556,97.75,97.4,2,195,2,243,64240,127,2,32,4938347.0,0.0,4938347.0,4938347.0,5115707.0,0.0,5115707.0,5115707.0,0,BENIGN,0.99
10068588,4,5,392.0,487.0,386.0,0.0,98.0,192.02083220317527,487.0,0.0,97.4,217.7930210084795,87.30121840321603,0.8938691304083551,1258573.5,2320923.036919025,5154150.0,32.0,4914251.0,1638083.6666666667,2807545.477214097,4879901.0,535.0,10068556.0,2517139.0,2888797.1855356456,5154150.0,134.0,0,136,168,0.3972751690703801,0.496593961337975,0.0,487.0,87.9,185.27364146640565,34326.322222222225,1,2,3,8,1.0,97.66666666666669,98.0,97.4,2,196,2,243,64240,127,2,32,4914304.0,0.0,4914304.0,4914304.0,5154150.0,0.0,5154150.0,5154150.0,0,BENIGN,0.99
2396,6,4,226.0,10926.0,226.0,0.0,37.66666666666667,92.26411364483305,7240.0,0.0,2731.5,3471.78277930326,4654424.040066778,4173.622704507512,266.22222222222223,234.9147599544236,570.0,1.0,2396.0,479.2,385.1489322327144,1010.0,1.0,1901.0,633.6666666666666,110.27390141521852,761.0,570.0,0,188,136,2504.173622704508,1669.449081803005,0.0,7240.0,1013.818181818182,2339.854090245023,5474917.163636364,1,2,3,8,0.0,1115.2,37.66666666666666,2731.5,0,0,0,0,64240,127,1,20,0.0,0.0,0.0,0.0,0.0,0.0,0.0,0.0,0,BENIGN,0.73
2035,6,4,226.0,10926.0,226.0,0.0,37.66666666666667,92.26411364483305,7240.0,0.0,2731.5,3471.78277930326,5480098.28009828,4914.004914004914,226.11111111111111,197.983865784844,590.0,1.0,2035.0,407.0,364.3809819406057,924.0,1.0,1270.0,423.3333333333333,210.0888700843844,620.0,202.0,0,188,136,2948.4029484029484,1965.6019656019655,0.0,7240.0,1013.818181818182,2339.854090245023,5474917.163636364,1,2,3,8,0.0,1115.2,37.66666666666666,2731.5,0,0,0,0,64240,127,1,20,0.0,0.0,0.0,0.0,0.0,0.0,0.0,0.0,0,BENIGN,0.73
15761857,5,6,415.0,487.0,386.0,0.0,83.0,169.54055562018192,487.0,0.0,81.16666666666667,198.8169174559013,57.22675951190269,0.6978873111207645,1576185.7,3288674.0841580336,9881190.0,28.0,14761243.0,3690310.75,4715726.868115553,9881341.0,633.0,15761829.0,3152365.8,4257293.036292921,9881276.0,114.0,0,168,200,0.317221505054893,0.3806658060658716,0.0,487.0,75.16666666666667,170.2377125900098,28980.878787878788,1,2,4,10,1.0,82.0,83.0,81.16666666666667,1,138,2,162,64240,127,3,32,4880053.0,0.0,4880053.0,4880053.0,9881190.0,0.0,9881190.0,9881190.0,0,BENIGN,0.99
15139913,5,6,398.0,487.0,386.0,0.0,79.6,171.3090774010531,487.0,0.0,81.16666666666667,198.8169174559013,58.4547612658012,0.7265563547161731,1513991.3,3209197.675351238,9883792.0,23.0,14032425.0,3508106.25,4660505.426293116,9883850.0,637.0,15139890.0,3027977.9999999995,4176446.444492913,9883856.0,114.0,0,168,200,0.3302528885073514,0.3963034662088217,0.0,487.0,73.75000000000001,170.81841767848636,29178.93181818182,1,2,4,10,1.0,80.45454545454545,79.6,81.16666666666667,1,132,2,162,64240,127,3,32,4148633.0,0.0,4148633.0,4148633.0,9883792.0,0.0,9883792.0,9883792.0,0,BENIGN,0.99
15334996,5,6,399.0,487.0,386.0,0.0,79.8,171.20221961177955,487.0,0.0,81.16666666666667,198.8169174559013,57.77634373037984,0.7173135226119394,1533499.6,3228633.6604876406,9883020.0,7.0,14223903.0,3555975.75,4673375.01349823,9883027.0,482.0,15334969.0,3066993.8,4192315.82885858,9883085.0,84.0,0,168,200,0.3260516011872452,0.3912619214246942,0.0,487.0,73.83333333333334,170.78260148415873,29166.69696969697,1,2,4,10,1.0,80.54545454545455,79.8,81.16666666666667,1,133,2,162,64240,127,3,32,4340883.0,0.0,4340883.0,4340883.0,9883020.0,0.0,9883020.0,9883020.0,0,BENIGN,0.99
15622557,5,6,401.0,487.0,386.0,0.0,80.2,171.00643262754767,487.0,0.0,81.16666666666667,198.8169174559013,56.84088718639337,0.7041100890206385,1562255.7,3260741.589342081,9882892.0,22.0,14507083.0,3626770.75,4699030.615481195,9882951.0,510.0,15622535.0,3124507.0000000005,4221598.687827516,9882962.0,82.0,0,168,200,0.3200500404639266,0.3840600485567119,0.0,487.0,74.0,170.71773620378596,29144.545454545456,1,2,4,10,1.0,80.72727272727273,80.2,81.16666666666667,1,133,2,162,64240,127,3,32,4624191.0,0.0,4624191.0,4624191.0,9882892.0,0.0,9882892.0,9882892.0,0,BENIGN,0.99
15601857,5,6,402.0,487.0,386.0,0.0,80.4,170.90582201902893,487.0,0.0,81.16666666666667,198.8169174559013,56.98039662842699,0.7050442777420661,1560185.7,3254236.624254025,9882136.0,6.0,14485894.0,3621473.5,4688542.051116068,9882142.0,414.0,15601833.0,3120366.6,4212191.209096199,9882200.0,74.0,0,168,200,0.3204746717009392,0.384569606041127,0.0,487.0,74.08333333333333,170.68442882238625,29133.17424242424,1,2,4,10,1.0,80.81818181818181,80.4,81.16666666666667,1,134,2,162,64240,127,3,32,4603758.0,0.0,4603758.0,4603758.0,9882136.0,0.0,9882136.0,9882136.0,0,BENIGN,0.99
15293236,5,6,402.0,487.0,386.0,0.0,80.4,170.8838787012982,487.0,0.0,81.16666666666667,198.8169174559013,58.13027406364487,0.7192722325085417,1529323.6,3226603.094063483,9883575.0,2.0,14176026.0,3544006.5,4676196.36210717,9883633.0,521.0,15293211.0,3058642.2,4192623.4503541696,9883640.0,2.0,0,168,200,0.3269419238675189,0.3923303086410227,0.0,487.0,74.08333333333333,170.67643941006318,29130.446969696965,1,2,4,10,1.0,80.81818181818181,80.4,81.16666666666667,1,134,2,162,64240,127,3,32,4292451.0,0.0,4292451.0,4292451.0,9883575.0,0.0,9883575.0,9883575.0,0,BENIGN,0.99
15727135,5,6,404.0,487.0,386.0,0.0,80.8,170.67278634861503,487.0,0.0,81.16666666666667,198.8169174559013,56.65367531975786,0.699428090367381,1572713.5,3267259.518752281,9882235.0,7.0,14604642.0,3651160.5,4698446.003400308,9882242.0,479.0,15727122.0,3145424.4,4223212.605783635,9882302.0,205.0,0,168,200,0.3179218592579004,0.3815062311094805,0.0,487.0,74.25,170.6064716879702,29106.56818181818,1,2,4,10,1.0,81.0,80.8,81.16666666666667,1,134,2,162,64240,127,3,32,4722407.0,0.0,4722407.0,4722407.0,9882235.0,0.0,9882235.0,9882235.0,0,BENIGN,0.99
15818240,5,6,406.0,487.0,386.0,0.0,81.2,170.4631925079429,487.0,0.0,81.16666666666667,198.8169174559013,56.4538153422884,0.6953997410584237,1581824.0,3279884.392851607,9881362.0,6.0,14691573.0,3672893.25,4712096.156772226,9881368.0,517.0,15818218.0,3163643.600000001,4236788.631376281,9881574.0,75.0,0,168,200,0.3160907913901926,0.3793089496682311,0.0,487.0,74.41666666666667,170.53736371904668,29082.99242424242,1,2,4,10,1.0,81.18181818181819,81.2,81.16666666666667,1,135,2,162,64240,127,3,32,4810211.0,0.0,4810211.0,4810211.0,9881362.0,0.0,9881362.0,9881362.0,0,BENIGN,0.99
15799395,5,6,407.0,487.0,386.0,0.0,81.4,170.3607936116758,487.0,0.0,81.16666666666667,198.8169174559013,56.58444516388127,0.6962291910544676,1579939.4999999998,3277169.1720038992,9881556.0,7.0,14671454.0,3667863.5,4709455.488562169,9881563.0,805.0,15799370.0,3159874.0,4233728.456442678,9881612.0,46.0,0,168,200,0.3164678141156671,0.3797613769388004,0.0,487.0,74.5,170.5037989446143,29071.545454545456,1,2,4,10,1.0,81.27272727272727,81.4,81.16666666666667,1,135,2,162,64240,127,3,32,4789898.0,0.0,4789898.0,4789898.0,9881556.0,0.0,9881556.0,9881556.0,0,BENIGN,0.99
15752591,5,6,407.0,487.0,386.0,0.0,81.4,170.36666340572617,487.0,0.0,81.16666666666667,198.8169174559013,56.752568513967,0.6982978228787886,1575259.1,3272922.5077780746,9882154.0,1.0,14625750.0,3656437.5,4707325.242006725,9882213.0,496.0,15752574.0,3150514.8000000003,4230719.602785465,9882229.0,1.0,0,168,200,0.3174081013085403,0.3808897215702483,0.0,487.0,74.5,170.5059316483527,29072.27272727273,1,2,4,10,1.0,81.27272727272727,81.4,81.16666666666667,1,135,2,162,64240,127,3,32,4743596.0,0.0,4743596.0,4743596.0,9882154.0,0.0,9882154.0,9882154.0,0,BENIGN,0.99
15390678,5,6,405.0,487.0,386.0,0.0,81.0,170.56963387426262,487.0,0.0,81.16666666666667,198.8169174559013,57.95716082163502,0.7147183509394454,1539067.8,3233254.246774801,9883011.0,34.0,14268376.0,3567094.0,4676868.2192568425,9883069.0,971.0,15390644.0,3078128.8,4195241.643209507,9883077.0,247.0,0,168,200,0.3248719776997478,0.3898463732396974,0.0,487.0,74.33333333333334,170.57247637579076,29094.9696969697,1,2,4,10,1.0,81.0909090909091,81.0,81.16666666666667,1,135,2,162,64240,127,3,32,4385365.0,0.0,4385365.0,4385365.0,9883011.0,0.0,9883011.0,9883011.0,0,BENIGN,0.99
15269480,5,6,406.0,487.0,386.0,0.0,81.2,170.46172590936652,487.0,0.0,81.16666666666667,198.8169174559013,58.48267262539392,0.7203912641425904,1526948.0,3222062.8781586145,9883090.0,2.0,14146149.0,3536537.25,4671256.824564553,9883097.0,1860.0,15269455.0,3053890.9999999995,4186961.836467464,9883228.0,2.0,0,168,200,0.3274505746102683,0.392940689532322,0.0,487.0,74.41666666666667,170.53683064388352,29082.810606060604,1,2,4,10,1.0,81.18181818181819,81.2,81.16666666666667,1,135,2,162,64240,127,3,32,4263059.0,0.0,4263059.0,4263059.0,9883090.0,0.0,9883090.0,9883090.0,0,BENIGN,0.99
15505787,6,6,406.0,487.0,386.0,0.0,67.66666666666667,156.02905712291752,487.0,0.0,81.16666666666667,198.8169174559013,57.5914011975013,0.7739046073572402,1409616.9999999998,3115875.0010977327,9881900.0,7.0,15505708.0,3101141.6,4208949.741074346,9881907.0,587.0,15505755.0,3101151.0000000005,4208983.534778498,9882091.0,543.0,0,200,200,0.3869523036786201,0.3869523036786201,0.0,487.0,68.6923076923077,164.57641822538682,27085.397435897437,1,2,4,11,1.0,74.41666666666667,67.66666666666667,81.16666666666667,2,135,2,162,64240,127,3,32,4497425.0,0.0,4497425.0,4497425.0,9881900.0,0.0,9881900.0,9881900.0,0,BENIGN,0.99
15230127,5,6,407.0,487.0,386.0,0.0,81.4,170.36666340572617,487.0,0.0,81.16666666666667,198.8169174559013,58.699444856894495,0.7222526772101112,1523012.7,3217069.5856670914,9883575.0,2.0,14104185.0,3526046.25,4667021.549435455,9883633.0,542.0,15230103.0,3046020.600000001,4181872.244104105,9883645.0,2.0,0,168,200,0.3282966714591415,0.3939560057509698,0.0,487.0,74.5,170.5059316483527,29072.27272727273,1,2,4,10,1.0,81.27272727272727,81.4,81.16666666666667,1,135,2,162,64240,127,3,32,4220610.0,0.0,4220610.0,4220610.0,9883575.0,0.0,9883575.0,9883575.0,0,BENIGN,0.99
15661965,5,6,409.0,487.0,386.0,0.0,81.8,170.15052159778998,487.0,0.0,81.16666666666667,198.8169174559013,57.20865804514312,0.7023384358220696,1566196.4999999998,3262409.526348083,9882219.0,7.0,14530754.0,3632688.5,4699498.080700143,9882226.0,499.0,15661949.0,3132389.8000000003,4220828.321514357,9882282.0,163.0,0,168,200,0.3192447435554861,0.3830936922665834,0.0,487.0,74.66666666666669,170.4349160414632,29048.060606060608,1,2,4,10,1.0,81.45454545454545,81.8,81.16666666666667,1,136,2,162,64240,127,3,32,4648535.0,0.0,4648535.0,4648535.0,9882219.0,0.0,9882219.0,9882219.0,0,BENIGN,0.99
15549230,5,6,409.0,487.0,386.0,0.0,81.8,170.15346014700964,487.0,0.0,81.16666666666667,198.8169174559013,57.62343215709074,0.7074305287142836,1554923.0,3248681.4380997373,9882372.0,25.0,14417899.0,3604474.75,4687463.964999651,9882430.0,770.0,15549205.0,3109840.9999999995,4207420.591409718,9882437.0,77.0,0,168,200,0.3215593312337653,0.3858711974805183,0.0,487.0,74.66666666666669,170.4359828276419,29048.424242424244,1,2,4,10,1.0,81.45454545454545,81.8,81.16666666666667,1,136,2,162,64240,127,3,32,4535527.0,0.0,4535527.0,4535527.0,9882372.0,0.0,9882372.0,9882372.0,0,BENIGN,0.99
15849713,5,6,412.0,487.0,386.0,0.0,82.4,169.84787311002748,487.0,0.0,81.16666666666667,198.8169174559013,56.720269950629394,0.6940188759253875,1584971.3,3282191.047164482,9881715.0,1.0,14711839.0,3677959.75,4714320.356359219,9881774.0,610.0,15849691.0,3169938.2,4237807.138363035,9881798.0,1.0,0,168,200,0.3154631254206306,0.3785557505047567,0.0,487.0,74.91666666666669,170.33680984414025,29014.628787878795,1,2,4,10,1.0,81.72727272727273,82.4,81.16666666666667,1,137,2,162,64240,127,3,32,4830124.0,0.0,4830124.0,4830124.0,9881715.0,0.0,9881715.0,9881715.0,0,BENIGN,0.99
15696905,5,6,411.0,487.0,386.0,0.0,82.2,169.9446968869579,487.0,0.0,81.16666666666667,198.8169174559013,57.20873000123273,0.70077508910196,1569690.4999999998,3264471.889482797,9882185.0,18.0,14561374.0,3640343.5,4699473.919656717,9882243.0,511.0,15696887.0,3139377.4000000004,4221259.628828676,9882374.0,126.0,0,168,200,0.3185341314099817,0.3822409576919781,0.0,487.0,74.83333333333333,170.3679618480025,29025.242424242428,1,2,4,10,1.0,81.63636363636364,82.2,81.16666666666667,1,137,2,162,64240,127,3,32,4679189.0,0.0,4679189.0,4679189.0,9882185.0,0.0,9882185.0,9882185.0,0,BENIGN,0.99
15572668,5,6,411.0,487.0,386.0,0.0,82.2,169.9623487717206,487.0,0.0,81.16666666666667,198.8169174559013,57.66513483752431,0.7063657942235717,1557266.8,3253384.3816698124,9882042.0,7.0,14438144.0,3609536.0,4694349.969674395,9882049.0,559.0,15572642.0,3114528.4000000004,4213410.328142134,9882106.0,150.0,0,168,200,0.3210753610107144,0.3852904332128573,0.0,487.0,74.83333333333333,170.37436498025235,29027.42424242424,1,2,4,10,1.0,81.63636363636364,82.2,81.16666666666667,1,137,2,162,64240,127,3,32,4556102.0,0.0,4556102.0,4556102.0,9882042.0,0.0,9882042.0,9882042.0,0,BENIGN,0.99
15470054,5,6,411.0,487.0,386.0,0.0,82.2,169.9446968869579,487.0,0.0,81.16666666666667,198.8169174559013,58.04763189579041,0.7110511702156954,1547005.4,3236160.492111882,9882590.0,7.0,14335348.0,3583837.0,4673526.721696225,9882597.0,556.0,15470033.0,3094006.600000001,4193040.9632438966,9882779.0,81.0,0,168,200,0.3232050773707706,0.3878460928449248,0.0,487.0,74.83333333333333,170.3679618480025,29025.242424242428,1,2,4,10,1.0,81.63636363636364,82.2,81.16666666666667,1,137,2,162,64240,127,3,32,4452758.0,0.0,4452758.0,4452758.0,9882590.0,0.0,9882590.0,9882590.0,0,BENIGN,0.99
15082059,5,6,410.0,487.0,386.0,0.0,82.0,170.05293293560095,487.0,0.0,81.16666666666667,198.8169174559013,59.47463804511042,0.7293433873982326,1508205.9,3209848.24611391,9883320.0,10.0,13948544.0,3487136.0,4674501.470476397,9883391.0,718.0,15082049.0,3016409.8,4182795.911228182,9883381.0,77.0,0,168,200,0.3315197215446512,0.3978236658535814,0.0,487.0,74.75000000000001,170.40333170025008,29037.295454545456,1,2,4,10,1.0,81.54545454545455,82.0,81.16666666666667,1,136,2,162,64240,127,3,32,4065224.0,0.0,4065224.0,4065224.0,9883320.0,0.0,9883320.0,9883320.0,0,BENIGN,0.99
15497472,5,6,413.0,487.0,386.0,0.0,82.6,169.7433356571032,487.0,0.0,81.16666666666667,198.8169174559013,58.07398780910848,0.7097931843335481,1549747.2,3244847.449001803,9882372.0,21.0,14357375.0,3589343.75,4688523.208372431,9882430.0,581.0,15497451.0,3099490.2,4205534.131761588,9882435.0,47.0,0,168,200,0.3226332656061582,0.3871599187273898,0.0,487.0,75.0,170.30293863903498,29003.090909090908,1,2,4,10,1.0,81.81818181818181,82.6,81.16666666666667,1,137,2,162,64240,127,3,32,4475003.0,0.0,4475003.0,4475003.0,9882372.0,0.0,9882372.0,9882372.0,0,BENIGN,0.99
15791210,5,6,415.0,487.0,386.0,0.0,83.0,169.5464538113375,487.0,0.0,81.16666666666667,198.8169174559013,57.1203853282934,0.6965900649791879,1579121.0,3274744.1009363024,9881381.0,7.0,14646750.0,3661687.5,4708559.476796876,9881388.0,481.0,15791184.0,3158236.8,4230267.413436968,9881436.0,176.0,0,168,200,0.3166318477178126,0.3799582172613752,0.0,487.0,75.16666666666667,170.23984862718265,28981.606060606064,1,2,4,10,1.0,82.0,83.0,81.16666666666667,1,138,2,162,64240,127,3,32,4765369.0,0.0,4765369.0,4765369.0,9881381.0,0.0,9881381.0,9881381.0,0,BENIGN,0.99
15192225,5,6,413.0,487.0,386.0,0.0,82.6,169.7433356571032,487.0,0.0,81.16666666666667,198.8169174559013,59.24082877919462,0.7240545739679343,1519222.5,3216292.7487076814,9883119.0,2.0,14054082.0,3513520.5,4672900.655053169,9883126.0,731.0,15192201.0,3038440.2,4184031.435945087,9883309.0,2.0,0,168,200,0.3291157154399701,0.3949388585279641,0.0,487.0,75.0,170.30293863903498,29003.090909090908,1,2,4,10,1.0,81.81818181818181,82.6,81.16666666666667,1,137,2,162,64240,127,3,32,4170963.0,0.0,4170963.0,4170963.0,9883119.0,0.0,9883119.0,9883119.0,0,BENIGN,0.99
15063868,5,6,406.0,487.0,386.0,0.0,81.2,170.46759222796572,487.0,0.0,81.16666666666667,198.8169174559013,59.280923067036966,0.7302241363240836,1506386.7999999998,3204759.809215757,9882837.0,7.0,13925564.0,3481391.0,4667317.79859932,9882844.0,871.0,15063833.0,3012766.6,4175787.621983881,9883148.0,77.0,0,168,200,0.3319200619654925,0.398304074358591,0.0,487.0,74.41666666666667,170.53896293453843,29083.53787878788,1,2,4,10,1.0,81.18181818181819,81.2,81.16666666666667,1,135,2,162,64240,127,3,32,4042727.0,0.0,4042727.0,4042727.0,9882837.0,0.0,9882837.0,9882837.0,0,BENIGN,0.99
15109621,5,6,414.0,487.0,386.0,0.0,82.8,169.64433382815943,487.0,0.0,81.16666666666667,198.8169174559013,59.63088021863685,0.7280129660432912,1510962.1,3208533.522608158,9882864.0,8.0,13969659.0,3492414.75,4668896.357309107,9882872.0,662.0,15109593.0,3021918.6,4178101.2712915777,9883053.0,80.0,0,168,200,0.3309149845651323,0.3970979814781588,0.0,487.0,75.08333333333333,170.27115184761965,28992.26515151515,1,2,4,10,1.0,81.9090909090909,82.8,81.16666666666667,1,138,2,162,64240,127,3,32,4086795.0,0.0,4086795.0,4086795.0,9882864.0,0.0,9882864.0,9882864.0,0,BENIGN,0.99
15887487,5,6,419.0,487.0,386.0,0.0,83.8,169.13958732360675,487.0,0.0,81.16666666666667,198.8169174559013,57.026010469748925,0.6923687805377905,1588748.7000000002,3283809.687659004,9880920.0,7.0,14733784.0,3683446.0,4714927.561344571,9880927.0,969.0,15887359.0,3177471.8000000003,4237181.794976787,9881147.0,128.0,0,168,200,0.314713082062632,0.3776556984751584,0.0,487.0,75.50000000000001,170.10985755200562,28937.363636363643,1,2,4,10,1.0,82.36363636363636,83.8,81.16666666666667,1,139,2,162,64240,127,3,32,4852864.0,0.0,4852864.0,4852864.0,9880920.0,0.0,9880920.0,9880920.0,0,BENIGN,0.99
15067654,5,6,405.0,487.0,386.0,0.0,81.0,170.5667024949477,487.0,0.0,81.16666666666667,198.8169174559013,59.19966041163409,0.7300406553004204,1506765.4,3201623.5977875767,9882930.0,8.0,13903815.0,3475953.75,4664554.469485975,9882938.0,907.0,15067630.0,3013526.0000000005,4169876.227033784,9882985.0,134.0,0,168,200,0.3318366615001911,0.3982039938002293,0.0,487.0,74.33333333333334,170.57141044326875,29094.606060606056,1,2,4,10,1.0,81.0909090909091,81.0,81.16666666666667,1,135,2,162,64240,127,3,32,4020885.0,0.0,4020885.0,4020885.0,9882930.0,0.0,9882930.0,9882930.0,0,BENIGN,0.99
15077549,5,6,417.0,487.0,386.0,0.0,83.4,169.3363516791359,487.0,0.0,81.16666666666667,198.8169174559013,59.95669455294094,0.7295615487636619,1507754.9,3202838.625436902,9883577.0,23.0,13876162.0,3469040.5,4671882.407066093,9883648.0,384.0,15077526.0,3015505.2,4171102.950402051,9883646.0,207.0,0,168,200,0.3316188858016645,0.3979426629619974,0.0,487.0,75.33333333333334,170.17228346768476,28958.606060606056,1,2,4,10,1.0,82.18181818181819,83.4,81.16666666666667,1,139,2,162,64240,127,3,32,3992585.0,0.0,3992585.0,3992585.0,9883577.0,0.0,9883577.0,9883577.0,0,BENIGN,0.99
15067882,5,6,408.0,487.0,386.0,0.0,81.6,170.32557059936713,487.0,0.0,81.16666666666667,198.8169174559013,59.397863614806646,0.7300296086736012,1506788.2,3198593.746929068,9883531.0,8.0,13831052.0,3457763.0,4670106.909892035,9883539.0,385.0,15067858.0,3013571.6,4164631.494332518,9883607.0,118.0,0,168,200,0.3318316403061823,0.3981979683674188,0.0,487.0,74.58333333333334,170.4947124391163,29068.446969696965,1,2,4,10,1.0,81.36363636363636,81.6,81.16666666666667,1,136,2,162,64240,127,3,32,3947521.0,0.0,3947521.0,3947521.0,9883531.0,0.0,9883531.0,9883531.0,0,BENIGN,0.99
15046456,5,6,410.0,487.0,386.0,0.0,82.0,170.04852248696545,487.0,0.0,81.16666666666667,198.8169174559013,59.61536723332059,0.7310691633963506,1504645.6,3196017.75318203,9883891.0,13.0,13799728.0,3449932.0,4669405.981217667,9883959.0,263.0,15046441.0,3009288.2,4162092.669863226,9883904.0,252.0,0,168,200,0.3323041651801593,0.3987649982161912,0.0,487.0,74.75000000000001,170.401731211863,29036.75,1,2,4,10,1.0,81.54545454545455,82.0,81.16666666666667,1,136,2,162,64240,127,3,32,3915837.0,0.0,3915837.0,3915837.0,9883891.0,0.0,9883891.0,9883891.0,0,BENIGN,0.99
15045833,5,6,407.0,487.0,386.0,0.0,81.4,170.3607936116758,487.0,0.0,81.16666666666667,198.8169174559013,59.41844496080742,0.7310994346408072,1504583.3,3189272.715610499,9884627.0,7.0,13722717.0,3430679.25,4667369.965111,9884634.0,287.0,15045807.0,3009161.3999999994,4150482.535515876,9884646.0,259.0,0,168,200,0.3323179248367305,0.3987815098040767,0.0,487.0,74.5,170.50379894461432,29071.54545454546,1,2,4,10,1.0,81.27272727272727,81.4,81.16666666666667,1,135,2,162,64240,127,3,32,3838090.0,0.0,3838090.0,3838090.0,9884627.0,0.0,9884627.0,9884627.0,0,BENIGN,0.99
14989924,5,6,402.0,487.0,386.0,0.0,80.4,170.8824157132617,487.0,0.0,81.16666666666667,198.8169174559013,59.30650482283966,0.7338262688990285,1498992.4,3178698.396062528,9884737.0,7.0,13646119.0,3411529.75,4656481.868810928,9884744.0,721.0,14989892.0,2997978.4000000004,4137350.763609281,9884892.0,285.0,0,168,200,0.3335573949541038,0.4002688739449246,0.0,487.0,74.08333333333333,170.67590676927762,29130.26515151515,1,2,4,10,1.0,80.81818181818181,80.4,81.16666666666667,1,134,2,162,64240,127,3,32,3761382.0,0.0,3761382.0,3761382.0,9884737.0,0.0,9884737.0,9884737.0,0,BENIGN,0.99
15022394,5,6,408.0,487.0,386.0,0.0,81.6,170.2771270605656,487.0,0.0,81.16666666666667,198.8169174559013,59.57772110091108,0.7322401476089629,1502239.4,3185573.279134409,9885198.0,22.0,13677698.0,3419424.5,4666251.336836633,9885256.0,455.0,15022370.0,3004474.0,4146223.6310432535,9885220.0,83.0,0,168,200,0.3328364307313468,0.3994037168776161,0.0,487.0,74.58333333333334,170.47711567743326,29062.446969696965,1,2,4,10,1.0,81.36363636363636,81.6,81.16666666666667,1,136,2,162,64240,127,3,32,3792500.0,0.0,3792500.0,3792500.0,9885198.0,0.0,9885198.0,9885198.0,0,BENIGN,0.99
15176424,5,6,414.0,487.0,386.0,0.0,82.8,169.6914847598429,487.0,0.0,81.16666666666667,198.8169174559013,59.368399301442814,0.7248084265436969,1517642.4,3178666.492533279,9886161.0,7.0,13591880.0,3397970.0,4664509.864259981,9886168.0,536.0,15176403.0,3035280.6,4120207.705316966,9886230.0,128.0,0,168,200,0.3294583757016804,0.3953500508420165,0.0,487.0,75.08333333333333,170.2882360391737,28998.083333333336,1,2,4,10,1.0,81.9090909090909,82.8,81.16666666666667,1,138,2,162,64240,127,3,32,3705719.0,0.0,3705719.0,3705719.0,9886161.0,0.0,9886161.0,9886161.0,0,BENIGN,0.99
15200436,5,6,415.0,487.0,386.0,0.0,83.0,169.5464538113375,487.0,0.0,81.16666666666667,198.8169174559013,59.34040313054178,0.7236634528114851,1520043.6,3177341.767864389,9885624.0,24.0,13613516.0,3403379.0,4658931.180518338,9885682.0,457.0,15200412.0,3040082.4000000004,4115708.954835704,9885698.0,249.0,0,168,200,0.3289379330961296,0.3947255197153555,0.0,487.0,75.16666666666667,170.23984862718265,28981.606060606064,1,2,4,10,1.0,82.0,83.0,81.16666666666667,1,138,2,162,64240,127,3,32,3727892.0,0.0,3727892.0,3727892.0,9885624.0,0.0,9885624.0,9885624.0,0,BENIGN,0.99
15172782,5,6,411.0,487.0,386.0,0.0,82.2,169.9446968869579,487.0,0.0,81.16666666666667,198.8169174559013,59.1849273257864,0.7249824059951563,1517278.2,3170405.0522249537,9886107.0,23.0,13568273.0,3392068.25,4650806.899480374,9886168.0,419.0,15172759.0,3034551.8000000003,4106280.7675409513,9886291.0,322.0,0,168,200,0.3295374572705256,0.3954449487246307,0.0,487.0,74.83333333333333,170.3679618480025,29025.242424242428,1,2,4,10,1.0,81.63636363636364,82.2,81.16666666666667,1,137,2,162,64240,127,3,32,3682166.0,0.0,3682166.0,3682166.0,9886107.0,0.0,9886107.0,9886107.0,0,BENIGN,0.99
15156739,5,6,404.0,487.0,386.0,0.0,80.8,170.67278634861503,487.0,0.0,81.16666666666667,198.8169174559013,58.78573220796373,0.7257497803452313,1515673.9,3170384.487025525,9886144.0,6.0,13516490.0,3379122.5,4657320.781119441,9886150.0,656.0,15156594.0,3031318.8,4107663.0204370096,9886208.0,147.0,0,168,200,0.3298862637932869,0.3958635165519443,0.0,487.0,74.25,170.6064716879702,29106.56818181818,1,2,4,10,1.0,81.0,80.8,81.16666666666667,1,134,2,162,64240,127,3,32,3630346.0,0.0,3630346.0,3630346.0,9886144.0,0.0,9886144.0,9886144.0,0,BENIGN,0.99
15104636,5,6,400.0,487.0,386.0,0.0,80.0,171.10815293258236,487.0,0.0,81.16666666666667,198.8169174559013,58.72369251400696,0.7282532329809206,1510463.6000000003,3165594.541511952,9886364.0,7.0,13446258.0,3361564.5,4656711.062073067,9886371.0,632.0,15104619.0,3020923.8000000003,4104123.6113709714,9886427.0,319.0,0,168,200,0.3310241968095093,0.3972290361714112,0.0,487.0,73.91666666666667,170.75152512740064,29156.08333333333,1,2,4,10,1.0,80.63636363636364,80.0,81.16666666666667,1,133,2,162,64240,127,3,32,3559894.0,0.0,3559894.0,3559894.0,9886364.0,0.0,9886364.0,9886364.0,0,BENIGN,0.99
15157238,5,6,403.0,487.0,386.0,0.0,80.6,170.77704763814134,487.0,0.0,81.16666666666667,198.8169174559013,58.71782180896018,0.7257258875264742,1515723.8000000005,3165899.497547184,9886453.0,24.0,13493354.0,3373338.5,4651048.308237939,9886512.0,545.0,15157214.0,3031442.8,4099814.605072978,9886514.0,136.0,0,168,200,0.3298754034211246,0.3958504841053495,0.0,487.0,74.16666666666666,170.64094858307993,29118.33333333333,1,2,4,10,1.0,80.9090909090909,80.6,81.16666666666667,1,134,2,162,64240,127,3,32,3606901.0,0.0,3606901.0,3606901.0,9886453.0,0.0,9886453.0,9886453.0,0,BENIGN,0.99
15167497,5,6,402.0,487.0,386.0,0.0,80.4,170.8882675902591,487.0,0.0,81.16666666666667,198.8169174559013,58.61217575978423,0.7252350206497487,1516749.7,3167345.3136719693,9886759.0,15.0,13424961.0,3356240.25,4661977.004584098,9886818.0,552.0,15167469.0,3033493.8000000003,4101377.9500835696,9886821.0,127.0,0,168,200,0.3296522821135221,0.3955827385362265,0.0,487.0,74.08333333333333,170.67803732244644,29130.99242424242,1,2,4,10,1.0,80.81818181818181,80.4,81.16666666666667,1,134,2,162,64240,127,3,32,3538202.0,0.0,3538202.0,3538202.0,9886759.0,0.0,9886759.0,9886759.0,0,BENIGN,0.99
15195048,5,6,416.0,487.0,386.0,0.0,83.2,169.46002478460812,487.0,0.0,81.16666666666667,198.8169174559013,59.42725551113757,0.7239200560603691,1519504.7999999998,3155000.968450311,9886708.0,8.0,13383592.0,3345898.0,4640967.215115473,9886716.0,619.0,15195028.0,3039005.6,4077342.5997982193,9886772.0,264.0,0,168,200,0.3290545709365314,0.3948654851238377,0.0,487.0,75.25,170.21276792190525,28972.386363636364,1,2,4,10,1.0,82.0909090909091,83.2,81.16666666666667,1,138,2,162,64240,127,3,32,3496884.0,0.0,3496884.0,3496884.0,9886708.0,0.0,9886708.0,9886708.0,0,BENIGN,0.99
15170180,5,6,411.0,487.0,386.0,0.0,82.2,170.0064704650973,487.0,0.0,81.16666666666667,198.8169174559013,59.195078766369285,0.7251067554900469,1517018.0,3156442.144434317,9887214.0,26.0,13299254.0,3324813.5,4653524.297756093,9887272.0,510.0,15170154.0,3034030.8,4082188.414922405,9887303.0,139.0,0,168,200,0.3295939797682031,0.3955127757218438,0.0,487.0,74.83333333333333,170.3903717581448,29032.878787878788,1,2,4,10,1.0,81.63636363636364,82.2,81.16666666666667,1,137,2,162,64240,127,3,32,3412040.0,0.0,3412040.0,3412040.0,9887214.0,0.0,9887214.0,9887214.0,0,BENIGN,0.99
15161259,5,6,406.0,487.0,386.0,0.0,81.2,170.4631925079429,487.0,0.0,81.16666666666667,198.8169174559013,58.90012168514502,0.7255334138147762,1516125.9000000004,3152839.963364968,9887423.0,24.0,13228896.0,3307224.0,4653606.914557567,9887481.0,601.0,15161234.0,3032246.8000000003,4076778.8396981633,9887560.0,339.0,0,168,200,0.3297879153703528,0.3957454984444234,0.0,487.0,74.41666666666667,170.53736371904668,29082.99242424242,1,2,4,10,1.0,81.18181818181819,81.2,81.16666666666667,1,135,2,162,64240,127,3,32,3341473.0,0.0,3341473.0,3341473.0,9887423.0,0.0,9887423.0,9887423.0,0,BENIGN,0.99
15145148,5,6,408.0,487.0,386.0,0.0,81.6,170.2551027135457,487.0,0.0,81.16666666666667,198.8169174559013,59.09483354008822,0.7263052166938216,1514514.7999999998,3152118.3414277243,9887454.0,7.0,13198395.0,3299598.75,4655532.496773731,9887461.0,448.0,15145122.0,3029024.4,4076960.6181031847,9887510.0,100.0,0,168,200,0.330138734860828,0.3961664818329936,0.0,487.0,74.58333333333334,170.46911654892125,29059.71969696969,1,2,4,10,1.0,81.36363636363636,81.6,81.16666666666667,1,136,2,162,64240,127,3,32,3310941.0,0.0,3310941.0,3310941.0,9887454.0,0.0,9887454.0,9887454.0,0,BENIGN,0.99
15222424,5,6,422.0,487.0,386.0,0.0,84.4,168.8410495110712,487.0,0.0,81.16666666666667,198.8169174559013,59.71453692263466,0.7226181585797373,1522242.4,3154728.734594015,9887475.0,7.0,13268633.0,3317158.25,4651622.128143427,9887482.0,657.0,15222398.0,3044479.6,4074317.790081341,9887546.0,158.0,0,168,200,0.328462799354426,0.3941553592253113,0.0,487.0,75.75,170.01557415291535,28905.295454545456,1,2,4,10,1.0,82.63636363636364,84.4,81.16666666666667,1,140,2,162,64240,127,3,32,3381158.0,0.0,3381158.0,3381158.0,9887475.0,0.0,9887475.0,9887475.0,0,BENIGN,0.99
15196707,5,6,408.0,487.0,386.0,0.0,81.6,170.25950781087087,487.0,0.0,81.16666666666667,198.8169174559013,58.89433809574666,0.7238410268750987,1519670.7000000002,3154133.6452233265,9887402.0,25.0,13177527.0,3294381.75,4659919.500489136,9887460.0,1732.0,15196682.0,3039336.4,4075741.919794272,9887559.0,111.0,0,168,200,0.3290186485795903,0.3948223782955083,0.0,487.0,74.58333333333334,170.4707164046516,29060.26515151515,1,2,4,10,1.0,81.36363636363636,81.6,81.16666666666667,1,136,2,162,64240,127,3,32,3290125.0,0.0,3290125.0,3290125.0,9887402.0,0.0,9887402.0,9887402.0,0,BENIGN,0.99
15181900,5,6,408.0,487.0,386.0,0.0,81.6,170.2771270605656,487.0,0.0,81.16666666666667,198.8169174559013,58.951778104189856,0.7245469934593166,1518190.0,3152490.5750350254,9887623.0,7.0,13134325.0,3283581.25,4660956.580425766,9887630.0,386.0,15181876.0,3036375.2,4074188.318535264,9887678.0,108.0,0,168,200,0.3293395424815076,0.395207450977809,0.0,487.0,74.58333333333334,170.47711567743326,29062.446969696965,1,2,4,10,1.0,81.36363636363636,81.6,81.16666666666667,1,136,2,162,64240,127,3,32,3246702.0,0.0,3246702.0,3246702.0,9887623.0,0.0,9887623.0,9887623.0,0,BENIGN,0.99
15202974,5,6,411.0,487.0,386.0,0.0,82.2,169.95352305851148,487.0,0.0,81.16666666666667,198.8169174559013,59.06739036717421,0.7235426436958979,1520297.3999999997,3145664.3639408825,9888212.0,13.0,13113361.0,3278340.25,4648180.196082647,9888272.0,651.0,15202950.0,3040589.9999999995,4060315.7426057393,9888225.0,477.0,0,168,200,0.3288830198617718,0.3946596238341261,0.0,487.0,74.83333333333333,170.37116344420886,29026.33333333333,1,2,4,10,1.0,81.63636363636364,82.2,81.16666666666667,1,137,2,162,64240,127,3,32,3225149.0,0.0,3225149.0,3225149.0,9888212.0,0.0,9888212.0,9888212.0,0,BENIGN,0.99
15159024,5,6,395.0,487.0,386.0,0.0,79.0,171.63333009645882,487.0,0.0,81.16666666666667,198.8169174559013,58.18316535418112,0.7256403842358189,1515902.4,3146562.425187426,9877881.0,8.0,13055060.0,3263765.0,4656654.510177523,9877889.0,331.0,15158997.0,3031799.3999999994,4066053.2057092288,9878025.0,110.0,0,168,200,0.3298365382890085,0.3958038459468103,0.0,487.0,73.5,170.9276827411895,29216.272727272728,1,2,4,10,1.0,80.18181818181819,79.0,81.16666666666667,1,131,2,162,64240,127,3,32,3177179.0,0.0,3177179.0,3177179.0,9877881.0,0.0,9877881.0,9877881.0,0,BENIGN,0.99
83,2,1,0.0,0.0,0.0,0.0,0.0,0.0,0.0,0.0,0.0,0.0,0.0,36144.57831325301,41.5,58.68986283848344,83.0,0.0,0.0,0.0,0.0,0.0,0.0,0.0,0.0,0.0,0.0,0.0,0,64,32,24096.385542168675,12048.192771084336,0.0,0.0,0.0,0.0,0.0,1,0,0,3,0.0,0.0,0.0,0.0,0,0,0,0,126,127,0,32,0.0,0.0,0.0,0.0,0.0,0.0,0.0,0.0,0,BENIGN,1.0
3949,2,1,0.0,0.0,0.0,0.0,0.0,0.0,0.0,0.0,0.0,0.0,0.0,759.6859964547987,1974.5,2693.36972953956,3879.0,70.0,3879.0,3879.0,0.0,3879.0,3879.0,0.0,0.0,0.0,0.0,0.0,0,64,32,506.4573309698658,253.2286654849329,0.0,0.0,0.0,0.0,0.0,1,0,0,3,0.0,0.0,0.0,0.0,0,0,0,0,126,127,0,32,0.0,0.0,0.0,0.0,0.0,0.0,0.0,0.0,0,BENIGN,0.92
654,2,1,0.0,0.0,0.0,0.0,0.0,0.0,0.0,0.0,0.0,0.0,0.0,4587.155963302753,327.0,383.2518754031088,598.0,56.0,598.0,598.0,0.0,598.0,598.0,0.0,0.0,0.0,0.0,0.0,0,64,32,3058.1039755351685,1529.0519877675845,0.0,0.0,0.0,0.0,0.0,1,0,0,3,0.0,0.0,0.0,0.0,0,0,0,0,126,127,0,32,0.0,0.0,0.0,0.0,0.0,0.0,0.0,0.0,0,BENIGN,0.85
80,2,1,0.0,0.0,0.0,0.0,0.0,0.0,0.0,0.0,0.0,0.0,0.0,37500.0,40.0,55.15432893255071,79.0,1.0,1.0,1.0,0.0,1.0,1.0,0.0,0.0,0.0,0.0,0.0,0,64,32,25000.0,12499.999999999998,0.0,0.0,0.0,0.0,0.0,1,0,0,3,0.0,0.0,0.0,0.0,0,0,0,0,126,127,0,32,0.0,0.0,0.0,0.0,0.0,0.0,0.0,0.0,0,BENIGN,1.0
313,2,1,0.0,0.0,0.0,0.0,0.0,0.0,0.0,0.0,0.0,0.0,0.0,9584.664536741211,156.5,137.88582233137677,254.0,59.0,254.0,254.0,0.0,254.0,254.0,0.0,0.0,0.0,0.0,0.0,0,64,32,6389.776357827475,3194.8881789137376,0.0,0.0,0.0,0.0,0.0,1,0,0,3,0.0,0.0,0.0,0.0,0,0,0,0,126,127,0,32,0.0,0.0,0.0,0.0,0.0,0.0,0.0,0.0,0,BENIGN,0.9
56,1,1,0.0,0.0,0.0,0.0,0.0,0.0,0.0,0.0,0.0,0.0,0.0,35714.28571428572,56.0,0.0,56.0,56.0,0.0,0.0,0.0,0.0,0.0,0.0,0.0,0.0,0.0,0.0,0,32,32,17857.14285714286,17857.14285714286,0.0,0.0,0.0,0.0,0.0,1,0,0,2,1.0,0.0,0.0,0.0,0,0,0,0,126,127,0,32,0.0,0.0,0.0,0.0,0.0,0.0,0.0,0.0,0,BENIGN,1.0
3098,2,1,0.0,0.0,0.0,0.0,0.0,0.0,0.0,0.0,0.0,0.0,0.0,968.3666881859264,1549.0,1937.47258045114,2919.0,179.0,2919.0,2919.0,0.0,2919.0,2919.0,0.0,0.0,0.0,0.0,0.0,0,64,32,645.5777921239509,322.78889606197544,0.0,0.0,0.0,0.0,0.0,1,0,0,3,0.0,0.0,0.0,0.0,0,0,0,0,126,127,0,32,0.0,0.0,0.0,0.0,0.0,0.0,0.0,0.0,0,BENIGN,0.92
77,2,1,0.0,0.0,0.0,0.0,0.0,0.0,0.0,0.0,0.0,0.0,0.0,38961.03896103896,38.5,53.033008588991066,76.0,1.0,1.0,1.0,0.0,1.0,1.0,0.0,0.0,0.0,0.0,0.0,0,64,32,25974.02597402597,12987.012987012988,0.0,0.0,0.0,0.0,0.0,1,0,0,3,0.0,0.0,0.0,0.0,0,0,0,0,126,127,0,32,0.0,0.0,0.0,0.0,0.0,0.0,0.0,0.0,0,BENIGN,1.0
1569,2,1,0.0,0.0,0.0,0.0,0.0,0.0,0.0,0.0,0.0,0.0,0.0,1912.0458891013384,784.5,1040.1540751254115,1520.0,49.0,1520.0,1520.0,0.0,1520.0,1520.0,0.0,0.0,0.0,0.0,0.0,0,64,32,1274.697259400892,637.348629700446,0.0,0.0,0.0,0.0,0.0,1,0,0,3,0.0,0.0,0.0,0.0,0,0,0,0,126,127,0,32,0.0,0.0,0.0,0.0,0.0,0.0,0.0,0.0,0,BENIGN,0.92
362,2,1,0.0,0.0,0.0,0.0,0.0,0.0,0.0,0.0,0.0,0.0,0.0,8287.292817679558,181.0,175.36248173426378,305.0,57.0,305.0,305.0,0.0,305.0,305.0,0.0,0.0,0.0,0.0,0.0,0,64,32,5524.861878453038,2762.430939226519,0.0,0.0,0.0,0.0,0.0,1,0,0,3,0.0,0.0,0.0,0.0,0,0,0,0,126,127,0,32,0.0,0.0,0.0,0.0,0.0,0.0,0.0,0.0,0,BENIGN,0.83
287,2,1,0.0,0.0,0.0,0.0,0.0,0.0,0.0,0.0,0.0,0.0,0.0,10452.961672473868,143.5,120.91525958289962,229.0,58.0,229.0,229.0,0.0,229.0,229.0,0.0,0.0,0.0,0.0,0.0,0,64,32,6968.641114982579,3484.320557491289,0.0,0.0,0.0,0.0,0.0,1,0,0,3,0.0,0.0,0.0,0.0,0,0,0,0,126,127,0,32,0.0,0.0,0.0,0.0,0.0,0.0,0.0,0.0,0,BENIGN,0.91
339,2,1,0.0,0.0,0.0,0.0,0.0,0.0,0.0,0.0,0.0,0.0,0.0,8849.557522123894,169.5,139.30003589374985,268.0,71.0,268.0,268.0,0.0,268.0,268.0,0.0,0.0,0.0,0.0,0.0,0,64,32,5899.705014749263,2949.8525073746314,0.0,0.0,0.0,0.0,0.0,1,0,0,3,0.0,0.0,0.0,0.0,0,0,0,0,126,127,0,32,0.0,0.0,0.0,0.0,0.0,0.0,0.0,0.0,0,BENIGN,0.9
623,2,1,0.0,0.0,0.0,0.0,0.0,0.0,0.0,0.0,0.0,0.0,0.0,4815.409309791333,311.5,243.9518395093589,484.0,139.0,484.0,484.0,0.0,484.0,484.0,0.0,0.0,0.0,0.0,0.0,0,64,32,3210.2728731942216,1605.1364365971108,0.0,0.0,0.0,0.0,0.0,1,0,0,3,0.0,0.0,0.0,0.0,0,0,0,0,126,127,0,32,0.0,0.0,0.0,0.0,0.0,0.0,0.0,0.0,0,BENIGN,0.85
68,2,1,0.0,0.0,0.0,0.0,0.0,0.0,0.0,0.0,0.0,0.0,0.0,44117.64705882353,34.0,46.66904755831214,67.0,1.0,1.0,1.0,0.0,1.0,1.0,0.0,0.0,0.0,0.0,0.0,0,64,32,29411.764705882357,14705.882352941177,0.0,0.0,0.0,0.0,0.0,1,0,0,3,0.0,0.0,0.0,0.0,0,0,0,0,126,127,0,32,0.0,0.0,0.0,0.0,0.0,0.0,0.0,0.0,0,BENIGN,0.99
506,2,1,0.0,0.0,0.0,0.0,0.0,0.0,0.0,0.0,0.0,0.0,0.0,5928.853754940711,253.0,343.6538956566621,496.0,10.0,496.0,496.0,0.0,496.0,496.0,0.0,0.0,0.0,0.0,0.0,0,64,32,3952.569169960474,1976.284584980237,0.0,0.0,0.0,0.0,0.0,1,0,0,3,0.0,0.0,0.0,0.0,0,0,0,0,126,127,0,32,0.0,0.0,0.0,0.0,0.0,0.0,0.0,0.0,0,BENIGN,0.85
976,2,1,0.0,0.0,0.0,0.0,0.0,0.0,0.0,0.0,0.0,0.0,0.0,3073.7704918032787,488.0,602.4549775709385,914.0,62.0,914.0,914.0,0.0,914.0,914.0,0.0,0.0,0.0,0.0,0.0,0,64,32,2049.1803278688526,1024.5901639344263,0.0,0.0,0.0,0.0,0.0,1,0,0,3,0.0,0.0,0.0,0.0,0,0,0,0,126,127,0,32,0.0,0.0,0.0,0.0,0.0,0.0,0.0,0.0,0,BENIGN,0.76
807,2,1,0.0,0.0,0.0,0.0,0.0,0.0,0.0,0.0,0.0,0.0,0.0,3717.472118959108,403.5,140.71424945612296,503.0,304.0,304.0,304.0,0.0,304.0,304.0,0.0,0.0,0.0,0.0,0.0,0,64,32,2478.3147459727384,1239.1573729863692,0.0,0.0,0.0,0.0,0.0,1,0,0,3,0.0,0.0,0.0,0.0,0,0,0,0,126,127,0,32,0.0,0.0,0.0,0.0,0.0,0.0,0.0,0.0,0,BENIGN,0.91
16,2,1,0.0,0.0,0.0,0.0,0.0,0.0,0.0,0.0,0.0,0.0,0.0,187500.0,8.0,11.31370849898476,16.0,0.0,0.0,0.0,0.0,0.0,0.0,0.0,0.0,0.0,0.0,0.0,0,64,32,125000.0,62500.0,0.0,0.0,0.0,0.0,0.0,1,0,0,3,0.0,0.0,0.0,0.0,0,0,0,0,126,127,0,32,0.0,0.0,0.0,0.0,0.0,0.0,0.0,0.0,0,BENIGN,0.97
76,1,1,0.0,0.0,0.0,0.0,0.0,0.0,0.0,0.0,0.0,0.0,0.0,26315.78947368421,76.0,0.0,76.0,76.0,0.0,0.0,0.0,0.0,0.0,0.0,0.0,0.0,0.0,0.0,0,32,32,13157.894736842103,13157.894736842103,0.0,0.0,0.0,0.0,0.0,1,0,0,2,1.0,0.0,0.0,0.0,0,0,0,0,126,127,0,32,0.0,0.0,0.0,0.0,0.0,0.0,0.0,0.0,0,BENIGN,1.0
71,1,1,0.0,0.0,0.0,0.0,0.0,0.0,0.0,0.0,0.0,0.0,0.0,28169.01408450704,71.0,0.0,71.0,71.0,0.0,0.0,0.0,0.0,0.0,0.0,0.0,0.0,0.0,0.0,0,32,32,14084.50704225352,14084.50704225352,0.0,0.0,0.0,0.0,0.0,1,0,0,2,1.0,0.0,0.0,0.0,0,0,0,0,126,127,0,32,0.0,0.0,0.0,0.0,0.0,0.0,0.0,0.0,0,BENIGN,1.0
20,2,1,0.0,0.0,0.0,0.0,0.0,0.0,0.0,0.0,0.0,0.0,0.0,150000.0,10.0,14.142135623730953,20.0,0.0,0.0,0.0,0.0,0.0,0.0,0.0,0.0,0.0,0.0,0.0,0,64,32,100000.0,49999.99999999999,0.0,0.0,0.0,0.0,0.0,1,0,0,3,0.0,0.0,0.0,0.0,0,0,0,0,126,127,0,32,0.0,0.0,0.0,0.0,0.0,0.0,0.0,0.0,0,BENIGN,0.96
69,2,1,0.0,0.0,0.0,0.0,0.0,0.0,0.0,0.0,0.0,0.0,0.0,43478.260869565216,34.5,47.37615433949868,68.0,1.0,1.0,1.0,0.0,1.0,1.0,0.0,0.0,0.0,0.0,0.0,0,64,32,28985.50724637681,14492.753623188406,0.0,0.0,0.0,0.0,0.0,1,0,0,3,0.0,0.0,0.0,0.0,0,0,0,0,126,127,0,32,0.0,0.0,0.0,0.0,0.0,0.0,0.0,0.0,0,BENIGN,0.99
12,2,1,0.0,0.0,0.0,0.0,0.0,0.0,0.0,0.0,0.0,0.0,0.0,250000.0,6.0,8.48528137423857,12.0,0.0,0.0,0.0,0.0,0.0,0.0,0.0,0.0,0.0,0.0,0.0,0,64,32,166666.66666666666,83333.33333333333,0.0,0.0,0.0,0.0,0.0,1,0,0,3,0.0,0.0,0.0,0.0,0,0,0,0,126,127,0,32,0.0,0.0,0.0,0.0,0.0,0.0,0.0,0.0,0,BENIGN,0.96
7451,2,1,0.0,0.0,0.0,0.0,0.0,0.0,0.0,0.0,0.0,0.0,0.0,402.6305193933701,3725.5,5106.01806694806,7336.0,115.0,7336.0,7336.0,0.0,7336.0,7336.0,0.0,0.0,0.0,0.0,0.0,0,64,32,268.42034626224665,134.21017313112333,0.0,0.0,0.0,0.0,0.0,1,0,0,3,0.0,0.0,0.0,0.0,0,0,0,0,126,127,0,32,0.0,0.0,0.0,0.0,0.0,0.0,0.0,0.0,0,BENIGN,0.96
288,2,1,0.0,0.0,0.0,0.0,0.0,0.0,0.0,0.0,0.0,0.0,0.0,10416.666666666666,144.0,101.82337649086284,216.0,72.0,216.0,216.0,0.0,216.0,216.0,0.0,0.0,0.0,0.0,0.0,0,64,32,6944.444444444444,3472.222222222222,0.0,0.0,0.0,0.0,0.0,1,0,0,3,0.0,0.0,0.0,0.0,0,0,0,0,126,127,0,32,0.0,0.0,0.0,0.0,0.0,0.0,0.0,0.0,0,BENIGN,0.91
584,2,1,0.0,0.0,0.0,0.0,0.0,0.0,0.0,0.0,0.0,0.0,0.0,5136.986301369863,292.0,330.92597359530424,526.0,58.0,526.0,526.0,0.0,526.0,526.0,0.0,0.0,0.0,0.0,0.0,0,64,32,3424.657534246576,1712.3287671232877,0.0,0.0,0.0,0.0,0.0,1,0,0,3,0.0,0.0,0.0,0.0,0,0,0,0,126,127,0,32,0.0,0.0,0.0,0.0,0.0,0.0,0.0,0.0,0,BENIGN,0.85
76,2,1,0.0,0.0,0.0,0.0,0.0,0.0,0.0,0.0,0.0,0.0,0.0,39473.68421052631,38.0,52.32590180780452,75.0,1.0,1.0,1.0,0.0,1.0,1.0,0.0,0.0,0.0,0.0,0.0,0,64,32,26315.78947368421,13157.894736842103,0.0,0.0,0.0,0.0,0.0,1,0,0,3,0.0,0.0,0.0,0.0,0,0,0,0,126,127,0,32,0.0,0.0,0.0,0.0,0.0,0.0,0.0,0.0,0,BENIGN,1.0
5934,2,1,0.0,0.0,0.0,0.0,0.0,0.0,0.0,0.0,0.0,0.0,0.0,505.5611729019211,2967.0,4116.77568006808,5878.0,56.0,5878.0,5878.0,0.0,5878.0,5878.0,0.0,0.0,0.0,0.0,0.0,0,64,32,337.0407819346141,168.52039096730704,0.0,0.0,0.0,0.0,0.0,1,0,0,3,0.0,0.0,0.0,0.0,0,0,0,0,126,127,0,32,0.0,0.0,0.0,0.0,0.0,0.0,0.0,0.0,0,BENIGN,0.96
18,2,1,0.0,0.0,0.0,0.0,0.0,0.0,0.0,0.0,0.0,0.0,0.0,166666.66666666666,9.0,11.31370849898476,17.0,1.0,1.0,1.0,0.0,1.0,1.0,0.0,0.0,0.0,0.0,0.0,0,64,32,111111.11111111112,55555.55555555556,0.0,0.0,0.0,0.0,0.0,1,0,0,3,0.0,0.0,0.0,0.0,0,0,0,0,126,127,0,32,0.0,0.0,0.0,0.0,0.0,0.0,0.0,0.0,0,BENIGN,0.98
552,2,1,0.0,0.0,0.0,0.0,0.0,0.0,0.0,0.0,0.0,0.0,0.0,5434.782608695652,276.0,295.57063453597686,485.0,67.0,485.0,485.0,0.0,485.0,485.0,0.0,0.0,0.0,0.0,0.0,0,64,32,3623.1884057971015,1811.5942028985507,0.0,0.0,0.0,0.0,0.0,1,0,0,3,0.0,0.0,0.0,0.0,0,0,0,0,126,127,0,32,0.0,0.0,0.0,0.0,0.0,0.0,0.0,0.0,0,BENIGN,0.85
1321,2,1,0.0,0.0,0.0,0.0,0.0,0.0,0.0,0.0,0.0,0.0,0.0,2271.006813020439,660.5,852.0636713297897,1263.0,58.0,1263.0,1263.0,0.0,1263.0,1263.0,0.0,0.0,0.0,0.0,0.0,0,64,32,1514.0045420136262,757.0022710068131,0.0,0.0,0.0,0.0,0.0,1,0,0,3,0.0,0.0,0.0,0.0,0,0,0,0,126,127,0,32,0.0,0.0,0.0,0.0,0.0,0.0,0.0,0.0,0,BENIGN,0.93
2652,2,1,0.0,0.0,0.0,0.0,0.0,0.0,0.0,0.0,0.0,0.0,0.0,1131.2217194570137,1326.0,1757.8674580297572,2569.0,83.0,2569.0,2569.0,0.0,2569.0,2569.0,0.0,0.0,0.0,0.0,0.0,0,64,32,754.1478129713424,377.0739064856712,0.0,0.0,0.0,0.0,0.0,1,0,0,3,0.0,0.0,0.0,0.0,0,0,0,0,126,127,0,32,0.0,0.0,0.0,0.0,0.0,0.0,0.0,0.0,0,BENIGN,0.93
169,2,1,0.0,0.0,0.0,0.0,0.0,0.0,0.0,0.0,0.0,0.0,0.0,17751.47928994083,84.5,118.08683245815344,168.0,1.0,1.0,1.0,0.0,1.0,1.0,0.0,0.0,0.0,0.0,0.0,0,64,32,11834.31952662722,5917.15976331361,0.0,0.0,0.0,0.0,0.0,1,0,0,3,0.0,0.0,0.0,0.0,0,0,0,0,126,127,0,32,0.0,0.0,0.0,0.0,0.0,0.0,0.0,0.0,0,BENIGN,0.98
351,2,1,0.0,0.0,0.0,0.0,0.0,0.0,0.0,0.0,0.0,0.0,0.0,8547.008547008547,175.5,248.19448019647817,351.0,0.0,0.0,0.0,0.0,0.0,0.0,0.0,0.0,0.0,0.0,0.0,0,64,32,5698.005698005698,2849.002849002849,0.0,0.0,0.0,0.0,0.0,1,0,0,3,0.0,0.0,0.0,0.0,0,0,0,0,126,127,0,32,0.0,0.0,0.0,0.0,0.0,0.0,0.0,0.0,0,BENIGN,0.99
25,2,1,0.0,0.0,0.0,0.0,0.0,0.0,0.0,0.0,0.0,0.0,0.0,120000.0,12.5,16.263455967290593,24.0,1.0,1.0,1.0,0.0,1.0,1.0,0.0,0.0,0.0,0.0,0.0,0,64,32,80000.0,40000.0,0.0,0.0,0.0,0.0,0.0,1,0,0,3,0.0,0.0,0.0,0.0,0,0,0,0,126,127,0,32,0.0,0.0,0.0,0.0,0.0,0.0,0.0,0.0,0,BENIGN,0.99
67,2,1,0.0,0.0,0.0,0.0,0.0,0.0,0.0,0.0,0.0,0.0,0.0,44776.119402985074,33.5,47.37615433949868,67.0,0.0,0.0,0.0,0.0,0.0,0.0,0.0,0.0,0.0,0.0,0.0,0,64,32,29850.74626865672,14925.373134328358,0.0,0.0,0.0,0.0,0.0,1,0,0,3,0.0,0.0,0.0,0.0,0,0,0,0,126,127,0,32,0.0,0.0,0.0,0.0,0.0,0.0,0.0,0.0,0,BENIGN,0.99
557,2,1,0.0,0.0,0.0,0.0,0.0,0.0,0.0,0.0,0.0,0.0,0.0,5385.996409335728,278.5,366.9884194358182,538.0,19.0,538.0,538.0,0.0,538.0,538.0,0.0,0.0,0.0,0.0,0.0,0,64,32,3590.664272890485,1795.3321364452424,0.0,0.0,0.0,0.0,0.0,1,0,0,3,0.0,0.0,0.0,0.0,0,0,0,0,126,127,0,32,0.0,0.0,0.0,0.0,0.0,0.0,0.0,0.0,0,BENIGN,0.86
20555,2,1,0.0,0.0,0.0,0.0,0.0,0.0,0.0,0.0,0.0,0.0,0.0,145.9498905375821,10277.5,14395.986958176922,20457.0,98.0,20457.0,20457.0,0.0,20457.0,20457.0,0.0,0.0,0.0,0.0,0.0,0,64,32,97.29992702505471,48.64996351252736,0.0,0.0,0.0,0.0,0.0,1,0,0,3,0.0,0.0,0.0,0.0,0,0,0,0,126,127,0,32,0.0,0.0,0.0,0.0,0.0,0.0,0.0,0.0,0,BENIGN,1.0
680,2,1,0.0,0.0,0.0,0.0,0.0,0.0,0.0,0.0,0.0,0.0,0.0,4411.764705882352,340.0,400.2224381515859,623.0,57.0,623.0,623.0,0.0,623.0,623.0,0.0,0.0,0.0,0.0,0.0,0,64,32,2941.176470588235,1470.5882352941176,0.0,0.0,0.0,0.0,0.0,1,0,0,3,0.0,0.0,0.0,0.0,0,0,0,0,126,127,0,32,0.0,0.0,0.0,0.0,0.0,0.0,0.0,0.0,0,BENIGN,0.88
6440,2,1,0.0,0.0,0.0,0.0,0.0,0.0,0.0,0.0,0.0,0.0,0.0,465.83850931677017,3220.0,4306.280297426075,6265.0,175.0,6265.0,6265.0,0.0,6265.0,6265.0,0.0,0.0,0.0,0.0,0.0,0,64,32,310.5590062111801,155.27950310559004,0.0,0.0,0.0,0.0,0.0,1,0,0,3,0.0,0.0,0.0,0.0,0,0,0,0,126,127,0,32,0.0,0.0,0.0,0.0,0.0,0.0,0.0,0.0,0,BENIGN,0.96
572,2,1,0.0,0.0,0.0,0.0,0.0,0.0,0.0,0.0,0.0,0.0,0.0,5244.755244755244,286.0,325.2691193458119,516.0,56.0,516.0,516.0,0.0,516.0,516.0,0.0,0.0,0.0,0.0,0.0,0,64,32,3496.5034965034965,1748.2517482517485,0.0,0.0,0.0,0.0,0.0,1,0,0,3,0.0,0.0,0.0,0.0,0,0,0,0,126,127,0,32,0.0,0.0,0.0,0.0,0.0,0.0,0.0,0.0,0,BENIGN,0.85
7042,2,1,0.0,0.0,0.0,0.0,0.0,0.0,0.0,0.0,0.0,0.0,0.0,426.0153365521159,3521.0,4813.982966318015,6925.0,117.0,6925.0,6925.0,0.0,6925.0,6925.0,0.0,0.0,0.0,0.0,0.0,0,64,32,284.0102243680773,142.00511218403864,0.0,0.0,0.0,0.0,0.0,1,0,0,3,0.0,0.0,0.0,0.0,0,0,0,0,126,127,0,32,0.0,0.0,0.0,0.0,0.0,0.0,0.0,0.0,0,BENIGN,0.96
91,2,1,0.0,0.0,0.0,0.0,0.0,0.0,0.0,0.0,0.0,0.0,0.0,32967.03296703297,45.5,64.34671708797582,91.0,0.0,0.0,0.0,0.0,0.0,0.0,0.0,0.0,0.0,0.0,0.0,0,64,32,21978.021978021978,10989.010989010989,0.0,0.0,0.0,0.0,0.0,1,0,0,3,0.0,0.0,0.0,0.0,0,0,0,0,126,127,0,32,0.0,0.0,0.0,0.0,0.0,0.0,0.0,0.0,0,BENIGN,1.0
66,2,1,0.0,0.0,0.0,0.0,0.0,0.0,0.0,0.0,0.0,0.0,0.0,45454.54545454545,33.0,46.66904755831214,66.0,0.0,0.0,0.0,0.0,0.0,0.0,0.0,0.0,0.0,0.0,0.0,0,64,32,30303.0303030303,15151.51515151515,0.0,0.0,0.0,0.0,0.0,1,0,0,3,0.0,0.0,0.0,0.0,0,0,0,0,126,127,0,32,0.0,0.0,0.0,0.0,0.0,0.0,0.0,0.0,0,BENIGN,0.99
76,2,1,0.0,0.0,0.0,0.0,0.0,0.0,0.0,0.0,0.0,0.0,0.0,39473.68421052631,38.0,52.32590180780452,75.0,1.0,1.0,1.0,0.0,1.0,1.0,0.0,0.0,0.0,0.0,0.0,0,64,32,26315.78947368421,13157.894736842103,0.0,0.0,0.0,0.0,0.0,1,0,0,3,0.0,0.0,0.0,0.0,0,0,0,0,126,127,0,32,0.0,0.0,0.0,0.0,0.0,0.0,0.0,0.0,0,BENIGN,1.0
517,2,1,0.0,0.0,0.0,0.0,0.0,0.0,0.0,0.0,0.0,0.0,0.0,5802.707930367505,258.5,265.1650429449553,446.0,71.0,446.0,446.0,0.0,446.0,446.0,0.0,0.0,0.0,0.0,0.0,0,64,32,3868.471953578337,1934.2359767891685,0.0,0.0,0.0,0.0,0.0,1,0,0,3,0.0,0.0,0.0,0.0,0,0,0,0,126,127,0,32,0.0,0.0,0.0,0.0,0.0,0.0,0.0,0.0,0,BENIGN,0.86
2247,2,1,0.0,0.0,0.0,0.0,0.0,0.0,0.0,0.0,0.0,0.0,0.0,1335.113484646195,1123.5,1492.7024150848015,2179.0,68.0,2179.0,2179.0,0.0,2179.0,2179.0,0.0,0.0,0.0,0.0,0.0,0,64,32,890.0756564307967,445.0378282153984,0.0,0.0,0.0,0.0,0.0,1,0,0,3,0.0,0.0,0.0,0.0,0,0,0,0,126,127,0,32,0.0,0.0,0.0,0.0,0.0,0.0,0.0,0.0,0,BENIGN,0.91
714,2,1,0.0,0.0,0.0,0.0,0.0,0.0,0.0,0.0,0.0,0.0,0.0,4201.680672268907,357.0,209.30360723121808,505.0,209.0,505.0,505.0,0.0,505.0,505.0,0.0,0.0,0.0,0.0,0.0,0,64,32,2801.1204481792715,1400.5602240896358,0.0,0.0,0.0,0.0,0.0,1,0,0,3,0.0,0.0,0.0,0.0,0,0,0,0,126,127,0,32,0.0,0.0,0.0,0.0,0.0,0.0,0.0,0.0,0,BENIGN,0.87
291,2,1,0.0,0.0,0.0,0.0,0.0,0.0,0.0,0.0,0.0,0.0,0.0,10309.278350515464,145.5,204.35385976291224,290.0,1.0,1.0,1.0,0.0,1.0,1.0,0.0,0.0,0.0,0.0,0.0,0,64,32,6872.852233676976,3436.426116838488,0.0,0.0,0.0,0.0,0.0,1,0,0,3,0.0,0.0,0.0,0.0,0,0,0,0,126,127,0,32,0.0,0.0,0.0,0.0,0.0,0.0,0.0,0.0,0,BENIGN,0.99
68,1,1,0.0,0.0,0.0,0.0,0.0,0.0,0.0,0.0,0.0,0.0,0.0,29411.764705882357,68.0,0.0,68.0,68.0,0.0,0.0,0.0,0.0,0.0,0.0,0.0,0.0,0.0,0.0,0,32,32,14705.882352941177,14705.882352941177,0.0,0.0,0.0,0.0,0.0,1,0,0,2,1.0,0.0,0.0,0.0,0,0,0,0,126,127,0,32,0.0,0.0,0.0,0.0,0.0,0.0,0.0,0.0,0,BENIGN,1.0
58,2,1,0.0,0.0,0.0,0.0,0.0,0.0,0.0,0.0,0.0,0.0,0.0,51724.137931034486,29.0,41.01219330881976,58.0,0.0,0.0,0.0,0.0,0.0,0.0,0.0,0.0,0.0,0.0,0.0,0,64,32,34482.75862068965,17241.379310344826,0.0,0.0,0.0,0.0,0.0,1,0,0,3,0.0,0.0,0.0,0.0,0,0,0,0,126,127,0,32,0.0,0.0,0.0,0.0,0.0,0.0,0.0,0.0,0,BENIGN,0.99
568,2,1,0.0,0.0,0.0,0.0,0.0,0.0,0.0,0.0,0.0,0.0,0.0,5281.69014084507,284.0,302.64170234784234,498.0,70.0,498.0,498.0,0.0,498.0,498.0,0.0,0.0,0.0,0.0,0.0,0,64,32,3521.12676056338,1760.56338028169,0.0,0.0,0.0,0.0,0.0,1,0,0,3,0.0,0.0,0.0,0.0,0,0,0,0,126,127,0,32,0.0,0.0,0.0,0.0,0.0,0.0,0.0,0.0,0,BENIGN,0.85
423,2,1,0.0,0.0,0.0,0.0,0.0,0.0,0.0,0.0,0.0,0.0,0.0,7092.198581560284,211.5,217.08178182427008,365.0,58.0,365.0,365.0,0.0,365.0,365.0,0.0,0.0,0.0,0.0,0.0,0,64,32,4728.132387706856,2364.066193853428,0.0,0.0,0.0,0.0,0.0,1,0,0,3,0.0,0.0,0.0,0.0,0,0,0,0,126,127,0,32,0.0,0.0,0.0,0.0,0.0,0.0,0.0,0.0,0,BENIGN,0.81
73,2,1,0.0,0.0,0.0,0.0,0.0,0.0,0.0,0.0,0.0,0.0,0.0,41095.890410958906,36.5,50.20458146424488,72.0,1.0,1.0,1.0,0.0,1.0,1.0,0.0,0.0,0.0,0.0,0.0,0,64,32,27397.260273972603,13698.6301369863,0.0,0.0,0.0,0.0,0.0,1,0,0,3,0.0,0.0,0.0,0.0,0,0,0,0,126,127,0,32,0.0,0.0,0.0,0.0,0.0,0.0,0.0,0.0,0,BENIGN,1.0
6105,2,1,0.0,0.0,0.0,0.0,0.0,0.0,0.0,0.0,0.0,0.0,0.0,491.4004914004914,3052.5,4234.862512526233,6047.0,58.0,6047.0,6047.0,0.0,6047.0,6047.0,0.0,0.0,0.0,0.0,0.0,0,64,32,327.6003276003276,163.8001638001638,0.0,0.0,0.0,0.0,0.0,1,0,0,3,0.0,0.0,0.0,0.0,0,0,0,0,126,127,0,32,0.0,0.0,0.0,0.0,0.0,0.0,0.0,0.0,0,BENIGN,0.96
15,2,1,0.0,0.0,0.0,0.0,0.0,0.0,0.0,0.0,0.0,0.0,0.0,200000.0,7.5,10.606601717798211,15.0,0.0,0.0,0.0,0.0,0.0,0.0,0.0,0.0,0.0,0.0,0.0,0,64,32,133333.33333333334,66666.66666666667,0.0,0.0,0.0,0.0,0.0,1,0,0,3,0.0,0.0,0.0,0.0,0,0,0,0,126,127,0,32,0.0,0.0,0.0,0.0,0.0,0.0,0.0,0.0,0,BENIGN,0.97
288,2,1,0.0,0.0,0.0,0.0,0.0,0.0,0.0,0.0,0.0,0.0,0.0,10416.666666666666,144.0,121.62236636408618,230.0,58.0,230.0,230.0,0.0,230.0,230.0,0.0,0.0,0.0,0.0,0.0,0,64,32,6944.444444444444,3472.222222222222,0.0,0.0,0.0,0.0,0.0,1,0,0,3,0.0,0.0,0.0,0.0,0,0,0,0,126,127,0,32,0.0,0.0,0.0,0.0,0.0,0.0,0.0,0.0,0,BENIGN,0.91
240,2,1,0.0,0.0,0.0,0.0,0.0,0.0,0.0,0.0,0.0,0.0,0.0,12500.0,120.0,156.97770542341354,231.0,9.0,231.0,231.0,0.0,231.0,231.0,0.0,0.0,0.0,0.0,0.0,0,64,32,8333.333333333334,4166.666666666667,0.0,0.0,0.0,0.0,0.0,1,0,0,3,0.0,0.0,0.0,0.0,0,0,0,0,126,127,0,32,0.0,0.0,0.0,0.0,0.0,0.0,0.0,0.0,0,BENIGN,0.89
1431,2,1,0.0,0.0,0.0,0.0,0.0,0.0,0.0,0.0,0.0,0.0,0.0,2096.4360587002097,715.5,931.2596308226832,1374.0,57.0,1374.0,1374.0,0.0,1374.0,1374.0,0.0,0.0,0.0,0.0,0.0,0,64,32,1397.6240391334732,698.8120195667366,0.0,0.0,0.0,0.0,0.0,1,0,0,3,0.0,0.0,0.0,0.0,0,0,0,0,126,127,0,32,0.0,0.0,0.0,0.0,0.0,0.0,0.0,0.0,0,BENIGN,0.93
56,1,1,0.0,0.0,0.0,0.0,0.0,0.0,0.0,0.0,0.0,0.0,0.0,35714.28571428572,56.0,0.0,56.0,56.0,0.0,0.0,0.0,0.0,0.0,0.0,0.0,0.0,0.0,0.0,0,32,32,17857.14285714286,17857.14285714286,0.0,0.0,0.0,0.0,0.0,1,0,0,2,1.0,0.0,0.0,0.0,0,0,0,0,126,127,0,32,0.0,0.0,0.0,0.0,0.0,0.0,0.0,0.0,0,BENIGN,1.0
308,2,1,0.0,0.0,0.0,0.0,0.0,0.0,0.0,0.0,0.0,0.0,0.0,9740.25974025974,154.0,202.2325394193526,297.0,11.0,297.0,297.0,0.0,297.0,297.0,0.0,0.0,0.0,0.0,0.0,0,64,32,6493.506493506494,3246.753246753247,0.0,0.0,0.0,0.0,0.0,1,0,0,3,0.0,0.0,0.0,0.0,0,0,0,0,126,127,0,32,0.0,0.0,0.0,0.0,0.0,0.0,0.0,0.0,0,BENIGN,0.87
61,1,1,0.0,0.0,0.0,0.0,0.0,0.0,0.0,0.0,0.0,0.0,0.0,32786.88524590164,61.0,0.0,61.0,61.0,0.0,0.0,0.0,0.0,0.0,0.0,0.0,0.0,0.0,0.0,0,32,32,16393.44262295082,16393.44262295082,0.0,0.0,0.0,0.0,0.0,1,0,0,2,1.0,0.0,0.0,0.0,0,0,0,0,126,127,0,32,0.0,0.0,0.0,0.0,0.0,0.0,0.0,0.0,0,BENIGN,1.0
72,2,1,0.0,0.0,0.0,0.0,0.0,0.0,0.0,0.0,0.0,0.0,0.0,41666.66666666666,36.0,49.49747468305833,71.0,1.0,1.0,1.0,0.0,1.0,1.0,0.0,0.0,0.0,0.0,0.0,0,64,32,27777.777777777777,13888.888888888889,0.0,0.0,0.0,0.0,0.0,1,0,0,3,0.0,0.0,0.0,0.0,0,0,0,0,126,127,0,32,0.0,0.0,0.0,0.0,0.0,0.0,0.0,0.0,0,BENIGN,1.0
701,2,1,0.0,0.0,0.0,0.0,0.0,0.0,0.0,0.0,0.0,0.0,0.0,4279.600570613409,350.5,33.23401871576773,374.0,327.0,374.0,374.0,0.0,374.0,374.0,0.0,0.0,0.0,0.0,0.0,0,64,32,2853.0670470756063,1426.5335235378031,0.0,0.0,0.0,0.0,0.0,1,0,0,3,0.0,0.0,0.0,0.0,0,0,0,0,126,127,0,32,0.0,0.0,0.0,0.0,0.0,0.0,0.0,0.0,0,BENIGN,0.9
525,2,1,0.0,0.0,0.0,0.0,0.0,0.0,0.0,0.0,0.0,0.0,0.0,5714.285714285715,262.5,292.03510063004416,469.0,56.0,469.0,469.0,0.0,469.0,469.0,0.0,0.0,0.0,0.0,0.0,0,64,32,3809.5238095238096,1904.7619047619048,0.0,0.0,0.0,0.0,0.0,1,0,0,3,0.0,0.0,0.0,0.0,0,0,0,0,126,127,0,32,0.0,0.0,0.0,0.0,0.0,0.0,0.0,0.0,0,BENIGN,0.85
422,2,1,0.0,0.0,0.0,0.0,0.0,0.0,0.0,0.0,0.0,0.0,0.0,7109.004739336493,211.0,219.2031021678297,366.0,56.0,366.0,366.0,0.0,366.0,366.0,0.0,0.0,0.0,0.0,0.0,0,64,32,4739.336492890995,2369.668246445497,0.0,0.0,0.0,0.0,0.0,1,0,0,3,0.0,0.0,0.0,0.0,0,0,0,0,126,127,0,32,0.0,0.0,0.0,0.0,0.0,0.0,0.0,0.0,0,BENIGN,0.82
547,2,1,0.0,0.0,0.0,0.0,0.0,0.0,0.0,0.0,0.0,0.0,0.0,5484.460694698355,273.5,304.763022691402,489.0,58.0,489.0,489.0,0.0,489.0,489.0,0.0,0.0,0.0,0.0,0.0,0,64,32,3656.307129798904,1828.153564899452,0.0,0.0,0.0,0.0,0.0,1,0,0,3,0.0,0.0,0.0,0.0,0,0,0,0,126,127,0,32,0.0,0.0,0.0,0.0,0.0,0.0,0.0,0.0,0,BENIGN,0.85
70,1,1,0.0,0.0,0.0,0.0,0.0,0.0,0.0,0.0,0.0,0.0,0.0,28571.42857142857,70.0,0.0,70.0,70.0,0.0,0.0,0.0,0.0,0.0,0.0,0.0,0.0,0.0,0.0,0,32,32,14285.714285714286,14285.714285714286,0.0,0.0,0.0,0.0,0.0,1,0,0,2,1.0,0.0,0.0,0.0,0,0,0,0,126,127,0,32,0.0,0.0,0.0,0.0,0.0,0.0,0.0,0.0,0,BENIGN,1.0
18904,2,1,0.0,0.0,0.0,0.0,0.0,0.0,0.0,0.0,0.0,0.0,0.0,158.69657215404146,9452.0,13126.730285947067,18734.0,170.0,18734.0,18734.0,0.0,18734.0,18734.0,0.0,0.0,0.0,0.0,0.0,0,64,32,105.79771476936098,52.89885738468049,0.0,0.0,0.0,0.0,0.0,1,0,0,3,0.0,0.0,0.0,0.0,0,0,0,0,126,127,0,32,0.0,0.0,0.0,0.0,0.0,0.0,0.0,0.0,0,BENIGN,0.99
288,2,1,0.0,0.0,0.0,0.0,0.0,0.0,0.0,0.0,0.0,0.0,0.0,10416.666666666666,144.0,188.09040379562165,277.0,11.0,277.0,277.0,0.0,277.0,277.0,0.0,0.0,0.0,0.0,0.0,0,64,32,6944.444444444444,3472.222222222222,0.0,0.0,0.0,0.0,0.0,1,0,0,3,0.0,0.0,0.0,0.0,0,0,0,0,126,127,0,32,0.0,0.0,0.0,0.0,0.0,0.0,0.0,0.0,0,BENIGN,0.89
58,2,1,0.0,0.0,0.0,0.0,0.0,0.0,0.0,0.0,0.0,0.0,0.0,51724.137931034486,29.0,41.01219330881976,58.0,0.0,0.0,0.0,0.0,0.0,0.0,0.0,0.0,0.0,0.0,0.0,0,64,32,34482.75862068965,17241.379310344826,0.0,0.0,0.0,0.0,0.0,1,0,0,3,0.0,0.0,0.0,0.0,0,0,0,0,126,127,0,32,0.0,0.0,0.0,0.0,0.0,0.0,0.0,0.0,0,BENIGN,0.99
463,2,1,0.0,0.0,0.0,0.0,0.0,0.0,0.0,0.0,0.0,0.0,0.0,6479.481641468683,231.5,231.22391744800103,395.0,68.0,395.0,395.0,0.0,395.0,395.0,0.0,0.0,0.0,0.0,0.0,0,64,32,4319.654427645789,2159.8272138228945,0.0,0.0,0.0,0.0,0.0,1,0,0,3,0.0,0.0,0.0,0.0,0,0,0,0,126,127,0,32,0.0,0.0,0.0,0.0,0.0,0.0,0.0,0.0,0,BENIGN,0.84
80,2,1,0.0,0.0,0.0,0.0,0.0,0.0,0.0,0.0,0.0,0.0,0.0,37500.0,40.0,56.56854249492381,80.0,0.0,0.0,0.0,0.0,0.0,0.0,0.0,0.0,0.0,0.0,0.0,0,64,32,25000.0,12499.999999999998,0.0,0.0,0.0,0.0,0.0,1,0,0,3,0.0,0.0,0.0,0.0,0,0,0,0,126,127,0,32,0.0,0.0,0.0,0.0,0.0,0.0,0.0,0.0,0,BENIGN,1.0
8648,2,1,0.0,0.0,0.0,0.0,0.0,0.0,0.0,0.0,0.0,0.0,0.0,346.9010175763182,4324.0,6003.336572273788,8569.0,79.0,8569.0,8569.0,0.0,8569.0,8569.0,0.0,0.0,0.0,0.0,0.0,0,64,32,231.26734505087884,115.63367252543942,0.0,0.0,0.0,0.0,0.0,1,0,0,3,0.0,0.0,0.0,0.0,0,0,0,0,126,127,0,32,0.0,0.0,0.0,0.0,0.0,0.0,0.0,0.0,0,BENIGN,0.97
74,2,1,0.0,0.0,0.0,0.0,0.0,0.0,0.0,0.0,0.0,0.0,0.0,40540.54054054054,37.0,52.32590180780452,74.0,0.0,0.0,0.0,0.0,0.0,0.0,0.0,0.0,0.0,0.0,0.0,0,64,32,27027.027027027027,13513.513513513511,0.0,0.0,0.0,0.0,0.0,1,0,0,3,0.0,0.0,0.0,0.0,0,0,0,0,126,127,0,32,0.0,0.0,0.0,0.0,0.0,0.0,0.0,0.0,0,BENIGN,1.0
76,2,1,0.0,0.0,0.0,0.0,0.0,0.0,0.0,0.0,0.0,0.0,0.0,39473.68421052631,38.0,53.74011537017761,76.0,0.0,0.0,0.0,0.0,0.0,0.0,0.0,0.0,0.0,0.0,0.0,0,64,32,26315.78947368421,13157.894736842103,0.0,0.0,0.0,0.0,0.0,1,0,0,3,0.0,0.0,0.0,0.0,0,0,0,0,126,127,0,32,0.0,0.0,0.0,0.0,0.0,0.0,0.0,0.0,0,BENIGN,1.0
442,2,1,0.0,0.0,0.0,0.0,0.0,0.0,0.0,0.0,0.0,0.0,0.0,6787.330316742081,221.0,294.15642097360376,429.0,13.0,429.0,429.0,0.0,429.0,429.0,0.0,0.0,0.0,0.0,0.0,0,64,32,4524.886877828054,2262.443438914027,0.0,0.0,0.0,0.0,0.0,1,0,0,3,0.0,0.0,0.0,0.0,0,0,0,0,126,127,0,32,0.0,0.0,0.0,0.0,0.0,0.0,0.0,0.0,0,BENIGN,0.82
608,2,1,0.0,0.0,0.0,0.0,0.0,0.0,0.0,0.0,0.0,0.0,0.0,4934.210526315789,304.0,196.5756851698602,443.0,165.0,443.0,443.0,0.0,443.0,443.0,0.0,0.0,0.0,0.0,0.0,0,64,32,3289.4736842105262,1644.7368421052631,0.0,0.0,0.0,0.0,0.0,1,0,0,3,0.0,0.0,0.0,0.0,0,0,0,0,126,127,0,32,0.0,0.0,0.0,0.0,0.0,0.0,0.0,0.0,0,BENIGN,0.85
670,2,1,0.0,0.0,0.0,0.0,0.0,0.0,0.0,0.0,0.0,0.0,0.0,4477.611940298508,335.0,79.19595949289332,391.0,279.0,391.0,391.0,0.0,391.0,391.0,0.0,0.0,0.0,0.0,0.0,0,64,32,2985.074626865672,1492.5373134328358,0.0,0.0,0.0,0.0,0.0,1,0,0,3,0.0,0.0,0.0,0.0,0,0,0,0,126,127,0,32,0.0,0.0,0.0,0.0,0.0,0.0,0.0,0.0,0,BENIGN,0.89
82,2,1,0.0,0.0,0.0,0.0,0.0,0.0,0.0,0.0,0.0,0.0,0.0,36585.365853658535,41.0,56.56854249492381,81.0,1.0,1.0,1.0,0.0,1.0,1.0,0.0,0.0,0.0,0.0,0.0,0,64,32,24390.243902439022,12195.121951219511,0.0,0.0,0.0,0.0,0.0,1,0,0,3,0.0,0.0,0.0,0.0,0,0,0,0,126,127,0,32,0.0,0.0,0.0,0.0,0.0,0.0,0.0,0.0,0,BENIGN,1.0
75,1,1,0.0,0.0,0.0,0.0,0.0,0.0,0.0,0.0,0.0,0.0,0.0,26666.666666666668,75.0,0.0,75.0,75.0,0.0,0.0,0.0,0.0,0.0,0.0,0.0,0.0,0.0,0.0,0,32,32,13333.333333333334,13333.333333333334,0.0,0.0,0.0,0.0,0.0,1,0,0,2,1.0,0.0,0.0,0.0,0,0,0,0,126,127,0,32,0.0,0.0,0.0,0.0,0.0,0.0,0.0,0.0,0,BENIGN,1.0
17,2,1,0.0,0.0,0.0,0.0,0.0,0.0,0.0,0.0,0.0,0.0,0.0,176470.58823529413,8.5,12.020815280171307,17.0,0.0,0.0,0.0,0.0,0.0,0.0,0.0,0.0,0.0,0.0,0.0,0,64,32,117647.0588235294,58823.52941176471,0.0,0.0,0.0,0.0,0.0,1,0,0,3,0.0,0.0,0.0,0.0,0,0,0,0,126,127,0,32,0.0,0.0,0.0,0.0,0.0,0.0,0.0,0.0,0,BENIGN,0.97
7166,2,1,0.0,0.0,0.0,0.0,0.0,0.0,0.0,0.0,0.0,0.0,0.0,418.6435947530003,3583.0,5048.74241767195,7153.0,13.0,7153.0,7153.0,0.0,7153.0,7153.0,0.0,0.0,0.0,0.0,0.0,0,64,32,279.09572983533354,139.54786491766677,0.0,0.0,0.0,0.0,0.0,1,0,0,3,0.0,0.0,0.0,0.0,0,0,0,0,126,127,0,32,0.0,0.0,0.0,0.0,0.0,0.0,0.0,0.0,0,BENIGN,0.96
13,2,1,0.0,0.0,0.0,0.0,0.0,0.0,0.0,0.0,0.0,0.0,0.0,230769.2307692308,6.5,9.192388155425116,13.0,0.0,0.0,0.0,0.0,0.0,0.0,0.0,0.0,0.0,0.0,0.0,0,64,32,153846.15384615384,76923.07692307692,0.0,0.0,0.0,0.0,0.0,1,0,0,3,0.0,0.0,0.0,0.0,0,0,0,0,126,127,0,32,0.0,0.0,0.0,0.0,0.0,0.0,0.0,0.0,0,BENIGN,0.97
1244,2,1,0.0,0.0,0.0,0.0,0.0,0.0,0.0,0.0,0.0,0.0,0.0,2411.5755627009644,622.0,799.0306627407987,1187.0,57.0,1187.0,1187.0,0.0,1187.0,1187.0,0.0,0.0,0.0,0.0,0.0,0,64,32,1607.717041800643,803.8585209003215,0.0,0.0,0.0,0.0,0.0,1,0,0,3,0.0,0.0,0.0,0.0,0,0,0,0,126,127,0,32,0.0,0.0,0.0,0.0,0.0,0.0,0.0,0.0,0,BENIGN,0.89
7287,2,1,0.0,0.0,0.0,0.0,0.0,0.0,0.0,0.0,0.0,0.0,0.0,411.6920543433512,3643.5,5072.076941451105,7230.0,57.0,7230.0,7230.0,0.0,7230.0,7230.0,0.0,0.0,0.0,0.0,0.0,0,64,32,274.4613695622341,137.23068478111705,0.0,0.0,0.0,0.0,0.0,1,0,0,3,0.0,0.0,0.0,0.0,0,0,0,0,126,127,0,32,0.0,0.0,0.0,0.0,0.0,0.0,0.0,0.0,0,BENIGN,0.96
113,2,1,0.0,0.0,0.0,0.0,0.0,0.0,0.0,0.0,0.0,0.0,0.0,26548.67256637168,56.5,78.48885271170677,112.0,1.0,1.0,1.0,0.0,1.0,1.0,0.0,0.0,0.0,0.0,0.0,0,64,32,17699.11504424779,8849.557522123894,0.0,0.0,0.0,0.0,0.0,1,0,0,3,0.0,0.0,0.0,0.0,0,0,0,0,126,127,0,32,0.0,0.0,0.0,0.0,0.0,0.0,0.0,0.0,0,BENIGN,1.0
592,2,1,0.0,0.0,0.0,0.0,0.0,0.0,0.0,0.0,0.0,0.0,0.0,5067.567567567568,296.0,336.5828278447966,534.0,58.0,534.0,534.0,0.0,534.0,534.0,0.0,0.0,0.0,0.0,0.0,0,64,32,3378.3783783783783,1689.1891891891892,0.0,0.0,0.0,0.0,0.0,1,0,0,3,0.0,0.0,0.0,0.0,0,0,0,0,126,127,0,32,0.0,0.0,0.0,0.0,0.0,0.0,0.0,0.0,0,BENIGN,0.85
2358,2,1,0.0,0.0,0.0,0.0,0.0,0.0,0.0,0.0,0.0,0.0,0.0,1272.2646310432572,1179.0,1572.6054813588817,2291.0,67.0,2291.0,2291.0,0.0,2291.0,2291.0,0.0,0.0,0.0,0.0,0.0,0,64,32,848.1764206955047,424.0882103477524,0.0,0.0,0.0,0.0,0.0,1,0,0,3,0.0,0.0,0.0,0.0,0,0,0,0,126,127,0,32,0.0,0.0,0.0,0.0,0.0,0.0,0.0,0.0,0,BENIGN,0.9
5101,2,1,0.0,0.0,0.0,0.0,0.0,0.0,0.0,0.0,0.0,0.0,0.0,588.1199764752009,2550.5,3513.6135957159545,5035.0,66.0,5035.0,5035.0,0.0,5035.0,5035.0,0.0,0.0,0.0,0.0,0.0,0,64,32,392.0799843168007,196.03999215840037,0.0,0.0,0.0,0.0,0.0,1,0,0,3,0.0,0.0,0.0,0.0,0,0,0,0,126,127,0,32,0.0,0.0,0.0,0.0,0.0,0.0,0.0,0.0,0,BENIGN,0.96
798,2,1,0.0,0.0,0.0,0.0,0.0,0.0,0.0,0.0,0.0,0.0,0.0,3759.3984962406016,399.0,485.0752518939716,742.0,56.0,742.0,742.0,0.0,742.0,742.0,0.0,0.0,0.0,0.0,0.0,0,64,32,2506.265664160401,1253.1328320802006,0.0,0.0,0.0,0.0,0.0,1,0,0,3,0.0,0.0,0.0,0.0,0,0,0,0,126,127,0,32,0.0,0.0,0.0,0.0,0.0,0.0,0.0,0.0,0,BENIGN,0.87
905,2,1,0.0,0.0,0.0,0.0,0.0,0.0,0.0,0.0,0.0,0.0,0.0,3314.9171270718234,452.5,563.5641046056784,851.0,54.0,851.0,851.0,0.0,851.0,851.0,0.0,0.0,0.0,0.0,0.0,0,64,32,2209.944751381216,1104.9723756906078,0.0,0.0,0.0,0.0,0.0,1,0,0,3,0.0,0.0,0.0,0.0,0,0,0,0,126,127,0,32,0.0,0.0,0.0,0.0,0.0,0.0,0.0,0.0,0,BENIGN,0.79
233,2,1,0.0,0.0,0.0,0.0,0.0,0.0,0.0,0.0,0.0,0.0,0.0,12875.536480686696,116.5,143.54267658086914,218.0,15.0,218.0,218.0,0.0,218.0,218.0,0.0,0.0,0.0,0.0,0.0,0,64,32,8583.690987124464,4291.845493562232,0.0,0.0,0.0,0.0,0.0,1,0,0,3,0.0,0.0,0.0,0.0,0,0,0,0,126,127,0,32,0.0,0.0,0.0,0.0,0.0,0.0,0.0,0.0,0,BENIGN,0.89
853,2,1,0.0,0.0,0.0,0.0,0.0,0.0,0.0,0.0,0.0,0.0,0.0,3516.9988276670574,426.5,522.5519112968586,796.0,57.0,796.0,796.0,0.0,796.0,796.0,0.0,0.0,0.0,0.0,0.0,0,64,32,2344.665885111372,1172.3329425556858,0.0,0.0,0.0,0.0,0.0,1,0,0,3,0.0,0.0,0.0,0.0,0,0,0,0,126,127,0,32,0.0,0.0,0.0,0.0,0.0,0.0,0.0,0.0,0,BENIGN,0.83
7219,2,1,0.0,0.0,0.0,0.0,0.0,0.0,0.0,0.0,0.0,0.0,0.0,415.570023548968,3609.5,5026.822107455167,7164.0,55.0,7164.0,7164.0,0.0,7164.0,7164.0,0.0,0.0,0.0,0.0,0.0,0,64,32,277.04668236597865,138.52334118298933,0.0,0.0,0.0,0.0,0.0,1,0,0,3,0.0,0.0,0.0,0.0,0,0,0,0,126,127,0,32,0.0,0.0,0.0,0.0,0.0,0.0,0.0,0.0,0,BENIGN,0.96
614,2,1,0.0,0.0,0.0,0.0,0.0,0.0,0.0,0.0,0.0,0.0,0.0,4885.99348534202,307.0,354.9676041556469,558.0,56.0,558.0,558.0,0.0,558.0,558.0,0.0,0.0,0.0,0.0,0.0,0,64,32,3257.328990228013,1628.6644951140065,0.0,0.0,0.0,0.0,0.0,1,0,0,3,0.0,0.0,0.0,0.0,0,0,0,0,126,127,0,32,0.0,0.0,0.0,0.0,0.0,0.0,0.0,0.0,0,BENIGN,0.84
12,1,1,0.0,0.0,0.0,0.0,0.0,0.0,0.0,0.0,0.0,0.0,0.0,166666.66666666666,12.0,0.0,12.0,12.0,0.0,0.0,0.0,0.0,0.0,0.0,0.0,0.0,0.0,0.0,0,32,32,83333.33333333333,83333.33333333333,0.0,0.0,0.0,0.0,0.0,1,0,0,2,1.0,0.0,0.0,0.0,0,0,0,0,126,127,0,32,0.0,0.0,0.0,0.0,0.0,0.0,0.0,0.0,0,BENIGN,0.99
315,2,1,0.0,0.0,0.0,0.0,0.0,0.0,0.0,0.0,0.0,0.0,0.0,9523.809523809525,157.5,146.37110370561533,261.0,54.0,261.0,261.0,0.0,261.0,261.0,0.0,0.0,0.0,0.0,0.0,0,64,32,6349.206349206349,3174.6031746031745,0.0,0.0,0.0,0.0,0.0,1,0,0,3,0.0,0.0,0.0,0.0,0,0,0,0,126,127,0,32,0.0,0.0,0.0,0.0,0.0,0.0,0.0,0.0,0,BENIGN,0.89
1503,2,1,0.0,0.0,0.0,0.0,0.0,0.0,0.0,0.0,0.0,0.0,0.0,1996.007984031936,751.5,977.9286783809952,1443.0,60.0,1443.0,1443.0,0.0,1443.0,1443.0,0.0,0.0,0.0,0.0,0.0,0,64,32,1330.6719893546242,665.3359946773121,0.0,0.0,0.0,0.0,0.0,1,0,0,3,0.0,0.0,0.0,0.0,0,0,0,0,126,127,0,32,0.0,0.0,0.0,0.0,0.0,0.0,0.0,0.0,0,BENIGN,0.94
7392,2,1,0.0,0.0,0.0,0.0,0.0,0.0,0.0,0.0,0.0,0.0,0.0,405.8441558441559,3696.0,5146.323153475693,7335.0,57.0,7335.0,7335.0,0.0,7335.0,7335.0,0.0,0.0,0.0,0.0,0.0,0,64,32,270.56277056277054,135.28138528138527,0.0,0.0,0.0,0.0,0.0,1,0,0,3,0.0,0.0,0.0,0.0,0,0,0,0,126,127,0,32,0.0,0.0,0.0,0.0,0.0,0.0,0.0,0.0,0,BENIGN,0.96
69,2,1,0.0,0.0,0.0,0.0,0.0,0.0,0.0,0.0,0.0,0.0,0.0,43478.260869565216,34.5,47.37615433949868,68.0,1.0,1.0,1.0,0.0,1.0,1.0,0.0,0.0,0.0,0.0,0.0,0,64,32,28985.50724637681,14492.753623188406,0.0,0.0,0.0,0.0,0.0,1,0,0,3,0.0,0.0,0.0,0.0,0,0,0,0,126,127,0,32,0.0,0.0,0.0,0.0,0.0,0.0,0.0,0.0,0,BENIGN,0.99
80,2,1,0.0,0.0,0.0,0.0,0.0,0.0,0.0,0.0,0.0,0.0,0.0,37500.0,40.0,55.15432893255071,79.0,1.0,1.0,1.0,0.0,1.0,1.0,0.0,0.0,0.0,0.0,0.0,0,64,32,25000.0,12499.999999999998,0.0,0.0,0.0,0.0,0.0,1,0,0,3,0.0,0.0,0.0,0.0,0,0,0,0,126,127,0,32,0.0,0.0,0.0,0.0,0.0,0.0,0.0,0.0,0,BENIGN,1.0
617,2,1,0.0,0.0,0.0,0.0,0.0,0.0,0.0,0.0,0.0,0.0,0.0,4862.23662884927,308.5,354.2604973744604,559.0,58.0,559.0,559.0,0.0,559.0,559.0,0.0,0.0,0.0,0.0,0.0,0,64,32,3241.4910858995136,1620.7455429497568,0.0,0.0,0.0,0.0,0.0,1,0,0,3,0.0,0.0,0.0,0.0,0,0,0,0,126,127,0,32,0.0,0.0,0.0,0.0,0.0,0.0,0.0,0.0,0,BENIGN,0.84
498,2,1,0.0,0.0,0.0,0.0,0.0,0.0,0.0,0.0,0.0,0.0,0.0,6024.096385542169,249.0,128.69343417595164,340.0,158.0,340.0,340.0,0.0,340.0,340.0,0.0,0.0,0.0,0.0,0.0,0,64,32,4016.064257028113,2008.0321285140565,0.0,0.0,0.0,0.0,0.0,1,0,0,3,0.0,0.0,0.0,0.0,0,0,0,0,126,127,0,32,0.0,0.0,0.0,0.0,0.0,0.0,0.0,0.0,0,BENIGN,0.86
62,2,1,0.0,0.0,0.0,0.0,0.0,0.0,0.0,0.0,0.0,0.0,0.0,48387.096774193546,31.0,43.840620433565945,62.0,0.0,0.0,0.0,0.0,0.0,0.0,0.0,0.0,0.0,0.0,0.0,0,64,32,32258.06451612903,16129.032258064515,0.0,0.0,0.0,0.0,0.0,1,0,0,3,0.0,0.0,0.0,0.0,0,0,0,0,126,127,0,32,0.0,0.0,0.0,0.0,0.0,0.0,0.0,0.0,0,BENIGN,0.99
704,2,1,0.0,0.0,0.0,0.0,0.0,0.0,0.0,0.0,0.0,0.0,0.0,4261.363636363636,352.0,420.0214280248092,649.0,55.0,649.0,649.0,0.0,649.0,649.0,0.0,0.0,0.0,0.0,0.0,0,64,32,2840.909090909091,1420.4545454545455,0.0,0.0,0.0,0.0,0.0,1,0,0,3,0.0,0.0,0.0,0.0,0,0,0,0,126,127,0,32,0.0,0.0,0.0,0.0,0.0,0.0,0.0,0.0,0,BENIGN,0.85
57,1,1,0.0,0.0,0.0,0.0,0.0,0.0,0.0,0.0,0.0,0.0,0.0,35087.71929824561,57.0,0.0,57.0,57.0,0.0,0.0,0.0,0.0,0.0,0.0,0.0,0.0,0.0,0.0,0,32,32,17543.859649122805,17543.859649122805,0.0,0.0,0.0,0.0,0.0,1,0,0,2,1.0,0.0,0.0,0.0,0,0,0,0,126,127,0,32,0.0,0.0,0.0,0.0,0.0,0.0,0.0,0.0,0,BENIGN,1.0
11,2,1,0.0,0.0,0.0,0.0,0.0,0.0,0.0,0.0,0.0,0.0,0.0,272727.2727272727,5.5,7.7781745930520225,11.0,0.0,0.0,0.0,0.0,0.0,0.0,0.0,0.0,0.0,0.0,0.0,0,64,32,181818.18181818185,90909.09090909093,0.0,0.0,0.0,0.0,0.0,1,0,0,3,0.0,0.0,0.0,0.0,0,0,0,0,126,127,0,32,0.0,0.0,0.0,0.0,0.0,0.0,0.0,0.0,0,BENIGN,0.96
66,2,1,0.0,0.0,0.0,0.0,0.0,0.0,0.0,0.0,0.0,0.0,0.0,45454.54545454545,33.0,45.254833995939045,65.0,1.0,1.0,1.0,0.0,1.0,1.0,0.0,0.0,0.0,0.0,0.0,0,64,32,30303.0303030303,15151.51515151515,0.0,0.0,0.0,0.0,0.0,1,0,0,3,0.0,0.0,0.0,0.0,0,0,0,0,126,127,0,32,0.0,0.0,0.0,0.0,0.0,0.0,0.0,0.0,0,BENIGN,0.99
173,2,1,0.0,0.0,0.0,0.0,0.0,0.0,0.0,0.0,0.0,0.0,0.0,17341.040462427743,86.5,120.91525958289962,172.0,1.0,1.0,1.0,0.0,1.0,1.0,0.0,0.0,0.0,0.0,0.0,0,64,32,11560.693641618496,5780.346820809248,0.0,0.0,0.0,0.0,0.0,1,0,0,3,0.0,0.0,0.0,0.0,0,0,0,0,126,127,0,32,0.0,0.0,0.0,0.0,0.0,0.0,0.0,0.0,0,BENIGN,0.98
966,2,1,0.0,0.0,0.0,0.0,0.0,0.0,0.0,0.0,0.0,0.0,0.0,3105.590062111801,483.0,585.4844148224613,897.0,69.0,897.0,897.0,0.0,897.0,897.0,0.0,0.0,0.0,0.0,0.0,0,64,32,2070.393374741201,1035.1966873706006,0.0,0.0,0.0,0.0,0.0,1,0,0,3,0.0,0.0,0.0,0.0,0,0,0,0,126,127,0,32,0.0,0.0,0.0,0.0,0.0,0.0,0.0,0.0,0,BENIGN,0.78
608,2,1,0.0,0.0,0.0,0.0,0.0,0.0,0.0,0.0,0.0,0.0,0.0,4934.210526315789,304.0,330.92597359530424,538.0,70.0,538.0,538.0,0.0,538.0,538.0,0.0,0.0,0.0,0.0,0.0,0,64,32,3289.4736842105262,1644.7368421052631,0.0,0.0,0.0,0.0,0.0,1,0,0,3,0.0,0.0,0.0,0.0,0,0,0,0,126,127,0,32,0.0,0.0,0.0,0.0,0.0,0.0,0.0,0.0,0,BENIGN,0.84
298,2,1,0.0,0.0,0.0,0.0,0.0,0.0,0.0,0.0,0.0,0.0,0.0,10067.114093959732,149.0,132.93607486307093,243.0,55.0,243.0,243.0,0.0,243.0,243.0,0.0,0.0,0.0,0.0,0.0,0,64,32,6711.4093959731545,3355.704697986577,0.0,0.0,0.0,0.0,0.0,1,0,0,3,0.0,0.0,0.0,0.0,0,0,0,0,126,127,0,32,0.0,0.0,0.0,0.0,0.0,0.0,0.0,0.0,0,BENIGN,0.89
82,2,1,0.0,0.0,0.0,0.0,0.0,0.0,0.0,0.0,0.0,0.0,0.0,36585.365853658535,41.0,57.982756057296896,82.0,0.0,0.0,0.0,0.0,0.0,0.0,0.0,0.0,0.0,0.0,0.0,0,64,32,24390.243902439022,12195.121951219511,0.0,0.0,0.0,0.0,0.0,1,0,0,3,0.0,0.0,0.0,0.0,0,0,0,0,126,127,0,32,0.0,0.0,0.0,0.0,0.0,0.0,0.0,0.0,0,BENIGN,1.0
6425,2,1,0.0,0.0,0.0,0.0,0.0,0.0,0.0,0.0,0.0,0.0,0.0,466.9260700389105,3212.5,4463.965109630674,6369.0,56.0,6369.0,6369.0,0.0,6369.0,6369.0,0.0,0.0,0.0,0.0,0.0,0,64,32,311.284046692607,155.6420233463035,0.0,0.0,0.0,0.0,0.0,1,0,0,3,0.0,0.0,0.0,0.0,0,0,0,0,126,127,0,32,0.0,0.0,0.0,0.0,0.0,0.0,0.0,0.0,0,BENIGN,0.96
198,2,1,0.0,0.0,0.0,0.0,0.0,0.0,0.0,0.0,0.0,0.0,0.0,15151.515151515152,99.0,140.0071426749364,198.0,0.0,0.0,0.0,0.0,0.0,0.0,0.0,0.0,0.0,0.0,0.0,0,64,32,10101.010101010104,5050.505050505051,0.0,0.0,0.0,0.0,0.0,1,0,0,3,0.0,0.0,0.0,0.0,0,0,0,0,126,127,0,32,0.0,0.0,0.0,0.0,0.0,0.0,0.0,0.0,0,BENIGN,0.99
85,1,1,0.0,0.0,0.0,0.0,0.0,0.0,0.0,0.0,0.0,0.0,0.0,23529.41176470588,85.0,0.0,85.0,85.0,0.0,0.0,0.0,0.0,0.0,0.0,0.0,0.0,0.0,0.0,0,32,32,11764.70588235294,11764.70588235294,0.0,0.0,0.0,0.0,0.0,1,0,0,2,1.0,0.0,0.0,0.0,0,0,0,0,126,127,0,32,0.0,0.0,0.0,0.0,0.0,0.0,0.0,0.0,0,BENIGN,1.0
88,2,1,0.0,0.0,0.0,0.0,0.0,0.0,0.0,0.0,0.0,0.0,0.0,34090.90909090909,44.0,60.81118318204309,87.0,1.0,1.0,1.0,0.0,1.0,1.0,0.0,0.0,0.0,0.0,0.0,0,64,32,22727.272727272728,11363.636363636364,0.0,0.0,0.0,0.0,0.0,1,0,0,3,0.0,0.0,0.0,0.0,0,0,0,0,126,127,0,32,0.0,0.0,0.0,0.0,0.0,0.0,0.0,0.0,0,BENIGN,1.0
72,1,1,0.0,0.0,0.0,0.0,0.0,0.0,0.0,0.0,0.0,0.0,0.0,27777.777777777777,72.0,0.0,72.0,72.0,0.0,0.0,0.0,0.0,0.0,0.0,0.0,0.0,0.0,0.0,0,32,32,13888.888888888889,13888.888888888889,0.0,0.0,0.0,0.0,0.0,1,0,0,2,1.0,0.0,0.0,0.0,0,0,0,0,126,127,0,32,0.0,0.0,0.0,0.0,0.0,0.0,0.0,0.0,0,BENIGN,1.0
3388,2,1,0.0,0.0,0.0,0.0,0.0,0.0,0.0,0.0,0.0,0.0,0.0,885.478158205431,1694.0,2298.09703885628,3319.0,69.0,3319.0,3319.0,0.0,3319.0,3319.0,0.0,0.0,0.0,0.0,0.0,0,64,32,590.318772136954,295.159386068477,0.0,0.0,0.0,0.0,0.0,1,0,0,3,0.0,0.0,0.0,0.0,0,0,0,0,126,127,0,32,0.0,0.0,0.0,0.0,0.0,0.0,0.0,0.0,0,BENIGN,0.91
309,1,1,0.0,0.0,0.0,0.0,0.0,0.0,0.0,0.0,0.0,0.0,0.0,6472.491909385114,309.0,0.0,309.0,309.0,0.0,0.0,0.0,0.0,0.0,0.0,0.0,0.0,0.0,0.0,0,32,32,3236.245954692557,3236.245954692557,0.0,0.0,0.0,0.0,0.0,1,0,0,2,1.0,0.0,0.0,0.0,0,0,0,0,126,127,0,32,0.0,0.0,0.0,0.0,0.0,0.0,0.0,0.0,0,BENIGN,1.0
612,2,1,0.0,0.0,0.0,0.0,0.0,0.0,0.0,0.0,0.0,0.0,0.0,4901.9607843137255,306.0,418.60721446243616,602.0,10.0,602.0,602.0,0.0,602.0,602.0,0.0,0.0,0.0,0.0,0.0,0,64,32,3267.97385620915,1633.986928104575,0.0,0.0,0.0,0.0,0.0,1,0,0,3,0.0,0.0,0.0,0.0,0,0,0,0,126,127,0,32,0.0,0.0,0.0,0.0,0.0,0.0,0.0,0.0,0,BENIGN,0.86
499,2,1,0.0,0.0,0.0,0.0,0.0,0.0,0.0,0.0,0.0,0.0,0.0,6012.024048096193,249.5,253.85133444597056,429.0,70.0,429.0,429.0,0.0,429.0,429.0,0.0,0.0,0.0,0.0,0.0,0,64,32,4008.016032064129,2004.008016032064,0.0,0.0,0.0,0.0,0.0,1,0,0,3,0.0,0.0,0.0,0.0,0,0,0,0,126,127,0,32,0.0,0.0,0.0,0.0,0.0,0.0,0.0,0.0,0,BENIGN,0.85
81,2,1,0.0,0.0,0.0,0.0,0.0,0.0,0.0,0.0,0.0,0.0,0.0,37037.03703703704,40.5,57.27564927611035,81.0,0.0,0.0,0.0,0.0,0.0,0.0,0.0,0.0,0.0,0.0,0.0,0,64,32,24691.358024691355,12345.679012345678,0.0,0.0,0.0,0.0,0.0,1,0,0,3,0.0,0.0,0.0,0.0,0,0,0,0,126,127,0,32,0.0,0.0,0.0,0.0,0.0,0.0,0.0,0.0,0,BENIGN,1.0
10,1,1,0.0,0.0,0.0,0.0,0.0,0.0,0.0,0.0,0.0,0.0,0.0,200000.0,10.0,0.0,10.0,10.0,0.0,0.0,0.0,0.0,0.0,0.0,0.0,0.0,0.0,0.0,0,32,32,100000.0,100000.0,0.0,0.0,0.0,0.0,0.0,1,0,0,2,1.0,0.0,0.0,0.0,0,0,0,0,126,127,0,32,0.0,0.0,0.0,0.0,0.0,0.0,0.0,0.0,0,BENIGN,0.99
272,2,1,0.0,0.0,0.0,0.0,0.0,0.0,0.0,0.0,0.0,0.0,0.0,11029.411764705885,136.0,172.5340546095176,258.0,14.0,258.0,258.0,0.0,258.0,258.0,0.0,0.0,0.0,0.0,0.0,0,64,32,7352.941176470588,3676.470588235294,0.0,0.0,0.0,0.0,0.0,1,0,0,3,0.0,0.0,0.0,0.0,0,0,0,0,126,127,0,32,0.0,0.0,0.0,0.0,0.0,0.0,0.0,0.0,0,BENIGN,0.89
8117,2,1,0.0,0.0,0.0,0.0,0.0,0.0,0.0,0.0,0.0,0.0,0.0,369.5946778366392,4058.5,5572.708542531181,7999.0,118.0,7999.0,7999.0,0.0,7999.0,7999.0,0.0,0.0,0.0,0.0,0.0,0,64,32,246.3964518910928,123.1982259455464,0.0,0.0,0.0,0.0,0.0,1,0,0,3,0.0,0.0,0.0,0.0,0,0,0,0,126,127,0,32,0.0,0.0,0.0,0.0,0.0,0.0,0.0,0.0,0,BENIGN,0.97
94,2,1,0.0,0.0,0.0,0.0,0.0,0.0,0.0,0.0,0.0,0.0,0.0,31914.89361702128,47.0,66.46803743153546,94.0,0.0,0.0,0.0,0.0,0.0,0.0,0.0,0.0,0.0,0.0,0.0,0,64,32,21276.595744680853,10638.297872340429,0.0,0.0,0.0,0.0,0.0,1,0,0,3,0.0,0.0,0.0,0.0,0,0,0,0,126,127,0,32,0.0,0.0,0.0,0.0,0.0,0.0,0.0,0.0,0,BENIGN,1.0
1616,2,1,0.0,0.0,0.0,0.0,0.0,0.0,0.0,0.0,0.0,0.0,0.0,1856.4356435643565,808.0,1059.245958217448,1557.0,59.0,1557.0,1557.0,0.0,1557.0,1557.0,0.0,0.0,0.0,0.0,0.0,0,64,32,1237.6237623762377,618.8118811881188,0.0,0.0,0.0,0.0,0.0,1,0,0,3,0.0,0.0,0.0,0.0,0,0,0,0,126,127,0,32,0.0,0.0,0.0,0.0,0.0,0.0,0.0,0.0,0,BENIGN,0.93
161,1,1,0.0,0.0,0.0,0.0,0.0,0.0,0.0,0.0,0.0,0.0,0.0,12422.360248447205,161.0,0.0,161.0,161.0,0.0,0.0,0.0,0.0,0.0,0.0,0.0,0.0,0.0,0.0,0,32,32,6211.180124223602,6211.180124223602,0.0,0.0,0.0,0.0,0.0,1,0,0,2,1.0,0.0,0.0,0.0,0,0,0,0,126,127,0,32,0.0,0.0,0.0,0.0,0.0,0.0,0.0,0.0,0,BENIGN,1.0
80,2,1,0.0,0.0,0.0,0.0,0.0,0.0,0.0,0.0,0.0,0.0,0.0,37500.0,40.0,55.15432893255071,79.0,1.0,1.0,1.0,0.0,1.0,1.0,0.0,0.0,0.0,0.0,0.0,0,64,32,25000.0,12499.999999999998,0.0,0.0,0.0,0.0,0.0,1,0,0,3,0.0,0.0,0.0,0.0,0,0,0,0,126,127,0,32,0.0,0.0,0.0,0.0,0.0,0.0,0.0,0.0,0,BENIGN,1.0
55,1,1,0.0,0.0,0.0,0.0,0.0,0.0,0.0,0.0,0.0,0.0,0.0,36363.63636363636,55.0,0.0,55.0,55.0,0.0,0.0,0.0,0.0,0.0,0.0,0.0,0.0,0.0,0.0,0,32,32,18181.81818181818,18181.81818181818,0.0,0.0,0.0,0.0,0.0,1,0,0,2,1.0,0.0,0.0,0.0,0,0,0,0,126,127,0,32,0.0,0.0,0.0,0.0,0.0,0.0,0.0,0.0,0,BENIGN,1.0
16,2,1,0.0,0.0,0.0,0.0,0.0,0.0,0.0,0.0,0.0,0.0,0.0,187500.0,8.0,11.31370849898476,16.0,0.0,0.0,0.0,0.0,0.0,0.0,0.0,0.0,0.0,0.0,0.0,0,64,32,125000.0,62500.0,0.0,0.0,0.0,0.0,0.0,1,0,0,3,0.0,0.0,0.0,0.0,0,0,0,0,126,127,0,32,0.0,0.0,0.0,0.0,0.0,0.0,0.0,0.0,0,BENIGN,0.97
106123,2,1,0.0,0.0,0.0,0.0,0.0,0.0,0.0,0.0,0.0,0.0,0.0,28.26908398744853,53061.5,74956.85433967997,106064.0,59.0,106064.0,106064.0,0.0,106064.0,106064.0,0.0,0.0,0.0,0.0,0.0,0,64,32,18.84605599163235,9.423027995816176,0.0,0.0,0.0,0.0,0.0,1,0,0,3,0.0,0.0,0.0,0.0,0,0,0,0,126,127,0,32,0.0,0.0,0.0,0.0,0.0,0.0,0.0,0.0,0,BENIGN,1.0
2489,2,1,0.0,0.0,0.0,0.0,0.0,0.0,0.0,0.0,0.0,0.0,0.0,1205.3033346725592,1244.5,1738.7755749377204,2474.0,15.0,2474.0,2474.0,0.0,2474.0,2474.0,0.0,0.0,0.0,0.0,0.0,0,64,32,803.5355564483729,401.7677782241864,0.0,0.0,0.0,0.0,0.0,1,0,0,3,0.0,0.0,0.0,0.0,0,0,0,0,126,127,0,32,0.0,0.0,0.0,0.0,0.0,0.0,0.0,0.0,0,BENIGN,0.91
59,1,1,0.0,0.0,0.0,0.0,0.0,0.0,0.0,0.0,0.0,0.0,0.0,33898.30508474576,59.0,0.0,59.0,59.0,0.0,0.0,0.0,0.0,0.0,0.0,0.0,0.0,0.0,0.0,0,32,32,16949.15254237288,16949.15254237288,0.0,0.0,0.0,0.0,0.0,1,0,0,2,1.0,0.0,0.0,0.0,0,0,0,0,126,127,0,32,0.0,0.0,0.0,0.0,0.0,0.0,0.0,0.0,0,BENIGN,1.0
856,2,1,0.0,0.0,0.0,0.0,0.0,0.0,0.0,0.0,0.0,0.0,0.0,3504.6728971962616,428.0,589.7270555095806,845.0,11.0,845.0,845.0,0.0,845.0,845.0,0.0,0.0,0.0,0.0,0.0,0,64,32,2336.448598130841,1168.2242990654206,0.0,0.0,0.0,0.0,0.0,1,0,0,3,0.0,0.0,0.0,0.0,0,0,0,0,126,127,0,32,0.0,0.0,0.0,0.0,0.0,0.0,0.0,0.0,0,BENIGN,0.8
94,2,1,0.0,0.0,0.0,0.0,0.0,0.0,0.0,0.0,0.0,0.0,0.0,31914.89361702128,47.0,65.05382386916237,93.0,1.0,1.0,1.0,0.0,1.0,1.0,0.0,0.0,0.0,0.0,0.0,0,64,32,21276.595744680853,10638.297872340429,0.0,0.0,0.0,0.0,0.0,1,0,0,3,0.0,0.0,0.0,0.0,0,0,0,0,126,127,0,32,0.0,0.0,0.0,0.0,0.0,0.0,0.0,0.0,0,BENIGN,1.0
62,2,1,0.0,0.0,0.0,0.0,0.0,0.0,0.0,0.0,0.0,0.0,0.0,48387.096774193546,31.0,42.42640687119285,61.0,1.0,1.0,1.0,0.0,1.0,1.0,0.0,0.0,0.0,0.0,0.0,0,64,32,32258.06451612903,16129.032258064515,0.0,0.0,0.0,0.0,0.0,1,0,0,3,0.0,0.0,0.0,0.0,0,0,0,0,126,127,0,32,0.0,0.0,0.0,0.0,0.0,0.0,0.0,0.0,0,BENIGN,0.99
426,2,1,0.0,0.0,0.0,0.0,0.0,0.0,0.0,0.0,0.0,0.0,0.0,7042.2535211267605,213.0,220.6173157302028,369.0,57.0,369.0,369.0,0.0,369.0,369.0,0.0,0.0,0.0,0.0,0.0,0,64,32,4694.835680751174,2347.417840375587,0.0,0.0,0.0,0.0,0.0,1,0,0,3,0.0,0.0,0.0,0.0,0,0,0,0,126,127,0,32,0.0,0.0,0.0,0.0,0.0,0.0,0.0,0.0,0,BENIGN,0.82
81,2,1,0.0,0.0,0.0,0.0,0.0,0.0,0.0,0.0,0.0,0.0,0.0,37037.03703703704,40.5,55.86143571373726,80.0,1.0,1.0,1.0,0.0,1.0,1.0,0.0,0.0,0.0,0.0,0.0,0,64,32,24691.358024691355,12345.679012345678,0.0,0.0,0.0,0.0,0.0,1,0,0,3,0.0,0.0,0.0,0.0,0,0,0,0,126,127,0,32,0.0,0.0,0.0,0.0,0.0,0.0,0.0,0.0,0,BENIGN,1.0
12,2,1,0.0,0.0,0.0,0.0,0.0,0.0,0.0,0.0,0.0,0.0,0.0,250000.0,6.0,8.48528137423857,12.0,0.0,0.0,0.0,0.0,0.0,0.0,0.0,0.0,0.0,0.0,0.0,0,64,32,166666.66666666666,83333.33333333333,0.0,0.0,0.0,0.0,0.0,1,0,0,3,0.0,0.0,0.0,0.0,0,0,0,0,126,127,0,32,0.0,0.0,0.0,0.0,0.0,0.0,0.0,0.0,0,BENIGN,0.96
1586,2,1,0.0,0.0,0.0,0.0,0.0,0.0,0.0,0.0,0.0,0.0,0.0,1891.5510718789408,793.0,1032.3759005323593,1523.0,63.0,1523.0,1523.0,0.0,1523.0,1523.0,0.0,0.0,0.0,0.0,0.0,0,64,32,1261.034047919294,630.517023959647,0.0,0.0,0.0,0.0,0.0,1,0,0,3,0.0,0.0,0.0,0.0,0,0,0,0,126,127,0,32,0.0,0.0,0.0,0.0,0.0,0.0,0.0,0.0,0,BENIGN,0.92
267,2,1,0.0,0.0,0.0,0.0,0.0,0.0,0.0,0.0,0.0,0.0,0.0,11235.955056179777,133.5,109.60155108391488,211.0,56.0,211.0,211.0,0.0,211.0,211.0,0.0,0.0,0.0,0.0,0.0,0,64,32,7490.636704119851,3745.3183520599255,0.0,0.0,0.0,0.0,0.0,1,0,0,3,0.0,0.0,0.0,0.0,0,0,0,0,126,127,0,32,0.0,0.0,0.0,0.0,0.0,0.0,0.0,0.0,0,BENIGN,0.91
712,2,1,0.0,0.0,0.0,0.0,0.0,0.0,0.0,0.0,0.0,0.0,0.0,4213.483146067416,356.0,424.2640687119285,656.0,56.0,656.0,656.0,0.0,656.0,656.0,0.0,0.0,0.0,0.0,0.0,0,64,32,2808.988764044944,1404.494382022472,0.0,0.0,0.0,0.0,0.0,1,0,0,3,0.0,0.0,0.0,0.0,0,0,0,0,126,127,0,32,0.0,0.0,0.0,0.0,0.0,0.0,0.0,0.0,0,BENIGN,0.86
2025,2,1,0.0,0.0,0.0,0.0,0.0,0.0,0.0,0.0,0.0,0.0,0.0,1481.4814814814815,1012.5,1163.1906550518706,1835.0,190.0,1835.0,1835.0,0.0,1835.0,1835.0,0.0,0.0,0.0,0.0,0.0,0,64,32,987.6543209876544,493.8271604938272,0.0,0.0,0.0,0.0,0.0,1,0,0,3,0.0,0.0,0.0,0.0,0,0,0,0,126,127,0,32,0.0,0.0,0.0,0.0,0.0,0.0,0.0,0.0,0,BENIGN,0.91
208,2,1,0.0,0.0,0.0,0.0,0.0,0.0,0.0,0.0,0.0,0.0,0.0,14423.076923076924,104.0,145.6639969244288,207.0,1.0,1.0,1.0,0.0,1.0,1.0,0.0,0.0,0.0,0.0,0.0,0,64,32,9615.384615384615,4807.692307692308,0.0,0.0,0.0,0.0,0.0,1,0,0,3,0.0,0.0,0.0,0.0,0,0,0,0,126,127,0,32,0.0,0.0,0.0,0.0,0.0,0.0,0.0,0.0,0,BENIGN,0.99
7158,2,1,0.0,0.0,0.0,0.0,0.0,0.0,0.0,0.0,0.0,0.0,0.0,419.11148365465215,3579.0,5050.156631234322,7150.0,8.0,7150.0,7150.0,0.0,7150.0,7150.0,0.0,0.0,0.0,0.0,0.0,0,64,32,279.4076557697681,139.70382788488405,0.0,0.0,0.0,0.0,0.0,1,0,0,3,0.0,0.0,0.0,0.0,0,0,0,0,126,127,0,32,0.0,0.0,0.0,0.0,0.0,0.0,0.0,0.0,0,BENIGN,0.96
6882,2,1,0.0,0.0,0.0,0.0,0.0,0.0,0.0,0.0,0.0,0.0,0.0,435.9197907585004,3441.0,4788.5271221953,6827.0,55.0,6827.0,6827.0,0.0,6827.0,6827.0,0.0,0.0,0.0,0.0,0.0,0,64,32,290.6131938390003,145.30659691950015,0.0,0.0,0.0,0.0,0.0,1,0,0,3,0.0,0.0,0.0,0.0,0,0,0,0,126,127,0,32,0.0,0.0,0.0,0.0,0.0,0.0,0.0,0.0,0,BENIGN,0.96
541,2,1,0.0,0.0,0.0,0.0,0.0,0.0,0.0,0.0,0.0,0.0,0.0,5545.286506469501,270.5,358.5031380615796,524.0,17.0,524.0,524.0,0.0,524.0,524.0,0.0,0.0,0.0,0.0,0.0,0,64,32,3696.857670979667,1848.428835489833,0.0,0.0,0.0,0.0,0.0,1,0,0,3,0.0,0.0,0.0,0.0,0,0,0,0,126,127,0,32,0.0,0.0,0.0,0.0,0.0,0.0,0.0,0.0,0,BENIGN,0.85
82,2,1,0.0,0.0,0.0,0.0,0.0,0.0,0.0,0.0,0.0,0.0,0.0,36585.365853658535,41.0,56.56854249492381,81.0,1.0,1.0,1.0,0.0,1.0,1.0,0.0,0.0,0.0,0.0,0.0,0,64,32,24390.243902439022,12195.121951219511,0.0,0.0,0.0,0.0,0.0,1,0,0,3,0.0,0.0,0.0,0.0,0,0,0,0,126,127,0,32,0.0,0.0,0.0,0.0,0.0,0.0,0.0,0.0,0,BENIGN,1.0
917,2,1,0.0,0.0,0.0,0.0,0.0,0.0,0.0,0.0,0.0,0.0,0.0,3271.537622682661,458.5,396.6869042456532,739.0,178.0,739.0,739.0,0.0,739.0,739.0,0.0,0.0,0.0,0.0,0.0,0,64,32,2181.0250817884407,1090.5125408942204,0.0,0.0,0.0,0.0,0.0,1,0,0,3,0.0,0.0,0.0,0.0,0,0,0,0,126,127,0,32,0.0,0.0,0.0,0.0,0.0,0.0,0.0,0.0,0,BENIGN,0.83
67,2,1,0.0,0.0,0.0,0.0,0.0,0.0,0.0,0.0,0.0,0.0,0.0,44776.119402985074,33.5,45.96194077712559,66.0,1.0,1.0,1.0,0.0,1.0,1.0,0.0,0.0,0.0,0.0,0.0,0,64,32,29850.74626865672,14925.373134328358,0.0,0.0,0.0,0.0,0.0,1,0,0,3,0.0,0.0,0.0,0.0,0,0,0,0,126,127,0,32,0.0,0.0,0.0,0.0,0.0,0.0,0.0,0.0,0,BENIGN,0.99
1787,2,1,0.0,0.0,0.0,0.0,0.0,0.0,0.0,0.0,0.0,0.0,0.0,1678.7912702853946,893.5,1126.42110243017,1690.0,97.0,1690.0,1690.0,0.0,1690.0,1690.0,0.0,0.0,0.0,0.0,0.0,0,64,32,1119.194180190263,559.5970900951315,0.0,0.0,0.0,0.0,0.0,1,0,0,3,0.0,0.0,0.0,0.0,0,0,0,0,126,127,0,32,0.0,0.0,0.0,0.0,0.0,0.0,0.0,0.0,0,BENIGN,0.92
845,2,1,0.0,0.0,0.0,0.0,0.0,0.0,0.0,0.0,0.0,0.0,0.0,3550.2958579881656,422.5,10.606601717798211,430.0,415.0,430.0,430.0,0.0,430.0,430.0,0.0,0.0,0.0,0.0,0.0,0,64,32,2366.863905325444,1183.431952662722,0.0,0.0,0.0,0.0,0.0,1,0,0,3,0.0,0.0,0.0,0.0,0,0,0,0,126,127,0,32,0.0,0.0,0.0,0.0,0.0,0.0,0.0,0.0,0,BENIGN,0.91
57,1,1,0.0,0.0,0.0,0.0,0.0,0.0,0.0,0.0,0.0,0.0,0.0,35087.71929824561,57.0,0.0,57.0,57.0,0.0,0.0,0.0,0.0,0.0,0.0,0.0,0.0,0.0,0.0,0,32,32,17543.859649122805,17543.859649122805,0.0,0.0,0.0,0.0,0.0,1,0,0,2,1.0,0.0,0.0,0.0,0,0,0,0,126,127,0,32,0.0,0.0,0.0,0.0,0.0,0.0,0.0,0.0,0,BENIGN,1.0
81,2,1,0.0,0.0,0.0,0.0,0.0,0.0,0.0,0.0,0.0,0.0,0.0,37037.03703703704,40.5,55.86143571373726,80.0,1.0,1.0,1.0,0.0,1.0,1.0,0.0,0.0,0.0,0.0,0.0,0,64,32,24691.358024691355,12345.679012345678,0.0,0.0,0.0,0.0,0.0,1,0,0,3,0.0,0.0,0.0,0.0,0,0,0,0,126,127,0,32,0.0,0.0,0.0,0.0,0.0,0.0,0.0,0.0,0,BENIGN,1.0
10441,2,1,0.0,0.0,0.0,0.0,0.0,0.0,0.0,0.0,0.0,0.0,0.0,287.328799923379,5220.5,7290.978020814491,10376.0,65.0,10376.0,10376.0,0.0,10376.0,10376.0,0.0,0.0,0.0,0.0,0.0,0,64,32,191.55253328225265,95.77626664112633,0.0,0.0,0.0,0.0,0.0,1,0,0,3,0.0,0.0,0.0,0.0,0,0,0,0,126,127,0,32,0.0,0.0,0.0,0.0,0.0,0.0,0.0,0.0,0,BENIGN,0.96
5879,2,1,0.0,0.0,0.0,0.0,0.0,0.0,0.0,0.0,0.0,0.0,0.0,510.2908657935024,2939.5,4073.6421664157,5820.0,59.0,5820.0,5820.0,0.0,5820.0,5820.0,0.0,0.0,0.0,0.0,0.0,0,64,32,340.1939105290015,170.09695526450076,0.0,0.0,0.0,0.0,0.0,1,0,0,3,0.0,0.0,0.0,0.0,0,0,0,0,126,127,0,32,0.0,0.0,0.0,0.0,0.0,0.0,0.0,0.0,0,BENIGN,0.96
56,1,1,0.0,0.0,0.0,0.0,0.0,0.0,0.0,0.0,0.0,0.0,0.0,35714.28571428572,56.0,0.0,56.0,56.0,0.0,0.0,0.0,0.0,0.0,0.0,0.0,0.0,0.0,0.0,0,32,32,17857.14285714286,17857.14285714286,0.0,0.0,0.0,0.0,0.0,1,0,0,2,1.0,0.0,0.0,0.0,0,0,0,0,126,127,0,32,0.0,0.0,0.0,0.0,0.0,0.0,0.0,0.0,0,BENIGN,1.0
447,2,1,0.0,0.0,0.0,0.0,0.0,0.0,0.0,0.0,0.0,0.0,0.0,6711.4093959731545,223.5,234.0523445727472,389.0,58.0,389.0,389.0,0.0,389.0,389.0,0.0,0.0,0.0,0.0,0.0,0,64,32,4474.272930648769,2237.1364653243845,0.0,0.0,0.0,0.0,0.0,1,0,0,3,0.0,0.0,0.0,0.0,0,0,0,0,126,127,0,32,0.0,0.0,0.0,0.0,0.0,0.0,0.0,0.0,0,BENIGN,0.8
6857,2,1,0.0,0.0,0.0,0.0,0.0,0.0,0.0,0.0,0.0,0.0,0.0,437.5091147732245,3428.5,4749.63624923004,6787.0,70.0,6787.0,6787.0,0.0,6787.0,6787.0,0.0,0.0,0.0,0.0,0.0,0,64,32,291.67274318214965,145.83637159107482,0.0,0.0,0.0,0.0,0.0,1,0,0,3,0.0,0.0,0.0,0.0,0,0,0,0,126,127,0,32,0.0,0.0,0.0,0.0,0.0,0.0,0.0,0.0,0,BENIGN,0.96
55,1,1,0.0,0.0,0.0,0.0,0.0,0.0,0.0,0.0,0.0,0.0,0.0,36363.63636363636,55.0,0.0,55.0,55.0,0.0,0.0,0.0,0.0,0.0,0.0,0.0,0.0,0.0,0.0,0,32,32,18181.81818181818,18181.81818181818,0.0,0.0,0.0,0.0,0.0,1,0,0,2,1.0,0.0,0.0,0.0,0,0,0,0,126,127,0,32,0.0,0.0,0.0,0.0,0.0,0.0,0.0,0.0,0,BENIGN,1.0
70,2,1,0.0,0.0,0.0,0.0,0.0,0.0,0.0,0.0,0.0,0.0,0.0,42857.14285714286,35.0,49.49747468305833,70.0,0.0,0.0,0.0,0.0,0.0,0.0,0.0,0.0,0.0,0.0,0.0,0,64,32,28571.42857142857,14285.714285714286,0.0,0.0,0.0,0.0,0.0,1,0,0,3,0.0,0.0,0.0,0.0,0,0,0,0,126,127,0,32,0.0,0.0,0.0,0.0,0.0,0.0,0.0,0.0,0,BENIGN,0.99
260,2,1,0.0,0.0,0.0,0.0,0.0,0.0,0.0,0.0,0.0,0.0,0.0,11538.46153846154,130.0,165.46298679765212,247.0,13.0,247.0,247.0,0.0,247.0,247.0,0.0,0.0,0.0,0.0,0.0,0,64,32,7692.307692307693,3846.153846153847,0.0,0.0,0.0,0.0,0.0,1,0,0,3,0.0,0.0,0.0,0.0,0,0,0,0,126,127,0,32,0.0,0.0,0.0,0.0,0.0,0.0,0.0,0.0,0,BENIGN,0.89
64,2,1,0.0,0.0,0.0,0.0,0.0,0.0,0.0,0.0,0.0,0.0,0.0,46875.0,32.0,45.254833995939045,64.0,0.0,0.0,0.0,0.0,0.0,0.0,0.0,0.0,0.0,0.0,0.0,0,64,32,31250.0,15625.0,0.0,0.0,0.0,0.0,0.0,1,0,0,3,0.0,0.0,0.0,0.0,0,0,0,0,126,127,0,32,0.0,0.0,0.0,0.0,0.0,0.0,0.0,0.0,0,BENIGN,0.99
783,2,1,0.0,0.0,0.0,0.0,0.0,0.0,0.0,0.0,0.0,0.0,0.0,3831.417624521073,391.5,289.20667350529794,596.0,187.0,596.0,596.0,0.0,596.0,596.0,0.0,0.0,0.0,0.0,0.0,0,64,32,2554.278416347382,1277.139208173691,0.0,0.0,0.0,0.0,0.0,1,0,0,3,0.0,0.0,0.0,0.0,0,0,0,0,126,127,0,32,0.0,0.0,0.0,0.0,0.0,0.0,0.0,0.0,0,BENIGN,0.87
6608,2,1,0.0,0.0,0.0,0.0,0.0,0.0,0.0,0.0,0.0,0.0,0.0,453.9951573849879,3304.0,4652.7626202074825,6594.0,14.0,6594.0,6594.0,0.0,6594.0,6594.0,0.0,0.0,0.0,0.0,0.0,0,64,32,302.6634382566586,151.3317191283293,0.0,0.0,0.0,0.0,0.0,1,0,0,3,0.0,0.0,0.0,0.0,0,0,0,0,126,127,0,32,0.0,0.0,0.0,0.0,0.0,0.0,0.0,0.0,0,BENIGN,0.96
70,2,1,0.0,0.0,0.0,0.0,0.0,0.0,0.0,0.0,0.0,0.0,0.0,42857.14285714286,35.0,49.49747468305833,70.0,0.0,0.0,0.0,0.0,0.0,0.0,0.0,0.0,0.0,0.0,0.0,0,64,32,28571.42857142857,14285.714285714286,0.0,0.0,0.0,0.0,0.0,1,0,0,3,0.0,0.0,0.0,0.0,0,0,0,0,126,127,0,32,0.0,0.0,0.0,0.0,0.0,0.0,0.0,0.0,0,BENIGN,0.99
15,2,1,0.0,0.0,0.0,0.0,0.0,0.0,0.0,0.0,0.0,0.0,0.0,200000.0,7.5,9.192388155425116,14.0,1.0,1.0,1.0,0.0,1.0,1.0,0.0,0.0,0.0,0.0,0.0,0,64,32,133333.33333333334,66666.66666666667,0.0,0.0,0.0,0.0,0.0,1,0,0,3,0.0,0.0,0.0,0.0,0,0,0,0,126,127,0,32,0.0,0.0,0.0,0.0,0.0,0.0,0.0,0.0,0,BENIGN,0.98
20,2,1,0.0,0.0,0.0,0.0,0.0,0.0,0.0,0.0,0.0,0.0,0.0,150000.0,10.0,14.142135623730953,20.0,0.0,0.0,0.0,0.0,0.0,0.0,0.0,0.0,0.0,0.0,0.0,0,64,32,100000.0,49999.99999999999,0.0,0.0,0.0,0.0,0.0,1,0,0,3,0.0,0.0,0.0,0.0,0,0,0,0,126,127,0,32,0.0,0.0,0.0,0.0,0.0,0.0,0.0,0.0,0,BENIGN,0.96
60,2,1,0.0,0.0,0.0,0.0,0.0,0.0,0.0,0.0,0.0,0.0,0.0,50000.0,30.0,42.42640687119285,60.0,0.0,0.0,0.0,0.0,0.0,0.0,0.0,0.0,0.0,0.0,0.0,0,64,32,33333.333333333336,16666.666666666668,0.0,0.0,0.0,0.0,0.0,1,0,0,3,0.0,0.0,0.0,0.0,0,0,0,0,126,127,0,32,0.0,0.0,0.0,0.0,0.0,0.0,0.0,0.0,0,BENIGN,0.99
382,2,1,0.0,0.0,0.0,0.0,0.0,0.0,0.0,0.0,0.0,0.0,0.0,7853.403141361256,191.0,189.50461735799476,325.0,57.0,325.0,325.0,0.0,325.0,325.0,0.0,0.0,0.0,0.0,0.0,0,64,32,5235.602094240838,2617.801047120419,0.0,0.0,0.0,0.0,0.0,1,0,0,3,0.0,0.0,0.0,0.0,0,0,0,0,126,127,0,32,0.0,0.0,0.0,0.0,0.0,0.0,0.0,0.0,0,BENIGN,0.84
78,1,1,0.0,0.0,0.0,0.0,0.0,0.0,0.0,0.0,0.0,0.0,0.0,25641.02564102564,78.0,0.0,78.0,78.0,0.0,0.0,0.0,0.0,0.0,0.0,0.0,0.0,0.0,0.0,0,32,32,12820.51282051282,12820.51282051282,0.0,0.0,0.0,0.0,0.0,1,0,0,2,1.0,0.0,0.0,0.0,0,0,0,0,126,127,0,32,0.0,0.0,0.0,0.0,0.0,0.0,0.0,0.0,0,BENIGN,1.0
5275,2,1,0.0,0.0,0.0,0.0,0.0,0.0,0.0,0.0,0.0,0.0,0.0,568.7203791469194,2637.5,3697.461358824457,5252.0,23.0,5252.0,5252.0,0.0,5252.0,5252.0,0.0,0.0,0.0,0.0,0.0,0,64,32,379.1469194312796,189.5734597156398,0.0,0.0,0.0,0.0,0.0,1,0,0,3,0.0,0.0,0.0,0.0,0,0,0,0,126,127,0,32,0.0,0.0,0.0,0.0,0.0,0.0,0.0,0.0,0,BENIGN,0.96
463,2,1,0.0,0.0,0.0,0.0,0.0,0.0,0.0,0.0,0.0,0.0,0.0,6479.481641468683,231.5,248.19448019647817,407.0,56.0,407.0,407.0,0.0,407.0,407.0,0.0,0.0,0.0,0.0,0.0,0,64,32,4319.654427645789,2159.8272138228945,0.0,0.0,0.0,0.0,0.0,1,0,0,3,0.0,0.0,0.0,0.0,0,0,0,0,126,127,0,32,0.0,0.0,0.0,0.0,0.0,0.0,0.0,0.0,0,BENIGN,0.84
12,2,1,0.0,0.0,0.0,0.0,0.0,0.0,0.0,0.0,0.0,0.0,0.0,250000.0,6.0,8.48528137423857,12.0,0.0,0.0,0.0,0.0,0.0,0.0,0.0,0.0,0.0,0.0,0.0,0,64,32,166666.66666666666,83333.33333333333,0.0,0.0,0.0,0.0,0.0,1,0,0,3,0.0,0.0,0.0,0.0,0,0,0,0,126,127,0,32,0.0,0.0,0.0,0.0,0.0,0.0,0.0,0.0,0,BENIGN,0.96
80,2,1,0.0,0.0,0.0,0.0,0.0,0.0,0.0,0.0,0.0,0.0,0.0,37500.0,40.0,56.56854249492381,80.0,0.0,0.0,0.0,0.0,0.0,0.0,0.0,0.0,0.0,0.0,0.0,0,64,32,25000.0,12499.999999999998,0.0,0.0,0.0,0.0,0.0,1,0,0,3,0.0,0.0,0.0,0.0,0,0,0,0,126,127,0,32,0.0,0.0,0.0,0.0,0.0,0.0,0.0,0.0,0,BENIGN,1.0
6719,2,1,0.0,0.0,0.0,0.0,0.0,0.0,0.0,0.0,0.0,0.0,0.0,446.4950141390088,3359.5,4585.587475994761,6602.0,117.0,6602.0,6602.0,0.0,6602.0,6602.0,0.0,0.0,0.0,0.0,0.0,0,64,32,297.6633427593392,148.8316713796696,0.0,0.0,0.0,0.0,0.0,1,0,0,3,0.0,0.0,0.0,0.0,0,0,0,0,126,127,0,32,0.0,0.0,0.0,0.0,0.0,0.0,0.0,0.0,0,BENIGN,0.96
59,2,1,0.0,0.0,0.0,0.0,0.0,0.0,0.0,0.0,0.0,0.0,0.0,50847.457627118645,29.5,41.71930009000631,59.0,0.0,0.0,0.0,0.0,0.0,0.0,0.0,0.0,0.0,0.0,0.0,0,64,32,33898.30508474576,16949.15254237288,0.0,0.0,0.0,0.0,0.0,1,0,0,3,0.0,0.0,0.0,0.0,0,0,0,0,126,127,0,32,0.0,0.0,0.0,0.0,0.0,0.0,0.0,0.0,0,BENIGN,0.99
1463,2,1,0.0,0.0,0.0,0.0,0.0,0.0,0.0,0.0,0.0,0.0,0.0,2050.580997949419,731.5,1014.6982310026956,1449.0,14.0,1449.0,1449.0,0.0,1449.0,1449.0,0.0,0.0,0.0,0.0,0.0,0,64,32,1367.053998632946,683.5269993164729,0.0,0.0,0.0,0.0,0.0,1,0,0,3,0.0,0.0,0.0,0.0,0,0,0,0,126,127,0,32,0.0,0.0,0.0,0.0,0.0,0.0,0.0,0.0,0,BENIGN,0.94
270,2,1,0.0,0.0,0.0,0.0,0.0,0.0,0.0,0.0,0.0,0.0,0.0,11111.111111111111,135.0,110.3086578651014,213.0,57.0,213.0,213.0,0.0,213.0,213.0,0.0,0.0,0.0,0.0,0.0,0,64,32,7407.407407407407,3703.703703703704,0.0,0.0,0.0,0.0,0.0,1,0,0,3,0.0,0.0,0.0,0.0,0,0,0,0,126,127,0,32,0.0,0.0,0.0,0.0,0.0,0.0,0.0,0.0,0,BENIGN,0.91
716,2,1,0.0,0.0,0.0,0.0,0.0,0.0,0.0,0.0,0.0,0.0,0.0,4189.944134078212,358.0,424.2640687119285,658.0,58.0,658.0,658.0,0.0,658.0,658.0,0.0,0.0,0.0,0.0,0.0,0,64,32,2793.296089385475,1396.6480446927376,0.0,0.0,0.0,0.0,0.0,1,0,0,3,0.0,0.0,0.0,0.0,0,0,0,0,126,127,0,32,0.0,0.0,0.0,0.0,0.0,0.0,0.0,0.0,0,BENIGN,0.86
84,2,1,0.0,0.0,0.0,0.0,0.0,0.0,0.0,0.0,0.0,0.0,0.0,35714.28571428572,42.0,59.39696961966999,84.0,0.0,0.0,0.0,0.0,0.0,0.0,0.0,0.0,0.0,0.0,0.0,0,64,32,23809.52380952381,11904.761904761905,0.0,0.0,0.0,0.0,0.0,1,0,0,3,0.0,0.0,0.0,0.0,0,0,0,0,126,127,0,32,0.0,0.0,0.0,0.0,0.0,0.0,0.0,0.0,0,BENIGN,1.0
271,2,1,0.0,0.0,0.0,0.0,0.0,0.0,0.0,0.0,0.0,0.0,0.0,11070.110701107013,135.5,111.01576464628796,214.0,57.0,214.0,214.0,0.0,214.0,214.0,0.0,0.0,0.0,0.0,0.0,0,64,32,7380.073800738008,3690.036900369004,0.0,0.0,0.0,0.0,0.0,1,0,0,3,0.0,0.0,0.0,0.0,0,0,0,0,126,127,0,32,0.0,0.0,0.0,0.0,0.0,0.0,0.0,0.0,0,BENIGN,0.91
66,2,1,0.0,0.0,0.0,0.0,0.0,0.0,0.0,0.0,0.0,0.0,0.0,45454.54545454545,33.0,45.254833995939045,65.0,1.0,1.0,1.0,0.0,1.0,1.0,0.0,0.0,0.0,0.0,0.0,0,64,32,30303.0303030303,15151.51515151515,0.0,0.0,0.0,0.0,0.0,1,0,0,3,0.0,0.0,0.0,0.0,0,0,0,0,126,127,0,32,0.0,0.0,0.0,0.0,0.0,0.0,0.0,0.0,0,BENIGN,0.99
22,2,1,0.0,0.0,0.0,0.0,0.0,0.0,0.0,0.0,0.0,0.0,0.0,136363.63636363635,11.0,15.556349186104043,22.0,0.0,0.0,0.0,0.0,0.0,0.0,0.0,0.0,0.0,0.0,0.0,0,64,32,90909.09090909093,45454.545454545456,0.0,0.0,0.0,0.0,0.0,1,0,0,3,0.0,0.0,0.0,0.0,0,0,0,0,126,127,0,32,0.0,0.0,0.0,0.0,0.0,0.0,0.0,0.0,0,BENIGN,0.97
1274,2,1,0.0,0.0,0.0,0.0,0.0,0.0,0.0,0.0,0.0,0.0,0.0,2354.7880690737834,637.0,834.3860018001261,1227.0,47.0,1227.0,1227.0,0.0,1227.0,1227.0,0.0,0.0,0.0,0.0,0.0,0,64,32,1569.8587127158555,784.9293563579278,0.0,0.0,0.0,0.0,0.0,1,0,0,3,0.0,0.0,0.0,0.0,0,0,0,0,126,127,0,32,0.0,0.0,0.0,0.0,0.0,0.0,0.0,0.0,0,BENIGN,0.9
4602,2,1,0.0,0.0,0.0,0.0,0.0,0.0,0.0,0.0,0.0,0.0,0.0,651.8904823989569,2301.0,3176.323661089972,4547.0,55.0,4547.0,4547.0,0.0,4547.0,4547.0,0.0,0.0,0.0,0.0,0.0,0,64,32,434.593654932638,217.29682746631897,0.0,0.0,0.0,0.0,0.0,1,0,0,3,0.0,0.0,0.0,0.0,0,0,0,0,126,127,0,32,0.0,0.0,0.0,0.0,0.0,0.0,0.0,0.0,0,BENIGN,0.92
961,2,1,0.0,0.0,0.0,0.0,0.0,0.0,0.0,0.0,0.0,0.0,0.0,3121.7481789802287,480.5,598.9194436650057,904.0,57.0,904.0,904.0,0.0,904.0,904.0,0.0,0.0,0.0,0.0,0.0,0,64,32,2081.1654526534858,1040.5827263267429,0.0,0.0,0.0,0.0,0.0,1,0,0,3,0.0,0.0,0.0,0.0,0,0,0,0,126,127,0,32,0.0,0.0,0.0,0.0,0.0,0.0,0.0,0.0,0,BENIGN,0.78
3582,2,1,0.0,0.0,0.0,0.0,0.0,0.0,0.0,0.0,0.0,0.0,0.0,837.5209380234505,1791.0,2449.417890030201,3523.0,59.0,3523.0,3523.0,0.0,3523.0,3523.0,0.0,0.0,0.0,0.0,0.0,0,64,32,558.3472920156337,279.17364600781684,0.0,0.0,0.0,0.0,0.0,1,0,0,3,0.0,0.0,0.0,0.0,0,0,0,0,126,127,0,32,0.0,0.0,0.0,0.0,0.0,0.0,0.0,0.0,0,BENIGN,0.9
6520,2,1,0.0,0.0,0.0,0.0,0.0,0.0,0.0,0.0,0.0,0.0,0.0,460.1226993865031,3260.0,4498.613341908816,6441.0,79.0,6441.0,6441.0,0.0,6441.0,6441.0,0.0,0.0,0.0,0.0,0.0,0,64,32,306.7484662576687,153.37423312883436,0.0,0.0,0.0,0.0,0.0,1,0,0,3,0.0,0.0,0.0,0.0,0,0,0,0,126,127,0,32,0.0,0.0,0.0,0.0,0.0,0.0,0.0,0.0,0,BENIGN,0.96
70,2,1,0.0,0.0,0.0,0.0,0.0,0.0,0.0,0.0,0.0,0.0,0.0,42857.14285714286,35.0,49.49747468305833,70.0,0.0,0.0,0.0,0.0,0.0,0.0,0.0,0.0,0.0,0.0,0.0,0,64,32,28571.42857142857,14285.714285714286,0.0,0.0,0.0,0.0,0.0,1,0,0,3,0.0,0.0,0.0,0.0,0,0,0,0,126,127,0,32,0.0,0.0,0.0,0.0,0.0,0.0,0.0,0.0,0,BENIGN,0.99
1364,2,1,0.0,0.0,0.0,0.0,0.0,0.0,0.0,0.0,0.0,0.0,0.0,2199.4134897360705,682.0,885.2976900455575,1308.0,56.0,1308.0,1308.0,0.0,1308.0,1308.0,0.0,0.0,0.0,0.0,0.0,0,64,32,1466.275659824047,733.1378299120234,0.0,0.0,0.0,0.0,0.0,1,0,0,3,0.0,0.0,0.0,0.0,0,0,0,0,126,127,0,32,0.0,0.0,0.0,0.0,0.0,0.0,0.0,0.0,0,BENIGN,0.93
12386,2,1,0.0,0.0,0.0,0.0,0.0,0.0,0.0,0.0,0.0,0.0,0.0,242.2089455837236,6193.0,8650.744361036222,12310.0,76.0,12310.0,12310.0,0.0,12310.0,12310.0,0.0,0.0,0.0,0.0,0.0,0,64,32,161.47263038914906,80.73631519457453,0.0,0.0,0.0,0.0,0.0,1,0,0,3,0.0,0.0,0.0,0.0,0,0,0,0,126,127,0,32,0.0,0.0,0.0,0.0,0.0,0.0,0.0,0.0,0,BENIGN,0.96
528,2,1,0.0,0.0,0.0,0.0,0.0,0.0,0.0,0.0,0.0,0.0,0.0,5681.818181818181,264.0,291.3279938488576,470.0,58.0,470.0,470.0,0.0,470.0,470.0,0.0,0.0,0.0,0.0,0.0,0,64,32,3787.878787878788,1893.9393939393935,0.0,0.0,0.0,0.0,0.0,1,0,0,3,0.0,0.0,0.0,0.0,0,0,0,0,126,127,0,32,0.0,0.0,0.0,0.0,0.0,0.0,0.0,0.0,0,BENIGN,0.85
7231,2,1,0.0,0.0,0.0,0.0,0.0,0.0,0.0,0.0,0.0,0.0,0.0,414.88037615820775,3615.5,5012.679971831435,7160.0,71.0,7160.0,7160.0,0.0,7160.0,7160.0,0.0,0.0,0.0,0.0,0.0,0,64,32,276.5869174388052,138.2934587194026,0.0,0.0,0.0,0.0,0.0,1,0,0,3,0.0,0.0,0.0,0.0,0,0,0,0,126,127,0,32,0.0,0.0,0.0,0.0,0.0,0.0,0.0,0.0,0,BENIGN,0.96
1320,2,1,0.0,0.0,0.0,0.0,0.0,0.0,0.0,0.0,0.0,0.0,0.0,2272.7272727272725,660.0,835.8002153624992,1251.0,69.0,1251.0,1251.0,0.0,1251.0,1251.0,0.0,0.0,0.0,0.0,0.0,0,64,32,1515.1515151515152,757.5757575757576,0.0,0.0,0.0,0.0,0.0,1,0,0,3,0.0,0.0,0.0,0.0,0,0,0,0,126,127,0,32,0.0,0.0,0.0,0.0,0.0,0.0,0.0,0.0,0,BENIGN,0.93
65,2,1,0.0,0.0,0.0,0.0,0.0,0.0,0.0,0.0,0.0,0.0,0.0,46153.84615384616,32.5,45.96194077712559,65.0,0.0,0.0,0.0,0.0,0.0,0.0,0.0,0.0,0.0,0.0,0.0,0,64,32,30769.230769230773,15384.615384615388,0.0,0.0,0.0,0.0,0.0,1,0,0,3,0.0,0.0,0.0,0.0,0,0,0,0,126,127,0,32,0.0,0.0,0.0,0.0,0.0,0.0,0.0,0.0,0,BENIGN,0.99
280,2,1,0.0,0.0,0.0,0.0,0.0,0.0,0.0,0.0,0.0,0.0,0.0,10714.285714285716,140.0,114.5512985522207,221.0,59.0,221.0,221.0,0.0,221.0,221.0,0.0,0.0,0.0,0.0,0.0,0,64,32,7142.857142857143,3571.428571428572,0.0,0.0,0.0,0.0,0.0,1,0,0,3,0.0,0.0,0.0,0.0,0,0,0,0,126,127,0,32,0.0,0.0,0.0,0.0,0.0,0.0,0.0,0.0,0,BENIGN,0.91
