Flow Duration,Total Fwd Packets,Total Backward Packets,Total Length of Fwd Packets,Total Length of Bwd Packets,Fwd Packet Length Max,Fwd Packet Length Min,Fwd Packet Length Mean,Fwd Packet Length Std,Bwd Packet Length Max,Bwd Packet Length Min,Bwd Packet Length Mean,Bwd Packet Length Std,Flow Bytes/s,Flow Packets/s,Flow IAT Mean,Flow IAT Std,Flow IAT Max,Flow IAT Min,Fwd IAT Total,Fwd IAT Mean,Fwd IAT Std,Fwd IAT Max,Fwd IAT Min,Bwd IAT Total,Bwd IAT Mean,Bwd IAT Std,Bwd IAT Max,Bwd IAT Min,Fwd PSH Flags,Fwd Header Length,Bwd Header Length,Fwd Packets/s,Bwd Packets/s,Min Packet Length,Max Packet Length,Packet Length Mean,Packet Length Std,Packet Length Variance,FIN Flag Count,SYN Flag Count,PSH Flag Count,ACK Flag Count,Down/Up Ratio,Average Packet Size,Avg Fwd Segment Size,Avg Bwd Segment Size,Subflow Fwd Packets,Subflow Fwd Bytes,Subflow Bwd Packets,Subflow Bwd Bytes,Init_Win_bytes_forward,Init_Win_bytes_backward,act_data_pkt_fwd,min_seg_size_forward,Active Mean,Active Std,Active Max,Active Min,Idle Mean,Idle Std,Idle Max,Idle Min,Prediction,Prediction Label,Prediction Confidence
20425673,6,7,210.0,482.0,168.0,0.0,35.0,65.62926176637978,482.0,0.0,68.85714285714285,182.17887599044752,33.87893265499746,0.636453937160357,1702139.4166666667,4452630.911930904,15021514.0,1.0,15213068.0,3042613.6,6696930.073520875,15021541.0,1.0,20425636.0,3404272.6666666665,6055090.67187951,15021599.0,2.0,0,200,232,0.2937479709970878,0.3427059661632691,0.0,482.0,49.42857142857143,132.1436946810405,17461.95604395605,1,2,5,12,1.0,53.23076923076923,35.0,68.85714285714286,3,105,3,241,64240,128,4,32,95819.5,135389.02828700707,191554.0,85.0,10117016.0,6936007.58823172,15021514.0,5212518.0,0,BENIGN,0.99
20424712,6,7,209.0,482.0,168.0,0.0,34.833333333333336,65.67318072597571,482.0,0.0,68.85714285714285,182.17887599044752,33.83156638879412,0.6364838828571977,1702059.3333333335,4450836.908585239,15015623.0,0.0,15212022.0,3042404.4,6697038.987889595,15021540.0,0.0,20424702.0,3404117.0,6052309.314894241,15015775.0,170.0,0,200,232,0.2937617920879374,0.3427220907692603,0.0,482.0,49.35714285714285,132.16051263104688,17466.4010989011,1,2,5,12,1.0,53.15384615384615,34.833333333333336,68.85714285714286,3,104,3,241,64240,128,4,32,98275.5,138767.5844875164,196399.0,152.0,10113995.5,6931948.088200928,15015623.0,5212368.0,0,BENIGN,0.99
20426573,6,7,210.0,482.0,168.0,0.0,35.0,65.59878047646923,482.0,0.0,68.85714285714285,182.17887599044752,33.87743994061069,0.6364258948380621,1702214.4166666665,4450970.238396393,15015306.0,1.0,15211042.0,3042208.4,6697144.161051433,15021540.0,1.0,20426564.0,3404427.333333333,6052481.587542539,15015578.0,89.0,0,200,232,0.2937350283867979,0.3426908664512642,0.0,482.0,49.42857142857142,132.1378733838924,17460.417582417584,1,2,5,12,1.0,53.23076923076923,35.0,68.85714285714286,3,105,3,241,64240,128,4,32,98004.0,138213.91987784734,195736.0,272.0,10115238.0,6929742.622150407,15015306.0,5215170.0,0,BENIGN,0.99
20425933,6,7,210.0,482.0,168.0,0.0,35.0,65.59878047646923,482.0,0.0,68.85714285714285,182.17887599044752,33.87850141288528,0.6364458357911974,1702161.0833333333,4450777.34666875,15014476.0,1.0,15209377.0,3041875.4,6697319.1661573285,15021540.0,1.0,20425770.0,3404295.0,6052443.351207345,15015183.0,238.0,0,200,232,0.2937442319036296,0.3427016038875678,0.0,482.0,49.42857142857142,132.1378733838924,17460.417582417584,1,2,5,12,1.0,53.23076923076923,35.0,68.85714285714286,3,105,3,241,64240,128,4,32,97804.0,137315.8942657404,194901.0,707.0,10115043.5,6928843.889431519,15014476.0,5215611.0,0,BENIGN,0.99
20423436,6,7,210.0,482.0,168.0,0.0,35.0,65.62926176637978,482.0,0.0,68.85714285714285,182.17887599044752,33.88264344941762,0.636523648616227,1701953.0,4450619.738115274,15013325.0,1.0,15205996.0,3041199.2,6693145.8260469865,15013348.0,1.0,20423360.0,3403893.333333333,6052416.06334104,15014315.0,2.0,0,200,232,0.2937801455151816,0.3427435031010453,0.0,482.0,49.42857142857143,132.1436946810405,17461.95604395605,1,2,5,12,1.0,53.23076923076923,35.0,68.85714285714286,3,105,3,241,64240,128,4,32,96830.5,135538.9349246186,192671.0,990.0,10114886.5,6927438.16115052,15013325.0,5216448.0,0,BENIGN,0.99
20426168,6,7,210.0,482.0,168.0,0.0,35.0,65.62926176637978,482.0,0.0,68.85714285714285,182.17887599044752,33.8781116458065,0.6364385135772896,1702180.6666666667,4450698.647423495,15013929.0,17.0,15208660.0,3041732.0,6697392.899399064,15021540.0,373.0,20425899.0,3404316.5,6052373.374586923,15014748.0,125.0,0,200,232,0.2937408524202875,0.3426976611570021,0.0,482.0,49.42857142857143,132.1436946810405,17461.95604395605,1,2,5,12,1.0,53.23076923076923,35.0,68.85714285714286,3,105,3,241,64240,128,4,32,97775.0,137116.4901534458,194731.0,819.0,10115246.5,6927783.22925974,15013929.0,5216564.0,0,BENIGN,0.99
20428446,6,7,211.0,482.0,168.0,0.0,35.166666666666664,65.55430318954406,482.0,0.0,68.85714285714285,182.17887599044752,33.92328520730358,0.6363675435713514,1702370.5,4451042.357349292,15015016.0,0.0,15210250.0,3042050.0,6697227.4064584365,15021539.0,0.0,20428334.0,3404722.333333333,6052664.873406082,15015608.0,280.0,0,200,232,0.2937080970329314,0.34265944653842,0.0,482.0,49.50000000000001,132.12101096518123,17455.96153846154,1,2,5,12,1.0,53.30769230769231,35.166666666666664,68.85714285714286,3,105,3,241,64240,128,4,32,97913.0,137632.67810371198,195234.0,592.0,10116170.0,6928014.453177188,15015016.0,5217324.0,0,BENIGN,0.99
20424888,7,7,210.0,482.0,168.0,0.0,30.0,61.326992425847855,482.0,0.0,68.85714285714285,182.17887599044752,33.88023474106688,0.6854382751082895,1571145.2307692303,4287554.8976820335,15014099.0,0.0,20424798.0,3404133.0,6052641.233802645,15014393.0,0.0,20424775.0,3404129.1666666665,6052462.491247523,15014165.0,430.0,0,232,232,0.3427191375541447,0.3427191375541447,0.0,482.0,46.133333333333326,127.9692299325264,16376.123809523811,1,2,5,13,1.0,49.42857142857143,30.0,68.85714285714286,3,105,3,241,64240,128,4,32,96131.5,135857.13297615256,192197.0,66.0,10116097.5,6926820.149823763,15014099.0,5218096.0,0,BENIGN,0.98
20424451,6,7,211.0,482.0,168.0,0.0,35.166666666666664,65.55430318954406,482.0,0.0,68.85714285714285,182.17887599044752,33.92992056432753,0.6364920163582365,1702037.5833333335,4450992.231875035,15013563.0,1.0,15204491.0,3040898.2,6693878.684263684,15014393.0,442.0,20424313.0,3404052.1666666665,6052601.023355873,15013802.0,1.0,0,200,232,0.2937655460114937,0.3427264703467427,0.0,482.0,49.50000000000001,132.12101096518123,17455.96153846154,1,2,5,12,1.0,53.30769230769231,35.166666666666664,68.85714285714286,3,105,3,241,64240,128,4,32,95583.5,134837.48499768155,190928.0,239.0,10116641.5,6925292.7991764005,15013563.0,5219720.0,0,BENIGN,0.99
20428583,6,7,211.0,482.0,168.0,0.0,35.166666666666664,65.55430318954406,482.0,0.0,68.85714285714285,182.17887599044752,33.92305770791836,0.6363632759061164,1702381.9166666667,4450871.913750904,15013622.0,14.0,15207448.0,3041489.6,6697522.539006069,15021540.0,241.0,20428394.0,3404732.333333333,6052565.977426158,15014553.0,303.0,0,200,232,0.2937061273412845,0.3426571485648319,0.0,482.0,49.50000000000001,132.12101096518123,17455.96153846154,1,2,5,12,1.0,53.30769230769231,35.166666666666664,68.85714285714286,3,105,3,241,64240,128,4,32,97378.5,136397.3625569791,193826.0,931.0,10116761.5,6925206.532149095,15013622.0,5219901.0,0,BENIGN,0.99
20424413,6,7,210.0,482.0,168.0,0.0,35.0,65.59878047646923,482.0,0.0,68.85714285714285,182.17887599044752,33.88102267614741,0.6364932005634629,1702034.4166666665,4451053.082812598,15012207.0,2.0,15199242.0,3039848.4,6693259.86182083,15012267.0,485.0,20424323.0,3404053.833333333,6053010.874319075,15013090.0,2.0,0,200,232,0.2937660925677521,0.3427271079957108,0.0,482.0,49.42857142857142,132.1378733838924,17460.417582417584,1,2,5,12,1.0,53.23076923076923,35.0,68.85714285714286,3,105,3,241,64240,128,4,32,93959.0,131629.3415314382,187035.0,883.0,10118246.5,6921105.312818213,15012207.0,5224286.0,0,BENIGN,0.99
20426060,6,7,208.0,482.0,168.0,0.0,34.666666666666664,65.75003168567045,482.0,0.0,68.85714285714285,182.17887599044752,33.78037663651238,0.6364418786589289,1702171.6666666665,4451184.767091921,15012743.0,0.0,15200888.0,3040177.6,6694271.795271783,15014394.0,1.0,20426048.0,3404341.333333333,6053034.042371962,15013428.0,0.0,0,200,232,0.2937424055348902,0.3426994731240386,0.0,482.0,49.285714285714285,132.1836883754099,17472.527472527472,1,2,5,12,1.0,53.07692307692308,34.666666666666664,68.85714285714286,3,104,3,241,64240,128,4,32,94415.0,132554.2372012302,188145.0,685.0,10118615.0,6921342.193589911,15012743.0,5224487.0,0,BENIGN,0.99
20425232,6,7,209.0,482.0,168.0,0.0,34.833333333333336,65.67318072597571,482.0,0.0,68.85714285714285,182.17887599044752,33.83070508085294,0.636467678800417,1702102.6666666667,4451127.285462993,15012518.0,0.0,15200059.0,3040011.8,6694357.282076838,15014393.0,336.0,20425218.0,3404203.0,6053050.654386696,15013327.0,0.0,0,200,232,0.2937543132925002,0.3427133655079168,0.0,482.0,49.35714285714285,132.16051263104688,17466.4010989011,1,2,5,12,1.0,53.15384615384615,34.833333333333336,68.85714285714286,3,104,3,241,64240,128,4,32,94175.0,132039.4634645264,187541.0,809.0,10118441.0,6921270.06869823,15012518.0,5224364.0,0,BENIGN,0.99
20427032,6,7,210.0,482.0,168.0,0.0,35.0,65.62926176637978,482.0,0.0,68.85714285714285,182.17887599044752,33.8766787069213,0.6364115942051689,1702252.6666666665,4451234.368611829,15012963.0,0.0,15201857.0,3040371.4,6694167.544634941,15014394.0,0.0,20426942.0,3404490.333333333,6053008.55606855,15013530.0,1.0,0,200,232,0.2937284280946933,0.3426831661104755,0.0,482.0,49.42857142857143,132.1436946810405,17461.95604395605,1,2,5,12,1.0,53.23076923076923,35.0,68.85714285714286,3,105,3,241,64240,128,4,32,94730.5,133167.29878051893,188894.0,567.0,10118785.0,6921412.904268029,15012963.0,5224607.0,0,BENIGN,0.99
20431478,7,7,211.0,482.0,168.0,0.0,30.14285714285714,61.30097490097138,482.0,0.0,68.85714285714285,182.17887599044752,33.91825104380604,0.6852171928041624,1571652.1538461538,4287961.231879782,15013834.0,7.0,20431375.0,3405229.166666667,6053180.987915144,15014394.0,421.0,20431404.0,3405234.0,6052783.154425838,15013964.0,585.0,0,232,232,0.3426085964020812,0.3426085964020812,0.0,482.0,46.20000000000001,127.95490276991008,16372.457142857143,1,2,5,13,1.0,49.5,30.142857142857142,68.85714285714286,3,105,3,241,64240,128,4,32,95859.5,135381.9572191952,191589.0,130.0,10119358.0,6921834.339909617,15013834.0,5224882.0,0,BENIGN,0.98
20433667,6,7,210.0,482.0,168.0,0.0,35.0,65.62926176637978,482.0,0.0,68.85714285714285,182.17887599044752,33.86567863712372,0.6362049454950989,1702805.5833333335,4451640.69707715,15013261.0,2.0,15203457.0,3040691.4,6693987.679010643,15014393.0,573.0,20433575.0,3405595.833333333,6053259.877121761,15013765.0,2.0,0,200,232,0.2936330517669687,0.3425718937281301,0.0,482.0,49.42857142857143,132.1436946810405,17461.95604395605,1,2,5,12,1.0,53.23076923076923,35.0,68.85714285714286,3,105,3,241,64240,128,4,32,95350.0,134132.4995368386,190196.0,504.0,10121482.5,6918019.498825115,15013261.0,5229704.0,0,BENIGN,0.99
20421103,6,7,209.0,482.0,168.0,0.0,34.83333333333333,65.67318072597571,482.0,0.0,68.85714285714285,182.17887599044752,33.83754540584806,0.6365963679826697,1701758.5833333335,4451462.753842003,15011745.0,0.0,15191819.0,3038363.8,6694603.387286449,15013257.0,0.0,20421075.0,3403512.5,6053737.190449441,15012378.0,1.0,0,200,232,0.2938137082996937,0.342782659682976,0.0,482.0,49.35714285714285,132.16051263104688,17466.4010989011,1,2,5,12,1.0,53.15384615384615,34.833333333333336,68.85714285714286,3,104,3,241,64240,128,4,32,90353.5,126883.94792289528,180074.0,633.0,10120197.5,6917692.815492207,15011745.0,5228650.0,0,BENIGN,0.99
20426571,6,7,210.0,482.0,168.0,0.0,35.0,65.59878047646923,482.0,0.0,68.85714285714285,182.17887599044752,33.87744325760795,0.6364259571515943,1702214.2500000002,4451634.25158108,15012671.0,0.0,15197219.0,3039443.8,6694025.459052176,15013257.0,0.0,20426300.0,3404383.333333333,6053488.660531534,15012819.0,2.0,0,200,232,0.2937350571468897,0.3426909000047046,0.0,482.0,49.42857142857142,132.1378733838924,17460.417582417584,1,2,5,12,1.0,53.23076923076923,35.0,68.85714285714286,3,105,3,241,64240,128,4,32,92348.0,130390.49045079936,184548.0,148.0,10120936.5,6917957.273428371,15012671.0,5229202.0,0,BENIGN,0.99
20422714,6,7,207.0,482.0,168.0,0.0,34.5,65.82324817266314,482.0,0.0,68.85714285714285,182.17887599044752,33.736946029798,0.6365461515056227,1701892.8333333333,4451494.72570459,15011968.0,0.0,15193177.0,3038635.4,6694461.241124732,15013257.0,0.0,20422697.0,3403782.833333333,6053566.428447396,15012340.0,390.0,0,200,232,0.2937905314641335,0.3427556200414891,0.0,482.0,49.21428571428572,132.20623665693313,17478.48901098901,1,2,5,12,1.0,53.0,34.5,68.85714285714286,3,103,3,241,64240,128,4,32,90790.5,127871.06898943167,181209.0,372.0,10120371.5,6917762.111956763,15011968.0,5228775.0,0,BENIGN,0.98
20425446,6,7,209.0,482.0,168.0,0.0,34.83333333333333,65.67318072597571,482.0,0.0,68.85714285714285,182.17887599044752,33.83035063224568,0.6364610104474585,1702120.5,4451658.897192136,15012449.0,9.0,15195227.0,3039045.4,6694240.200042257,15013256.0,328.0,20425425.0,3404237.5,6053598.695735909,15012665.0,247.0,0,200,232,0.2937512355911347,0.3427097748563238,0.0,482.0,49.35714285714285,132.16051263104688,17466.4010989011,1,2,5,12,1.0,53.15384615384615,34.833333333333336,68.85714285714286,3,104,3,241,64240,128,4,32,91497.0,129090.82818697848,182778.0,216.0,10121102.5,6917408.55856617,15012449.0,5229756.0,0,BENIGN,0.99
20429287,6,7,210.0,482.0,168.0,0.0,35.0,65.59878047646923,482.0,0.0,68.85714285714285,182.17887599044752,33.872939373752985,0.6363413466167469,1702440.5833333333,4451781.140749957,15012929.0,1.0,15198509.0,3039701.8,6693885.081648601,15013256.0,1.0,20429120.0,3404853.333333333,6053494.835771206,15012945.0,78.0,0,200,232,0.2936960061308062,0.3426453404859406,0.0,482.0,49.42857142857142,132.1378733838924,17460.417582417584,1,2,5,12,1.0,53.23076923076923,35.0,68.85714285714286,3,105,3,241,64240,128,4,32,92798.0,131213.5627441005,185580.0,16.0,10121806.5,6917091.774728199,15012929.0,5230684.0,0,BENIGN,0.99
20426885,6,7,210.0,482.0,168.0,0.0,35.0,65.62926176637978,482.0,0.0,68.85714285714285,182.17887599044752,33.87692249699355,0.6364161740764683,1702240.4166666665,4451898.083840204,15011521.0,1.0,15190606.0,3038121.2,6694731.095242041,15013256.0,1.0,20426580.0,3404430.0,6054180.934521465,15012219.0,285.0,0,200,232,0.2937305418814469,0.3426856321950214,0.0,482.0,49.42857142857143,132.1436946810405,17461.95604395605,1,2,5,12,1.0,53.23076923076923,35.0,68.85714285714286,3,105,3,241,64240,128,4,32,89891.5,126138.65737552464,179085.0,698.0,10123408.5,6912834.991905456,15011521.0,5235296.0,0,BENIGN,0.99
20424768,6,7,209.0,482.0,168.0,0.0,34.833333333333336,65.67318072597571,482.0,0.0,68.85714285714285,182.17887599044752,33.831473630447114,0.6364821377652857,1702064.0,4452120.07446675,15011783.0,0.0,15188806.0,3037761.2,6694257.727518093,15012049.0,0.0,20424757.0,3404126.1666666665,6054280.816804798,15011802.0,2.0,0,200,232,0.2937609866609011,0.3427211511043846,0.0,482.0,49.35714285714285,132.16051263104688,17466.4010989011,1,2,5,12,1.0,53.15384615384615,34.833333333333336,68.85714285714286,3,104,3,241,64240,128,4,32,88521.0,125160.72869714366,177023.0,19.0,10123862.0,6912564.170008261,15011783.0,5235941.0,0,BENIGN,0.99
20431239,6,7,210.0,482.0,168.0,0.0,35.0,65.62926176637978,482.0,0.0,68.85714285714285,182.17887599044752,33.86970315407695,0.6362805505823704,1702603.25,4452099.611718847,15012203.0,0.0,15194322.0,3038864.4,6694339.83013966,15013256.0,0.0,20431130.0,3405188.333333333,6054025.509789059,15012476.0,154.0,0,200,232,0.2936679464226325,0.3426126041597379,0.0,482.0,49.42857142857143,132.1436946810405,17461.95604395605,1,2,5,12,1.0,53.23076923076923,35.0,68.85714285714286,3,105,3,241,64240,128,4,32,91196.0,128584.53973164893,182119.0,273.0,10124346.5,6912472.953233488,15012203.0,5236490.0,0,BENIGN,0.99
20426050,6,7,211.0,482.0,168.0,0.0,35.166666666666664,65.55430318954406,482.0,0.0,68.85714285714285,182.17887599044752,33.92726444907361,0.636442190242362,1702170.8333333333,4451918.239705295,15011163.0,1.0,15188959.0,3037791.8,6693759.446856131,15011178.0,1.0,20426039.0,3404339.833333333,6054270.523450119,15011968.0,78.0,0,200,232,0.2937425493426286,0.3426996408997334,0.0,482.0,49.50000000000001,132.12101096518123,17455.96153846154,1,2,5,12,1.0,53.30769230769231,35.166666666666664,68.85714285714286,3,105,3,241,64240,128,4,32,89300.5,125151.53630898824,177796.0,805.0,10123685.5,6911936.966293349,15011163.0,5236208.0,0,BENIGN,0.99
20420879,6,7,210.0,482.0,168.0,0.0,35.0,65.59878047646923,482.0,0.0,68.85714285714285,182.17887599044752,33.88688606401321,0.6366033509135429,1701739.9166666667,4452194.56048578,15010285.0,1.0,15180178.0,3036035.6,6695184.3092075,15012050.0,1.0,20420689.0,3403448.166666667,6055018.145485194,15011050.0,1.0,0,200,232,0.293816931190866,0.342786419722677,0.0,482.0,49.42857142857142,132.1378733838924,17460.417582417584,1,2,5,12,1.0,53.23076923076923,35.0,68.85714285714286,3,105,3,241,64240,128,4,32,85329.0,119591.5556885184,169893.0,765.0,10125110.0,6908680.739565984,15010285.0,5239935.0,0,BENIGN,0.99
20427955,6,7,210.0,482.0,168.0,0.0,35.0,65.59878047646923,482.0,0.0,68.85714285714285,182.17887599044752,33.87514805079608,0.6363828391045506,1702329.583333333,4452418.9652435295,15011527.0,1.0,15187251.0,3037450.2,6694424.2164174365,15012050.0,480.0,20427942.0,3404657.0,6054648.344936442,15011670.0,1.0,0,200,232,0.2937151565097926,0.342667682594758,0.0,482.0,49.42857142857142,132.1378733838924,17460.417582417584,1,2,5,12,1.0,53.23076923076923,35.0,68.85714285714286,3,105,3,241,64240,128,4,32,87933.5,124154.5157475152,175724.0,143.0,10126043.5,6909117.024449977,15011527.0,5240560.0,0,BENIGN,0.99
20425475,6,7,210.0,482.0,168.0,0.0,35.0,65.59878047646923,482.0,0.0,68.85714285714285,182.17887599044752,33.879261069816,0.6364601068029018,1702122.9166666667,4452314.7877532905,15010989.0,2.0,15184715.0,3036943.0,6694694.048020119,15012050.0,592.0,20425380.0,3404230.0,6054734.102466432,15011339.0,2.0,0,200,232,0.2937508185244162,0.3427092882784855,0.0,482.0,49.42857142857142,132.1378733838924,17460.417582417584,1,2,5,12,1.0,53.23076923076923,35.0,68.85714285714286,3,105,3,241,64240,128,4,32,87038.0,122595.34529499886,173726.0,350.0,10125698.5,6908844.081232439,15010989.0,5240408.0,0,BENIGN,0.99
20426557,6,7,210.0,482.0,168.0,0.0,35.0,65.59878047646923,482.0,0.0,68.85714285714285,182.17887599044752,33.8774664766069,0.6364263933466614,1702213.0833333333,4452358.382582988,15011284.0,20.0,15185645.0,3037129.0,6694596.277683405,15012050.0,263.0,20426537.0,3404422.833333333,6054686.616383491,15011539.0,373.0,0,200,232,0.2937352584676899,0.3426911348789715,0.0,482.0,49.42857142857142,132.1378733838924,17460.417582417584,1,2,5,12,1.0,53.23076923076923,35.0,68.85714285714286,3,105,3,241,64240,128,4,32,87308.0,123111.53324526503,174361.0,255.0,10125784.0,6909140.358973756,15011284.0,5240284.0,0,BENIGN,0.99
20426041,6,7,210.0,482.0,168.0,0.0,35.0,65.62926176637978,482.0,0.0,68.85714285714285,182.17887599044752,33.87832228477364,0.6364424706677128,1702170.0833333335,4452384.429358997,15010770.0,18.0,15183488.0,3036697.6,6694826.759918983,15012050.0,323.0,20425896.0,3404316.0,6054932.317152785,15011343.0,76.0,0,200,232,0.2937426787697136,0.3426997918979992,0.0,482.0,49.42857142857143,132.1436946810405,17461.95604395605,1,2,5,12,1.0,53.23076923076923,35.0,68.85714285714286,3,105,3,241,64240,128,4,32,86645.5,121724.89684735822,172718.0,573.0,10126337.0,6907631.393102704,15010770.0,5241904.0,0,BENIGN,0.99
20428142,6,7,210.0,482.0,168.0,0.0,35.0,65.59878047646923,482.0,0.0,68.85714285714285,182.17887599044752,33.87483795638389,0.6363770136314894,1702345.1666666665,4452540.782758145,15010549.0,6.0,15182551.0,3036510.2,6694919.621654968,15012050.0,447.0,20427834.0,3404639.0,6055116.857904329,15011183.0,211.0,0,200,232,0.2937124678299181,0.3426645458015712,0.0,482.0,49.42857142857142,132.1378733838924,17460.417582417584,1,2,5,12,1.0,53.23076923076923,35.0,68.85714285714286,3,105,3,241,64240,128,4,32,86318.0,121175.47487837628,172002.0,634.0,10127647.5,6905465.52503193,15010549.0,5244746.0,0,BENIGN,0.99
20424599,6,7,209.0,482.0,168.0,0.0,34.833333333333336,65.70667140151498,482.0,0.0,68.85714285714285,182.17887599044752,33.83175356343593,0.6364874042325139,1702049.9166666667,4452757.925195278,15010538.0,7.0,15178740.0,3035748.0,6694744.304192021,15010982.0,218.0,20424585.0,3404097.5,6055345.773016988,15010602.0,95.0,0,200,232,0.2937634173380833,0.3427239868944305,0.0,482.0,49.35714285714286,132.16691494694655,17468.093406593405,1,2,5,12,1.0,53.15384615384615,34.833333333333336,68.85714285714286,3,104,3,241,64240,128,4,32,84133.0,118891.51997514372,168202.0,64.0,10128119.0,6904783.166988084,15010538.0,5245700.0,0,BENIGN,0.99
20426958,6,7,210.0,482.0,168.0,0.0,35.0,65.62926176637978,482.0,0.0,68.85714285714285,182.17887599044752,33.876801430736776,0.636413899710373,1702246.5,4452939.089430108,15010316.0,19.0,15177885.0,3035577.0,6694833.106267512,15010982.0,387.0,20426745.0,3404457.5,6055565.004618734,15010451.0,104.0,0,200,232,0.2937294921740183,0.3426844075363546,0.0,482.0,49.42857142857143,132.1436946810405,17461.95604395605,1,2,5,12,1.0,53.23076923076923,35.0,68.85714285714286,3,105,3,241,64240,128,4,32,83852.0,118393.7168011884,167569.0,135.0,10129575.0,6902410.116630422,15010316.0,5248834.0,0,BENIGN,0.99
20429301,6,7,211.0,482.0,168.0,0.0,35.166666666666664,65.55430318954406,482.0,0.0,68.85714285714285,182.17887599044752,33.92186546176984,0.6363409105382509,1702441.7500000002,4452772.694107574,15009847.0,15.0,15179044.0,3035808.8,6694182.50844255,15010025.0,265.0,20429286.0,3404881.0,6055506.021393026,15010722.0,87.0,0,200,232,0.2936958048638081,0.3426451056744428,0.0,482.0,49.50000000000001,132.12101096518123,17455.96153846154,1,2,5,12,1.0,53.30769230769231,35.166666666666664,68.85714285714286,3,105,3,241,64240,128,4,32,85036.0,119021.62762288204,169197.0,875.0,10129571.0,6901752.507323919,15009847.0,5249295.0,0,BENIGN,0.99
20428357,6,7,210.0,482.0,168.0,0.0,35.0,65.59878047646923,482.0,0.0,68.85714285714285,182.17887599044752,33.87448143773873,0.6363703160268837,1702363.0833333335,4453083.351356031,15010081.0,0.0,15176396.0,3035279.2,6694988.107404875,15010982.0,0.0,20428195.0,3404699.166666667,6055747.919840271,15010282.0,384.0,0,200,232,0.2937093766277924,0.3426609393990912,0.0,482.0,49.42857142857142,132.1378733838924,17460.417582417584,1,2,5,12,1.0,53.23076923076923,35.0,68.85714285714286,3,105,3,241,64240,128,4,32,83258.0,117460.33585002217,166315.0,201.0,10130728.5,6900446.481099067,15010081.0,5251376.0,0,BENIGN,0.99
20423701,6,7,210.0,482.0,168.0,0.0,35.0,65.59878047646923,482.0,0.0,68.85714285714285,182.17887599044752,33.882203818005365,0.6365153896446094,1701975.0833333335,4453004.926552027,15009325.0,1.0,15171738.0,3034347.6,6695483.204607216,15010982.0,1.0,20423018.0,3403836.333333333,6056092.817171271,15009824.0,1.0,0,200,232,0.2937763336821274,0.342739055962482,0.0,482.0,49.42857142857142,132.1378733838924,17460.417582417584,1,2,5,12,1.0,53.23076923076923,35.0,68.85714285714286,3,105,3,241,64240,128,4,32,81456.0,114490.48736903866,162413.0,499.0,10130394.0,6899850.390082527,15009325.0,5251463.0,0,BENIGN,0.99
20425666,6,7,209.0,482.0,168.0,0.0,34.833333333333336,65.67318072597571,482.0,0.0,68.85714285714285,182.17887599044752,33.82998625356941,0.6364541552769932,1702138.8333333335,4453032.055638246,15009594.0,0.0,15173702.0,3034740.4,6695276.448080041,15010983.0,0.0,20424717.0,3404119.5,6056021.663247407,15010026.0,1.0,0,200,232,0.2937480716663045,0.3427060836106886,0.0,482.0,49.35714285714285,132.16051263104688,17466.4010989011,1,2,5,12,1.0,53.15384615384615,34.833333333333336,68.85714285714286,3,104,3,241,64240,128,4,32,82270.0,115736.40951748936,164108.0,432.0,10130562.5,6899992.518545546,15009594.0,5251531.0,0,BENIGN,0.99
20427325,6,7,209.0,482.0,168.0,0.0,34.833333333333336,65.67318072597571,482.0,0.0,68.85714285714285,182.17887599044752,33.82723875984741,0.6364024658147849,1702277.0833333335,4453038.062495668,15009854.0,0.0,15175286.0,3035057.2,6695102.658732927,15010983.0,0.0,20426745.0,3404457.5,6055840.819199882,15010176.0,390.0,0,200,232,0.2937242149914392,0.3426782508233457,0.0,482.0,49.35714285714285,132.16051263104688,17466.4010989011,1,2,5,12,1.0,53.15384615384615,34.833333333333336,68.85714285714286,3,104,3,241,64240,128,4,32,82877.0,116750.40064171086,165432.0,322.0,10130590.5,6900320.616092016,15009854.0,5251327.0,0,BENIGN,0.98
20419075,6,7,207.0,482.0,168.0,0.0,34.5,65.79285675512197,482.0,0.0,68.85714285714285,182.17887599044752,33.742958483672744,0.6366595940315611,1701589.5833333335,4453204.555926164,15008014.0,1.0,15161847.0,3032369.4,6695721.354444291,15009472.0,1.0,20418953.0,3403158.833333333,6057044.930362475,15009388.0,102.0,0,200,232,0.2938428895530282,0.3428167044785329,0.0,482.0,49.21428571428572,132.20041811375089,17476.95054945055,1,2,5,12,1.0,53.0,34.5,68.85714285714286,3,103,3,241,64240,128,4,32,77603.5,107804.79275291984,153833.0,1374.0,10131883.0,6895890.592107883,15008014.0,5255752.0,0,BENIGN,0.99
20425244,6,7,210.0,482.0,168.0,0.0,35.0,65.62926176637978,482.0,0.0,68.85714285714285,182.17887599044752,33.879644228485105,0.6364673048703849,1702103.6666666667,4453392.43596224,15008709.0,0.0,15167072.0,3033414.4,6694744.615214482,15008723.0,0.0,20425230.0,3404205.0,6056642.389660991,15009396.0,142.0,0,200,232,0.2937541407094084,0.3427131641609765,0.0,482.0,49.42857142857143,132.1436946810405,17461.95604395605,1,2,5,12,1.0,53.23076923076923,35.0,68.85714285714286,3,105,3,241,64240,128,4,32,79525.0,111493.76883037009,158363.0,687.0,10133026.0,6895257.024431939,15008709.0,5257343.0,0,BENIGN,0.99
20422646,6,7,208.0,482.0,168.0,0.0,34.666666666666664,65.71960640985814,482.0,0.0,68.85714285714285,182.17887599044752,33.7860236131988,0.6365482709733107,1701887.1666666665,4453435.575462465,15008714.0,1.0,15165162.0,3033032.4,6695363.530221589,15009472.0,1.0,20422362.0,3403727.0,6056740.658719441,15009095.0,128.0,0,200,232,0.2937915096799895,0.3427567612933211,0.0,482.0,49.28571428571429,132.17786883963976,17470.98901098901,1,2,5,12,1.0,53.07692307692308,34.666666666666664,68.85714285714286,3,104,3,241,64240,128,4,32,78414.5,110356.03401944092,156448.0,381.0,10132844.5,6895520.775261322,15008714.0,5256975.0,0,BENIGN,0.99
20427758,6,7,211.0,482.0,168.0,0.0,35.166666666666664,65.55430318954406,482.0,0.0,68.85714285714285,182.17887599044752,33.924427732108434,0.6363889762155984,1702313.1666666667,4453444.789867418,15009015.0,1.0,15169385.0,3033877.0,6695741.300840446,15010982.0,1.0,20427492.0,3404582.0,6056563.68284363,15009580.0,2.0,0,200,232,0.2937179890225839,0.3426709871930145,0.0,482.0,49.50000000000001,132.12101096518123,17455.96153846154,1,2,5,12,1.0,53.30769230769231,35.166666666666664,68.85714285714286,3,105,3,241,64240,128,4,32,80467.5,112999.19916751624,160370.0,565.0,10133410.5,6895146.008667293,15009015.0,5257806.0,0,BENIGN,0.99
20424228,6,7,209.0,482.0,168.0,0.0,34.83333333333333,65.7036275000602,482.0,0.0,68.85714285714285,182.17887599044752,33.832368107132375,0.6364989658360649,1702018.9999999998,4453590.377354535,15009200.0,1.0,15166537.0,3033307.4,6695218.500832613,15009472.0,1.0,20424218.0,3404036.333333333,6056715.774981378,15009272.0,133.0,0,200,232,0.2937687534627992,0.3427302123732657,0.0,482.0,49.35714285714286,132.166332931044,17467.93956043956,1,2,5,12,1.0,53.15384615384615,34.833333333333336,68.85714285714286,3,104,3,241,64240,128,4,32,78704.5,111203.1479433024,157337.0,72.0,10133343.0,6895503.097591792,15009200.0,5257486.0,0,BENIGN,0.99
20423255,6,7,210.0,482.0,168.0,0.0,35.0,65.59878047646923,482.0,0.0,68.85714285714285,182.17887599044752,33.88294373252452,0.6365292897728594,1701937.9166666667,4453540.611872525,15008457.0,1.0,15163577.0,3032715.4,6695537.109766198,15009472.0,1.0,20423242.0,3403873.6666666665,6057035.971748348,15009219.0,2.0,0,200,232,0.2937827491259351,0.3427465406469243,0.0,482.0,49.42857142857142,132.1378733838924,17460.417582417584,1,2,5,12,1.0,53.23076923076923,35.0,68.85714285714286,3,105,3,241,64240,128,4,32,77941.0,109147.5885303931,155120.0,762.0,10133685.5,6893967.968769836,15008457.0,5258914.0,0,BENIGN,0.99
20425804,7,7,210.0,482.0,168.0,0.0,30.0,61.354163129598085,482.0,0.0,68.85714285714285,182.17887599044752,33.878715373945624,0.685407536467108,1571215.6923076925,4290086.659575721,15008978.0,6.0,20425713.0,3404285.5,6057050.802331172,15009472.0,264.0,20425679.0,3404279.833333333,6056811.331362878,15009242.0,532.0,0,232,232,0.342703768233554,0.342703768233554,0.0,482.0,46.13333333333333,127.97481150973572,16377.552380952384,1,2,5,13,1.0,49.42857142857143,30.0,68.85714285714286,3,105,3,241,64240,128,4,32,78577.5,110752.01381690538,156891.0,264.0,10134031.5,6894215.456143252,15008978.0,5259085.0,0,BENIGN,0.98
20426745,6,7,210.0,482.0,168.0,0.0,35.0,65.62926176637978,482.0,0.0,68.85714285714285,182.17887599044752,33.87715468127692,0.6364205359199422,1702228.7500000002,4453722.7121480815,15008236.0,6.0,15162927.0,3032585.4,6695603.837281952,15009472.0,238.0,20426621.0,3404436.833333333,6057389.768090524,15009486.0,165.0,0,200,232,0.2937325550399733,0.3426879808799689,0.0,482.0,49.42857142857143,132.1436946810405,17461.95604395605,1,2,5,12,1.0,53.23076923076923,35.0,68.85714285714286,3,105,3,241,64240,128,4,32,77970.5,108499.17161204504,154691.0,1250.0,10135319.5,6891344.602611634,15008236.0,5262403.0,0,BENIGN,0.99
20424276,6,7,209.0,482.0,168.0,0.0,34.833333333333336,65.67318072597571,482.0,0.0,68.85714285714285,182.17887599044752,33.832288596178394,0.6364974699715182,1702022.9999999998,4454133.931704181,15008958.0,2.0,15160773.0,3032154.6,6695683.558121404,15009197.0,484.0,20424203.0,3404033.833333333,6057601.223783171,15009034.0,2.0,0,200,232,0.2937680630637777,0.3427294069077405,0.0,482.0,49.35714285714285,132.16051263104688,17466.4010989011,1,2,5,12,1.0,53.15384615384615,34.833333333333336,68.85714285714286,3,104,3,241,64240,128,4,32,75945.5,107295.67587046554,151815.0,76.0,10136191.5,6891132.470577278,15008958.0,5263425.0,0,BENIGN,0.99
20426453,6,7,209.0,482.0,168.0,0.0,34.83333333333333,65.7036275000602,482.0,0.0,68.85714285714285,182.17887599044752,33.82868283592849,0.6364296336715924,1702204.4166666667,4453701.973701847,15007771.0,1.0,15160909.0,3032181.8,6695822.920927994,15009473.0,1.0,20426298.0,3404383.0,6057498.244906126,15009263.0,492.0,0,200,232,0.2937367540022734,0.342692879669319,0.0,482.0,49.35714285714286,132.166332931044,17467.93956043956,1,2,5,12,1.0,53.15384615384615,34.833333333333336,68.85714285714286,3,104,3,241,64240,128,4,32,77315.0,107229.9149398152,153138.0,1492.0,10135631.5,6890245.75867367,15007771.0,5263492.0,0,BENIGN,0.98
20426224,6,7,211.0,482.0,168.0,0.0,35.166666666666664,65.55430318954406,482.0,0.0,68.85714285714285,182.17887599044752,33.92697544098214,0.6364367687341527,1702185.3333333333,4453740.297549268,15007507.0,7.0,15160073.0,3032014.6,6694830.748523057,15007524.0,473.0,20426150.0,3404358.333333333,6057589.833562146,15009068.0,90.0,0,200,232,0.2937400471080704,0.3426967216260822,0.0,482.0,49.50000000000001,132.12101096518123,17455.96153846154,1,2,5,12,1.0,53.30769230769231,35.166666666666664,68.85714285714286,3,105,3,241,64240,128,4,32,77063.5,106776.6594930746,152566.0,1561.0,10136003.5,6889346.318848001,15007507.0,5264500.0,0,BENIGN,0.99
20422052,6,7,210.0,482.0,168.0,0.0,35.0,65.59878047646923,482.0,0.0,68.85714285714285,182.17887599044752,33.884939672076044,0.6365667857470934,1701837.6666666665,4454107.136878753,15007960.0,14.0,15155785.0,3031157.0,6696220.583528368,15009197.0,274.0,20422038.0,3403673.0,6058013.420887478,15008707.0,70.0,0,200,232,0.2938000549601969,0.3427667307868964,0.0,482.0,49.42857142857142,132.1378733838924,17460.417582417584,1,2,5,12,1.0,53.23076923076923,35.0,68.85714285714286,3,105,3,241,64240,128,4,32,74286.0,103999.85116335504,147825.0,747.0,10136705.0,6888994.886777751,15007960.0,5265450.0,0,BENIGN,0.99
20426199,6,7,210.0,482.0,168.0,0.0,35.0,65.62926176637978,482.0,0.0,68.85714285714285,182.17887599044752,33.87806023039333,0.6364375476807995,1702183.25,4454245.855878823,15008695.0,22.0,15159776.0,3031955.2,6695786.36237505,15009196.0,487.0,20426116.0,3404352.6666666665,6057868.874859597,15009159.0,71.0,0,200,232,0.2937404066219075,0.342697141058892,0.0,482.0,49.42857142857143,132.1436946810405,17461.95604395605,1,2,5,12,1.0,53.23076923076923,35.0,68.85714285714286,3,105,3,241,64240,128,4,32,75772.5,106502.30206197425,151081.0,464.0,10137291.5,6889204.897491763,15008695.0,5265888.0,0,BENIGN,0.99
20423593,7,7,210.0,482.0,168.0,0.0,30.0,61.354163129598085,482.0,0.0,68.85714285714285,182.17887599044752,33.88238298716587,0.6854817367345697,1571045.6153846155,4290501.639864747,15008199.0,1.0,20423263.0,3403877.166666667,6058248.977245073,15009197.0,1.0,20423385.0,3403897.5,6057864.834358546,15008872.0,703.0,0,232,232,0.3427408683672848,0.3427408683672848,0.0,482.0,46.13333333333333,127.97481150973572,16377.552380952384,1,2,5,13,1.0,49.42857142857143,30.0,68.85714285714286,3,105,3,241,64240,128,4,32,74767.5,104785.44679725327,148862.0,673.0,10136584.5,6889503.296553425,15008199.0,5264970.0,0,BENIGN,0.98
20428413,6,7,211.0,482.0,168.0,0.0,35.166666666666664,65.55430318954406,482.0,0.0,68.85714285714285,182.17887599044752,33.923340006881595,0.6363685715576634,1702367.75,4454463.387306185,15008472.0,0.0,15158405.0,3031681.0,6695934.295489689,15009196.0,0.0,20428213.0,3404702.166666667,6058179.401961069,15009075.0,107.0,0,200,232,0.2937085714881523,0.342660000069511,0.0,482.0,49.50000000000001,132.12101096518123,17455.96153846154,1,2,5,12,1.0,53.30769230769231,35.166666666666664,68.85714285714286,3,105,3,241,64240,128,4,32,75268.0,105592.25563458714,149933.0,603.0,10138885.0,6886635.978555713,15008472.0,5269298.0,0,BENIGN,0.99
20424638,6,7,209.0,482.0,168.0,0.0,34.83333333333333,65.67318072597571,482.0,0.0,68.85714285714285,182.17887599044752,33.83168896310426,0.6364861888861874,1702053.1666666667,4454368.003683797,15007741.0,1.0,15154280.0,3030856.0,6696374.253417553,15009196.0,1.0,20424623.0,3404103.833333333,6058354.5102296015,15008616.0,72.0,0,200,232,0.2937628564090095,0.3427233324771778,0.0,482.0,49.35714285714285,132.16051263104688,17466.4010989011,1,2,5,12,1.0,53.15384615384615,34.833333333333336,68.85714285714286,3,104,3,241,64240,128,4,32,73707.0,103000.00217475726,146539.0,875.0,10138576.0,6886039.180432391,15007741.0,5269411.0,0,BENIGN,0.99
20425036,6,7,209.0,482.0,168.0,0.0,34.833333333333336,65.64576655555686,482.0,0.0,68.85714285714285,182.17887599044752,33.831029722542475,0.636473786386472,1702086.3333333335,4454470.770456481,15007472.0,0.0,15152631.0,3030526.2,6696548.393529812,15009197.0,0.0,20424101.0,3404016.833333333,6058665.28245875,15008473.0,78.0,0,200,232,0.2937571321783717,0.3427166542081003,0.0,482.0,49.35714285714286,132.1552741418839,17465.016483516483,1,2,5,12,1.0,53.15384615384615,34.833333333333336,68.85714285714286,3,104,3,241,64240,128,4,32,73080.0,101935.09936229032,145159.0,1001.0,10139399.0,6884494.85922228,15007472.0,5271326.0,0,BENIGN,0.99
20426405,6,7,211.0,482.0,168.0,0.0,35.166666666666664,65.55430318954406,482.0,0.0,68.85714285714285,182.17887599044752,33.926674811353244,0.6364311292173048,1702200.4166666665,4455203.925530488,15008345.0,0.0,15150204.0,3030040.8,6696519.370331478,15008666.0,0.0,20425175.0,3404195.833333333,6059314.969005635,15008365.0,53.0,0,200,232,0.2937374442541406,0.3426936849631641,0.0,482.0,49.50000000000001,132.12101096518123,17455.96153846154,1,2,5,12,1.0,53.30769230769231,35.166666666666664,68.85714285714286,3,105,3,241,64240,128,4,32,70939.5,100295.31873671872,141859.0,20.0,10142236.5,6881716.636678998,15008345.0,5276128.0,0,BENIGN,0.99
20428446,6,7,210.0,482.0,168.0,0.0,35.0,65.59878047646923,482.0,0.0,68.85714285714285,182.17887599044752,33.87433385779809,0.6363675435713514,1702370.4999999998,4454788.165823407,15007193.0,0.0,15150736.0,3030147.2,6695671.872104039,15007246.0,0.0,20427741.0,3404623.5,6059125.42987731,15008541.0,204.0,0,200,232,0.2937080970329314,0.34265944653842,0.0,482.0,49.42857142857142,132.1378733838924,17460.417582417584,1,2,5,12,1.0,53.23076923076923,35.0,68.85714285714286,3,105,3,241,64240,128,4,32,72445.5,100547.04875082112,143543.0,1348.0,10141675.5,6880880.836463636,15007193.0,5276158.0,0,BENIGN,0.99
20424138,6,7,210.0,482.0,168.0,0.0,35.0,65.62926176637978,482.0,0.0,68.85714285714285,182.17887599044752,33.881478865840016,0.6365017706010409,1702011.5,4455402.305686588,15007602.0,0.0,15144289.0,3028857.8,6697161.946592952,15008667.0,0.0,20423529.0,3403921.5,6059824.956293894,15007881.0,83.0,0,200,232,0.2937700479697111,0.3427317226313296,0.0,482.0,49.42857142857143,132.1436946810405,17461.95604395605,1,2,5,12,1.0,53.23076923076923,35.0,68.85714285714286,3,105,3,241,64240,128,4,32,68483.0,96455.02180809458,136687.0,279.0,10143544.5,6878816.084662571,15007602.0,5279487.0,0,BENIGN,0.99
20422809,6,7,208.0,482.0,168.0,0.0,34.66666666666667,65.74698979167539,482.0,0.0,68.85714285714285,182.17887599044752,33.78575395774401,0.6365431905082205,1701900.7499999998,4455388.846651172,15007371.0,0.0,15142738.0,3028547.6,6697326.909895642,15008667.0,0.0,20422114.0,3403685.666666667,6059923.086224996,15007720.0,78.0,0,200,232,0.2937891648499479,0.3427540256582725,0.0,482.0,49.28571428571429,132.18310643336244,17472.373626373625,1,2,5,12,1.0,53.07692307692308,34.666666666666664,68.85714285714286,3,104,3,241,64240,128,4,32,67858.0,95472.14338224528,135367.0,349.0,10143507.5,6878541.72723147,15007371.0,5279644.0,0,BENIGN,0.99
20428274,6,7,211.0,482.0,168.0,0.0,35.166666666666664,65.55430318954406,482.0,0.0,68.85714285714285,182.17887599044752,33.92357083129001,0.6363729015970708,1702356.1666666667,4455471.511841508,15008082.0,0.0,15148053.0,3029610.6,6696754.006759193,15008667.0,0.0,20427566.0,3404594.333333333,6059646.282425292,15008225.0,68.0,0,200,232,0.2937105699678788,0.342662331629192,0.0,482.0,49.50000000000001,132.12101096518123,17455.96153846154,1,2,5,12,1.0,53.30769230769231,35.166666666666664,68.85714285714286,3,105,3,241,64240,128,4,32,70057.0,98873.32699975256,139971.0,143.0,10144046.0,6878785.679070979,15008082.0,5280010.0,0,BENIGN,0.99
20426976,6,7,209.0,482.0,168.0,0.0,34.83333333333333,65.7036275000602,482.0,0.0,68.85714285714285,182.17887599044752,33.82781670669217,0.6364133389102724,1702248.0,4455440.202304655,15007822.0,1.0,15146606.0,3029321.2,6696907.597277882,15008666.0,1.0,20426385.0,3404397.5,6059691.690189155,15008036.0,69.0,0,200,232,0.2937292333432026,0.3426841055670697,0.0,482.0,49.35714285714286,132.166332931044,17467.93956043956,1,2,5,12,1.0,53.15384615384615,34.833333333333336,68.85714285714286,3,104,3,241,64240,128,4,32,69499.0,97983.78666901989,138784.0,214.0,10143954.5,6878547.38408572,15007822.0,5280087.0,0,BENIGN,0.99
20428105,6,7,210.0,482.0,168.0,0.0,35.0,65.59878047646923,482.0,0.0,68.85714285714285,182.17887599044752,33.87489931151225,0.6363781662567332,1702342.0833333333,4455873.290604506,15007106.0,0.0,15140986.0,3028197.2,6697515.551464416,15008667.0,0.0,20427796.0,3404632.6666666665,6060427.816269761,15007578.0,2.0,0,200,232,0.2937129998107999,0.3426651664459332,0.0,482.0,49.42857142857142,132.1378733838924,17460.417582417584,1,2,5,12,1.0,53.23076923076923,35.0,68.85714285714286,3,105,3,241,64240,128,4,32,67176.0,94333.70146453493,133880.0,472.0,10146875.5,6873403.889359369,15007106.0,5286645.0,0,BENIGN,0.99
20424726,6,7,209.0,482.0,168.0,0.0,34.833333333333336,65.64576655555686,482.0,0.0,68.85714285714285,182.17887599044752,33.83154319915968,0.6364834465833226,1702060.5,4455730.112701672,15006490.0,0.0,15137431.0,3027486.2,6696705.239148443,15006508.0,0.0,20424155.0,3404025.833333333,6060639.159752523,15007427.0,351.0,0,200,232,0.2937615907307643,0.3427218558525583,0.0,482.0,49.35714285714286,132.1552741418839,17465.016483516483,1,2,5,12,1.0,53.15384615384615,34.833333333333336,68.85714285714286,3,104,3,241,64240,128,4,32,65939.0,91926.70998137593,130941.0,937.0,10146248.5,6873419.445708555,15006490.0,5286007.0,0,BENIGN,0.99
20419732,6,7,208.0,482.0,168.0,0.0,34.666666666666664,65.75003168567045,482.0,0.0,68.85714285714285,182.17887599044752,33.79084505124749,0.6366391096611846,1701644.3333333333,4455945.745067153,15006714.0,14.0,15133467.0,3026693.4,6697741.958624287,15007602.0,405.0,20419051.0,3403175.166666667,6060953.457455202,15006983.0,128.0,0,200,232,0.293833435228239,0.3428056744329456,0.0,482.0,49.28571428571429,132.1836883754099,17472.527472527472,1,2,5,12,1.0,53.07692307692308,34.666666666666664,68.85714285714286,3,104,3,241,64240,128,4,32,63511.0,89437.69411159928,126753.0,269.0,10146291.0,6873676.125470126,15006714.0,5285868.0,0,BENIGN,0.99
20428692,6,7,210.0,482.0,168.0,0.0,35.0,65.59878047646923,482.0,0.0,68.85714285714285,182.17887599044752,33.8739259468986,0.6363598805053206,1702391.0,4455931.53152706,15006839.0,0.0,15139678.0,3027935.6,6697655.210491677,15008668.0,0.0,20427544.0,3404590.6666666665,6060644.717658301,15007433.0,245.0,0,200,232,0.2937045602332249,0.3426553202720957,0.0,482.0,49.42857142857142,132.1378733838924,17460.417582417584,1,2,5,12,1.0,53.23076923076923,35.0,68.85714285714286,3,105,3,241,64240,128,4,32,66716.5,93511.33627801498,132839.0,594.0,10147507.0,6872133.218473577,15006839.0,5288175.0,0,BENIGN,0.99
20422538,6,7,208.0,482.0,168.0,0.0,34.66666666666667,65.71960640985814,482.0,0.0,68.85714285714285,182.17887599044752,33.78620228298755,0.6365516372157075,1701878.1666666667,4456169.620122744,15006279.0,0.0,15131864.0,3026372.8,6697919.37583364,15007602.0,0.0,20422466.0,3403744.333333333,6061127.485871343,15006621.0,233.0,0,200,232,0.2937930633303265,0.3427585738853809,0.0,482.0,49.28571428571429,132.17786883963976,17470.98901098901,1,2,5,12,1.0,53.07692307692308,34.666666666666664,68.85714285714286,3,104,3,241,64240,128,4,32,62963.5,88560.17459614677,125585.0,342.0,10148189.0,6870376.76522911,15006279.0,5290099.0,0,BENIGN,0.99
20421206,6,7,209.0,482.0,168.0,0.0,34.83333333333333,65.7036275000602,482.0,0.0,68.85714285714285,182.17887599044752,33.837374736829936,0.6365931571328353,1701767.1666666665,4456053.002789655,15005736.0,1.0,15130233.0,3026046.6,6698096.70770584,15007602.0,1.0,20421081.0,3403513.5,6061216.79920462,15006472.0,72.0,0,200,232,0.2938122263690009,0.3427809307638343,0.0,482.0,49.35714285714286,132.166332931044,17467.93956043956,1,2,5,12,1.0,53.15384615384615,34.833333333333336,68.85714285714286,3,104,3,241,64240,128,4,32,62616.5,87512.2423464283,124497.0,736.0,10147950.5,6869946.137199366,15005736.0,5290165.0,0,BENIGN,0.99
20429714,6,7,211.0,482.0,168.0,0.0,35.166666666666664,65.55430318954406,482.0,0.0,68.85714285714285,182.17887599044752,33.92117970912368,0.6363280464914977,1702476.1666666667,4456476.512095112,15007198.0,1.0,15136996.0,3027399.2,6697358.982372768,15007601.0,1.0,20429110.0,3404851.6666666665,6061146.709424403,15007277.0,81.0,0,200,232,0.2936898676114604,0.3426381788800371,0.0,482.0,49.50000000000001,132.12101096518123,17455.96153846154,1,2,5,12,1.0,53.30769230769231,35.166666666666664,68.85714285714286,3,105,3,241,64240,128,4,32,64938.5,91725.18454873776,129798.0,79.0,10149878.0,6869287.820786082,15007198.0,5292558.0,0,BENIGN,0.99
20423908,6,7,209.0,482.0,168.0,0.0,34.83333333333333,65.67318072597571,482.0,0.0,68.85714285714285,182.17887599044752,33.83289818970982,0.6365089384460604,1701992.3333333333,4456162.735820755,15005148.0,6.0,15129222.0,3025844.4,6698208.17286954,15007602.0,268.0,20423835.0,3403972.5,6061301.879330867,15006011.0,92.0,0,200,232,0.293773356205874,0.3427355822401863,0.0,482.0,49.35714285714285,132.16051263104688,17466.4010989011,1,2,5,12,1.0,53.15384615384615,34.833333333333336,68.85714285714286,3,104,3,241,64240,128,4,32,62468.5,87123.33361677571,124074.0,863.0,10149439.5,6867008.815630318,15005148.0,5293731.0,0,BENIGN,0.99
20429955,6,7,211.0,482.0,168.0,0.0,35.166666666666664,65.55430318954406,482.0,0.0,68.85714285714285,182.17887599044752,33.92077956118846,0.6363205401088745,1702496.25,4456611.426474361,15006936.0,1.0,15135076.0,3027015.2,6697566.612846057,15007601.0,1.0,20429657.0,3404942.833333333,6061351.750518144,15007083.0,72.0,0,200,232,0.2936864031271728,0.3426341369817016,0.0,482.0,49.50000000000001,132.12101096518123,17455.96153846154,1,2,5,12,1.0,53.30769230769231,35.166666666666664,68.85714285714286,3,105,3,241,64240,128,4,32,64143.5,90504.71824440976,128140.0,147.0,10150798.0,6867616.220355357,15006936.0,5294660.0,0,BENIGN,0.99
20428006,6,7,211.0,482.0,168.0,0.0,35.166666666666664,65.55430318954406,482.0,0.0,68.85714285714285,182.17887599044752,33.92401588290115,0.636381250328593,1702333.8333333333,4456572.81192471,15005999.0,0.0,15131027.0,3026205.4,6698011.626126913,15007601.0,0.0,20427833.0,3404638.833333333,6061545.885089591,15006464.0,116.0,0,200,232,0.2937144232285814,0.3426668271000116,0.0,482.0,49.50000000000001,132.12101096518123,17455.96153846154,1,2,5,12,1.0,53.30769230769231,35.166666666666664,68.85714285714286,3,105,3,241,64240,128,4,32,62746.5,88079.34198493992,125028.0,465.0,10151198.5,6865724.709715683,15005999.0,5296398.0,0,BENIGN,0.99
20427178,6,7,210.0,482.0,168.0,0.0,35.0,65.62926176637978,482.0,0.0,68.85714285714285,182.17887599044752,33.87643657875796,0.6364070455547016,1702264.8333333335,4456395.66958841,15004917.0,5.0,15128448.0,3025689.6,6696805.291640284,15004929.0,378.0,20427103.0,3404517.1666666665,6061598.371987619,15006008.0,81.0,0,200,232,0.2937263287175546,0.342680716837147,0.0,482.0,49.42857142857143,132.1436946810405,17461.95604395605,1,2,5,12,1.0,53.23076923076923,35.0,68.85714285714286,3,105,3,241,64240,128,4,32,62311.0,86578.15428848087,123531.0,1091.0,10151237.5,6864139.376312262,15004917.0,5297558.0,0,BENIGN,0.99
20425321,6,7,209.0,482.0,168.0,0.0,34.833333333333336,65.64576655555686,482.0,0.0,68.85714285714285,182.17887599044752,33.83055766908143,0.6364649054964668,1702110.0833333335,4456591.5189454425,15005325.0,15.0,15127277.0,3025455.4,6697567.82933949,15006077.0,569.0,20425227.0,3404204.5,6061546.734296808,15005451.0,234.0,0,200,232,0.2937530333060616,0.3427118721904052,0.0,482.0,49.35714285714286,132.1552741418839,17465.016483516483,1,2,5,12,1.0,53.15384615384615,34.833333333333336,68.85714285714286,3,104,3,241,64240,128,4,32,61039.0,86143.99072483234,121952.0,126.0,10151504.5,6864338.780424558,15005325.0,5297684.0,0,BENIGN,0.99
20427263,6,7,210.0,482.0,168.0,0.0,35.0,65.62926176637978,482.0,0.0,68.85714285714285,182.17887599044752,33.87629561532546,0.6364043973977326,1702271.9166666665,4456706.166375474,15005555.0,1.0,15128509.0,3025701.8,6697434.822920354,15006077.0,290.0,20427142.0,3404523.666666667,6061596.54377365,15005623.0,1.0,0,200,232,0.2937251064912612,0.3426792909064714,0.0,482.0,49.42857142857143,132.1436946810405,17461.95604395605,1,2,5,12,1.0,53.23076923076923,35.0,68.85714285714286,3,105,3,241,64240,128,4,32,61511.0,86893.52391289007,122954.0,68.0,10152120.0,6863793.601096262,15005555.0,5298685.0,0,BENIGN,0.99
20425257,7,7,209.0,482.0,168.0,0.0,29.85714285714286,61.37977020546909,482.0,0.0,68.85714285714285,182.17887599044752,33.830663672922206,0.6854258920707829,1571173.6153846155,4292841.903495836,15004894.0,0.0,20425158.0,3404193.0,6062100.645160026,15006077.0,0.0,20425131.0,3404188.5,6061518.64695285,15005135.0,423.0,0,232,232,0.3427129460353914,0.3427129460353914,0.0,482.0,46.06666666666666,127.98909923821452,16381.209523809524,1,2,5,13,1.0,49.35714285714285,29.857142857142858,68.85714285714286,3,104,3,241,64240,128,4,32,60721.5,85532.34335910597,121202.0,241.0,10151626.0,6863557.427431346,15004894.0,5298358.0,0,BENIGN,0.98
20473330,6,7,209.0,482.0,168.0,0.0,34.83333333333333,65.67318072597571,482.0,0.0,68.85714285714285,182.17887599044752,33.75122659577118,0.6349724251013391,1706110.8333333333,4460492.017924802,15003325.0,1.0,15117691.0,3023538.2,6697538.438147982,15004158.0,1.0,20472757.0,3412126.1666666665,6065349.560696578,15003729.0,457.0,0,200,232,0.2930641962006181,0.3419082289007211,0.0,482.0,49.35714285714285,132.16051263104688,17466.4010989011,1,2,5,12,1.0,53.15384615384615,34.833333333333336,68.85714285714286,3,104,3,241,64240,128,4,32,57385.0,80583.30299758133,114366.0,404.0,10179051.5,6822553.01229712,15003325.0,5354778.0,0,BENIGN,0.98
20476486,7,7,209.0,482.0,168.0,0.0,29.85714285714285,61.379770205469086,482.0,0.0,68.85714285714285,182.17887599044752,33.74602458644515,0.6837110625328975,1575114.3076923075,4296862.987591827,15003921.0,11.0,20476388.0,3412731.333333333,6065379.7445075,15004158.0,258.0,20476028.0,3412671.333333333,6065174.936644537,15003936.0,855.0,0,232,232,0.3418555312664487,0.3418555312664487,0.0,482.0,46.06666666666666,127.98909923821452,16381.209523809524,1,2,5,13,1.0,49.35714285714285,29.857142857142858,68.85714285714286,3,104,3,241,64240,128,4,32,58232.5,82331.97806745567,116450.0,15.0,10179583.0,6822644.229071893,15003921.0,5355245.0,0,BENIGN,0.98
20457426,6,7,209.0,482.0,168.0,0.0,34.83333333333333,65.67318072597571,482.0,0.0,68.85714285714285,182.17887599044752,33.77746545435384,0.6354660649878435,1704785.4999999998,4460400.927278959,15000680.0,7.0,15100554.0,3020110.8,6698174.658191939,15001935.0,416.0,20457415.0,3409569.1666666665,6065952.6454700725,15000919.0,86.0,0,200,232,0.2932920299943893,0.3421740349934541,0.0,482.0,49.35714285714285,132.16051263104688,17466.4010989011,1,2,5,12,1.0,53.15384615384615,34.833333333333336,68.85714285714286,3,104,3,241,64240,128,4,32,50056.5,70452.58414352166,99874.0,239.0,10178613.5,6819431.842964962,15000680.0,5356547.0,0,BENIGN,0.99
20474244,6,7,210.0,482.0,168.0,0.0,35.0,65.62926176637978,482.0,0.0,68.85714285714285,182.17887599044752,33.79856174420897,0.6349440790097061,1706187.0,4460807.478414031,15002873.0,0.0,15114018.0,3022803.6,6697941.980034114,15004157.0,0.0,20474167.0,3412361.166666667,6066023.852624598,15003822.0,1.0,0,200,232,0.2930511133890951,0.3418929656206109,0.0,482.0,49.42857142857143,132.1436946810405,17461.95604395605,1,2,5,12,1.0,53.23076923076923,35.0,68.85714285714286,3,105,3,241,64240,128,4,32,56047.0,77920.33885963279,111145.0,949.0,10181074.5,6819052.833730246,15002873.0,5359276.0,0,BENIGN,0.99
20479183,6,7,210.0,482.0,168.0,0.0,35.0,65.59878047646923,482.0,0.0,68.85714285714285,182.17887599044752,33.79041048659021,0.634790948447504,1706598.5833333335,4460952.366065701,15003694.0,0.0,15118825.0,3023765.0,6697418.512261945,15004157.0,0.0,20479109.0,3413184.833333333,6065572.06965158,15003824.0,446.0,0,200,232,0.2929804377450019,0.3418105107025022,0.0,482.0,49.42857142857142,132.1378733838924,17460.417582417584,1,2,5,12,1.0,53.23076923076923,35.0,68.85714285714286,3,105,3,241,64240,128,4,32,57630.5,81317.98694323415,115131.0,130.0,10181738.0,6819275.57236632,15003694.0,5359782.0,0,BENIGN,0.98
20483968,6,7,211.0,482.0,168.0,0.0,35.166666666666664,65.55430318954406,482.0,0.0,68.85714285714285,182.17887599044752,33.831335803688035,0.6346426629840468,1706997.3333333333,4460922.540596983,15003308.0,0.0,15121102.0,3024220.4,6696706.126332803,15003323.0,0.0,20483496.0,3413916.0,6065597.442955574,15004044.0,76.0,0,200,232,0.2929119983003293,0.3417306646837175,0.0,482.0,49.50000000000001,132.12101096518123,17455.96153846154,1,2,5,12,1.0,53.30769230769231,35.166666666666664,68.85714285714286,3,105,3,241,64240,128,4,32,59265.0,82772.50559213488,117794.0,736.0,10182681.0,6817396.082541926,15003308.0,5362054.0,0,BENIGN,0.99
20477461,6,7,211.0,482.0,168.0,0.0,35.166666666666664,65.55430318954406,482.0,0.0,68.85714285714285,182.17887599044752,33.842086184415145,0.6348443295777733,1706455.0833333333,4460985.02787401,15003095.0,1.0,15115290.0,3023058.0,6697802.8491408285,15004158.0,1.0,20477200.0,3412866.6666666665,6066084.281665683,15003911.0,70.0,0,200,232,0.2930050751897415,0.3418392543880317,0.0,482.0,49.50000000000001,132.12101096518123,17455.96153846154,1,2,5,12,1.0,53.30769230769231,35.166666666666664,68.85714285714286,3,105,3,241,64240,128,4,32,56505.5,78756.84618177648,112195.0,816.0,10182190.0,6817789.233912266,15003095.0,5361285.0,0,BENIGN,0.99
20486098,6,7,211.0,482.0,168.0,0.0,35.166666666666664,65.55430318954406,482.0,0.0,68.85714285714285,182.17887599044752,33.82781825997318,0.6345766773155143,1707174.8333333335,4461107.365532807,15003745.0,0.0,15122180.0,3024436.0,6698118.913314282,15006078.0,0.0,20486024.0,3414337.333333333,6065709.315022495,15004418.0,2.0,0,200,232,0.2928815433763911,0.341695133939123,0.0,482.0,49.50000000000001,132.12101096518123,17455.96153846154,1,2,5,12,1.0,53.30769230769231,35.166666666666664,68.85714285714286,3,105,3,241,64240,128,4,32,59554.0,83270.30876609021,118435.0,673.0,10183494.0,6816864.338242474,15003745.0,5363243.0,0,BENIGN,0.99
20488935,7,7,211.0,482.0,168.0,0.0,30.14285714285714,61.30097490097138,482.0,0.0,68.85714285714285,182.17887599044752,33.823134291753085,0.6832956422576381,1576071.923076923,4297488.712116637,15004509.0,8.0,20488821.0,3414803.5,6066359.080558808,15006078.0,285.0,20488925.0,3414820.833333333,6065580.589267459,15004810.0,519.0,0,232,232,0.341647821128819,0.341647821128819,0.0,482.0,46.20000000000001,127.95490276991008,16372.457142857143,1,2,5,13,1.0,49.5,30.142857142857142,68.85714285714286,3,105,3,241,64240,128,4,32,60296.5,84846.44978135503,120292.0,301.0,10183853.0,6817437.094735235,15004509.0,5363197.0,0,BENIGN,0.98
20489917,6,7,210.0,482.0,168.0,0.0,35.0,65.59878047646923,482.0,0.0,68.85714285714285,182.17887599044752,33.77270879135333,0.6344584021497013,1707493.0833333333,4461385.522723925,15004007.0,2.0,15123103.0,3024620.6,6698020.797349341,15006077.0,394.0,20489844.0,3414974.0,6065894.934922958,15004582.0,2.0,0,200,232,0.2928269548383236,0.3416314473113776,0.0,482.0,49.42857142857142,132.1378733838924,17460.417582417584,1,2,5,12,1.0,53.23076923076923,35.0,68.85714285714286,3,105,3,241,64240,128,4,32,59835.5,83807.0028130108,119096.0,575.0,10185122.0,6814932.522516272,15004007.0,5366237.0,0,BENIGN,0.99
20477887,6,7,211.0,482.0,168.0,0.0,35.166666666666664,65.55430318954406,482.0,0.0,68.85714285714285,182.17887599044752,33.841382169947515,0.6348311229571684,1706490.5833333333,4461057.775413778,15002152.0,0.0,15111910.0,3022382.0,6698173.925667838,15004158.0,273.0,20477816.0,3412969.333333333,6066350.752433712,15003354.0,0.0,0,200,232,0.2929989798263854,0.341832143130783,0.0,482.0,49.50000000000001,132.12101096518123,17455.96153846154,1,2,5,12,1.0,53.30769230769231,35.166666666666664,68.85714285714286,3,105,3,241,64240,128,4,32,55480.0,76760.68373848686,109758.0,1202.0,10183463.5,6814654.629551265,15002152.0,5364775.0,0,BENIGN,0.99
20477278,7,7,210.0,482.0,168.0,0.0,30.0,61.326992425847855,482.0,0.0,68.85714285714285,182.17887599044752,33.79355400654325,0.6836846186294878,1575175.230769231,4297133.046352633,15001870.0,6.0,20477169.0,3412861.5,6065948.164172678,15001930.0,366.0,20477205.0,3412867.5,6066167.338438159,15003149.0,381.0,0,232,232,0.3418423093147439,0.3418423093147439,0.0,482.0,46.133333333333326,127.9692299325264,16376.123809523811,1,2,5,13,1.0,49.42857142857143,30.0,68.85714285714286,3,105,3,241,64240,128,4,32,55249.0,76325.10596127594,109219.0,1279.0,10182901.0,6815051.316455511,15001870.0,5363932.0,0,BENIGN,0.99
20477114,6,7,211.0,482.0,168.0,0.0,35.166666666666664,65.55430318954406,482.0,0.0,68.85714285714285,182.17887599044752,33.84265966385693,0.6348550874893796,1706426.1666666665,4461436.608569035,15002650.0,2.0,15110333.0,3022066.6,6697870.922905152,15003310.0,205.0,20477104.0,3412850.6666666665,6066473.727843735,15002797.0,2.0,0,200,232,0.2930100403797137,0.3418450471096659,0.0,482.0,49.50000000000001,132.12101096518123,17455.96153846154,1,2,5,12,1.0,53.30769230769231,35.166666666666664,68.85714285714286,3,105,3,241,64240,128,4,32,53915.0,76039.43482167658,107683.0,147.0,10184641.0,6813693.671435634,15002650.0,5366632.0,0,BENIGN,0.99
20476335,6,7,209.0,482.0,168.0,0.0,34.83333333333333,65.7036275000602,482.0,0.0,68.85714285714285,182.17887599044752,33.746273442000245,0.6348792398639699,1706361.25,4461368.748558922,15002428.0,0.0,15109553.0,3021910.6,6697956.156862615,15003310.0,0.0,20476263.0,3412710.5,6066532.70682464,15002812.0,0.0,0,200,232,0.2930211876295245,0.3418580522344453,0.0,482.0,49.35714285714286,132.166332931044,17467.93956043956,1,2,5,12,1.0,53.15384615384615,34.833333333333336,68.85714285714286,3,104,3,241,64240,128,4,32,53754.5,75477.28493063326,107125.0,384.0,10184413.0,6813702.156717008,15002428.0,5366398.0,0,BENIGN,0.99
20478527,6,7,210.0,482.0,168.0,0.0,35.0,65.62926176637978,482.0,0.0,68.85714285714285,182.17887599044752,33.7914929135284,0.6348112830576145,1706543.9166666667,4461499.099520015,15002995.0,0.0,15111673.0,3022334.6,6697727.293635305,15003309.0,0.0,20478458.0,3413076.333333333,6066463.704560662,15003067.0,133.0,0,200,232,0.2929898229496682,0.3418214601079462,0.0,482.0,49.42857142857143,132.1436946810405,17461.95604395605,1,2,5,12,1.0,53.23076923076923,35.0,68.85714285714286,3,105,3,241,64240,128,4,32,54375.0,76796.03907754619,108678.0,72.0,10184822.0,6813925.602459863,15002995.0,5366649.0,0,BENIGN,0.99
20472572,6,7,209.0,482.0,168.0,0.0,34.833333333333336,65.67318072597571,482.0,0.0,68.85714285714285,182.17887599044752,33.752476239917485,0.6349959350490989,1706047.6666666667,4461562.063380703,15001377.0,0.0,15102425.0,3020485.0,6697971.841781212,15001935.0,0.0,20472562.0,3412093.6666666665,6066884.245211496,15001428.0,98.0,0,200,232,0.2930750469457379,0.3419208881033609,0.0,482.0,49.35714285714285,132.16051263104688,17466.4010989011,1,2,5,12,1.0,53.15384615384615,34.833333333333336,68.85714285714286,3,104,3,241,64240,128,4,32,50549.5,71415.66357949773,101048.0,51.0,10185687.5,6810413.403077709,15001377.0,5369998.0,0,BENIGN,0.99
20473948,6,7,210.0,482.0,168.0,0.0,35.0,65.62926176637978,482.0,0.0,68.85714285714285,182.17887599044752,33.79905038344339,0.6349532586485029,1706162.3333333335,4461427.636432624,15000935.0,1.0,15102683.0,3020536.6,6697418.40172307,15000992.0,292.0,20473853.0,3412308.833333333,6066987.9667796735,15001776.0,1.0,0,200,232,0.2930553501454629,0.3418979085030401,0.0,482.0,49.42857142857143,132.1436946810405,17461.95604395605,1,2,5,12,1.0,53.23076923076923,35.0,68.85714285714286,3,105,3,241,64240,128,4,32,51294.5,71352.02396919095,101748.0,841.0,10185679.0,6809800.341498421,15000935.0,5370423.0,0,BENIGN,0.99
20478099,6,7,210.0,482.0,168.0,0.0,35.0,65.59878047646923,482.0,0.0,68.85714285714285,182.17887599044752,33.79219916848727,0.6348245508530845,1706508.25,4461621.854426872,15001942.0,15.0,15106737.0,3021347.4,6698263.72210596,15003309.0,491.0,20478012.0,3413002.0,6066970.337858493,15002577.0,48.0,0,200,232,0.2929959465475775,0.341828604305507,0.0,482.0,49.42857142857142,132.1378733838924,17460.417582417584,1,2,5,12,1.0,53.23076923076923,35.0,68.85714285714286,3,105,3,241,64240,128,4,32,52715.0,73652.24232839078,104795.0,635.0,10186310.5,6810331.378691091,15001942.0,5370679.0,0,BENIGN,0.99
20479691,6,7,210.0,482.0,168.0,0.0,35.0,65.62926176637978,482.0,0.0,68.85714285714285,182.17887599044752,33.78957231337133,0.6347752024188256,1706640.9166666665,4461660.481024087,15002164.0,0.0,15108282.0,3021656.4,6698093.807254889,15003309.0,0.0,20479233.0,3413205.5,6066923.477376907,15002676.0,2.0,0,200,232,0.2929731703471502,0.3418020320716753,0.0,482.0,49.42857142857143,132.1436946810405,17461.95604395605,1,2,5,12,1.0,53.23076923076923,35.0,68.85714285714286,3,105,3,241,64240,128,4,32,53315.0,74674.71873398653,106118.0,512.0,10186529.5,6810335.621331778,15002164.0,5370895.0,0,BENIGN,0.99
20480328,6,7,211.0,482.0,168.0,0.0,35.166666666666664,65.55430318954406,482.0,0.0,68.85714285714285,182.17887599044752,33.83734869871225,0.6347554589946021,1706694.0000000002,4461875.832927488,15001243.0,0.0,15103845.0,3020769.0,6698579.090312586,15003310.0,0.0,20480319.0,3413386.5,6067314.963804162,15002011.0,2.0,0,200,232,0.2929640579975086,0.3417914009970934,0.0,482.0,49.50000000000001,132.12101096518123,17455.96153846154,1,2,5,12,1.0,53.30769230769231,35.166666666666664,68.85714285714286,3,105,3,241,64240,128,4,32,51685.0,72007.51195535088,102602.0,768.0,10188478.0,6806277.535514548,15001243.0,5375713.0,0,BENIGN,0.99
20481610,6,7,211.0,482.0,168.0,0.0,35.166666666666664,65.55430318954406,482.0,0.0,68.85714285714285,182.17887599044752,33.83523072649074,0.6347157279139677,1706800.8333333333,4461912.413596965,15001472.0,0.0,15105126.0,3021025.2,6698441.101858529,15003310.0,0.0,20481595.0,3413599.1666666665,6067268.432346616,15002172.0,0.0,0,200,232,0.2929457205756774,0.3417700073382903,0.0,482.0,49.50000000000001,132.12101096518123,17455.96153846154,1,2,5,12,1.0,53.30769230769231,35.166666666666664,68.85714285714286,3,105,3,241,64240,128,4,32,52177.0,72799.47155027982,103654.0,700.0,10188628.0,6806389.258385976,15001472.0,5375784.0,0,BENIGN,0.99
20491123,6,7,210.0,482.0,168.0,0.0,35.0,65.59878047646923,482.0,0.0,68.85714285714285,182.17887599044752,33.77072110689102,0.6344210612566231,1707593.5833333333,4462054.830463905,15002612.0,7.0,15113203.0,3022640.6,6698030.881195928,15004158.0,349.0,20490663.0,3415110.5,6067197.465389824,15003685.0,53.0,0,200,232,0.2928097205799799,0.3416113406766432,0.0,482.0,49.42857142857142,132.1378733838924,17460.417582417584,1,2,5,12,1.0,53.23076923076923,35.0,68.85714285714286,3,105,3,241,64240,128,4,32,55832.0,77440.92046198831,110591.0,1073.0,10189703.0,6806481.182267531,15002612.0,5376794.0,0,BENIGN,0.99
20477430,7,7,210.0,482.0,168.0,0.0,30.0,61.354163129598085,482.0,0.0,68.85714285714285,182.17887599044752,33.79330316353175,0.6836795437708737,1575186.923076923,4298038.6733721625,15001021.0,1.0,20477344.0,3412890.6666666665,6067637.043716662,15001935.0,1.0,20477420.0,3412903.333333333,6067130.162618556,15001161.0,615.0,0,232,232,0.3418397718854368,0.3418397718854368,0.0,482.0,46.13333333333333,127.97481150973572,16377.552380952384,1,2,5,13,1.0,49.42857142857143,30.0,68.85714285714286,3,105,3,241,64240,128,4,32,50279.5,70907.9609106058,100419.0,140.0,10188128.0,6806458.554850533,15001021.0,5375235.0,0,BENIGN,0.98
20476277,6,7,211.0,482.0,168.0,0.0,35.166666666666664,65.55430318954406,482.0,0.0,68.85714285714285,182.17887599044752,33.84404303575303,0.6348810381887293,1706356.4166666667,4461790.042726521,15000415.0,8.0,15099671.0,3019934.2,6698267.563820641,15001935.0,357.0,20476206.0,3412701.0,6067271.105270442,15000904.0,102.0,0,200,232,0.2930220176255674,0.341859020563162,0.0,482.0,49.50000000000001,132.12101096518123,17455.96153846154,1,2,5,12,1.0,53.30769230769231,35.166666666666664,68.85714285714286,3,105,3,241,64240,128,4,32,49872.5,69838.81545745174,99256.0,489.0,10188215.0,6805478.504851808,15000415.0,5376015.0,0,BENIGN,0.99
20504348,6,7,211.0,482.0,168.0,0.0,35.166666666666664,65.55430318954406,482.0,0.0,68.85714285714285,182.17887599044752,33.79770963699992,0.6340118690923505,1708695.6666666667,4462433.433919503,15004231.0,7.0,15123957.0,3024791.4,6697931.282430255,15006078.0,328.0,20504230.0,3417371.6666666665,6066703.614196054,15004647.0,235.0,0,200,232,0.2926208626580079,0.3413910064343426,0.0,482.0,49.50000000000001,132.12101096518123,17455.96153846154,1,2,5,12,1.0,53.30769230769231,35.166666666666664,68.85714285714286,3,105,3,241,64240,128,4,32,60071.0,84364.91006336699,119726.0,416.0,10191985.5,6805542.851568896,15004231.0,5379740.0,0,BENIGN,0.99
21434262,7,7,209.0,482.0,168.0,0.0,29.85714285714286,61.37977020546909,482.0,0.0,68.85714285714285,182.17887599044752,32.23810551536601,0.6531598801955486,1648789.3846153845,4376876.844684871,14998329.0,1.0,21434260.0,3572376.6666666665,6143799.681912348,15000405.0,1.0,21434249.0,3572374.833333333,6142910.166678962,14999074.0,451.0,0,232,232,0.3265799400977743,0.3265799400977743,0.0,482.0,46.06666666666666,127.98909923821452,16381.209523809524,1,2,5,13,1.0,49.35714285714285,29.857142857142858,68.85714285714286,3,104,3,241,64240,128,4,32,44889.0,62429.04349739791,89033.0,745.0,10672016.5,6118329.812564251,14998329.0,6345704.0,0,BENIGN,0.98
21439480,7,7,209.0,482.0,168.0,0.0,29.85714285714285,61.379770205469086,482.0,0.0,68.85714285714285,182.17887599044752,32.23025931599087,0.6530009123355603,1649190.769230769,4377178.397899213,14999697.0,1.0,21439422.0,3573237.0,6143213.657019426,15000405.0,1.0,21439410.0,3573235.0,6142807.493936564,14999839.0,402.0,0,232,232,0.3265004561677802,0.3265004561677802,0.0,482.0,46.06666666666666,127.98909923821452,16381.209523809524,1,2,5,13,1.0,49.35714285714285,29.857142857142858,68.85714285714286,3,104,3,241,64240,128,4,32,46484.5,65538.19201427516,92827.0,142.0,10672975.5,6118908.2259112615,14999697.0,6346254.0,0,BENIGN,0.98
21406501,6,7,210.0,482.0,168.0,0.0,35.0,65.62926176637978,482.0,0.0,68.85714285714285,182.17887599044752,32.32662825185676,0.6072921492400837,1783875.0833333335,4541717.435769574,14994536.0,8.0,15062229.0,3012445.8,6698587.549442472,14995140.0,446.0,21406430.0,3567738.333333333,6143543.943279829,14994617.0,268.0,0,200,232,0.280288684264654,0.3270034649754297,0.0,482.0,49.42857142857143,132.1436946810405,17461.95604395605,1,2,5,12,1.0,53.23076923076923,35.0,68.85714285714286,3,105,3,241,64240,128,4,32,33887.0,47808.90368958485,67693.0,81.0,10669229.5,6116907.113720504,14994536.0,6343923.0,0,BENIGN,0.99
21435201,6,7,209.0,482.0,168.0,0.0,34.833333333333336,65.67318072597571,482.0,0.0,68.85714285714285,182.17887599044752,32.23669327850016,0.6064790341830711,1786266.75,4542265.829904241,14997969.0,0.0,15086455.0,3017291.0,6697514.211580853,14997979.0,0.0,21435187.0,3572531.166666667,6143117.112537329,14998781.0,1.0,0,200,232,0.2799134003921866,0.3265656337908844,0.0,482.0,49.35714285714285,132.16051263104688,17466.4010989011,1,2,5,12,1.0,53.15384615384615,34.833333333333336,68.85714285714286,3,104,3,241,64240,128,4,32,44649.0,61994.87993374937,88486.0,812.0,10672951.0,6116499.113107759,14997969.0,6347933.0,0,BENIGN,0.99
21434115,6,7,209.0,482.0,168.0,0.0,34.833333333333336,65.70667140151498,482.0,0.0,68.85714285714285,182.17887599044752,32.238326611572255,0.6065097625910844,1786176.2499999998,4542463.463384761,14998558.0,1.0,15086280.0,3017256.0,6698038.48945891,14998891.0,532.0,21434105.0,3572350.833333333,6143114.509002918,14998576.0,1.0,0,200,232,0.2799275827343466,0.3265821798567377,0.0,482.0,49.35714285714286,132.16691494694655,17468.093406593405,1,2,5,12,1.0,53.15384615384615,34.833333333333336,68.85714285714286,3,104,3,241,64240,128,4,32,43870.0,62016.093137184966,87722.0,18.0,10673187.0,6116998.3304952765,14998558.0,6347816.0,0,BENIGN,0.99
21424321,6,7,210.0,482.0,168.0,0.0,35.0,65.62926176637978,482.0,0.0,68.85714285714285,182.17887599044752,32.29974009444687,0.6067870248956782,1785360.0833333335,4542181.344270063,14996948.0,0.0,15077314.0,3015462.8,6698388.062698346,14997753.0,0.0,21424252.0,3570708.666666667,6143354.041931254,14997214.0,1.0,0,200,232,0.2800555499518514,0.3267314749438267,0.0,482.0,49.42857142857143,132.1436946810405,17461.95604395605,1,2,5,12,1.0,53.23076923076923,35.0,68.85714285714286,3,105,3,241,64240,128,4,32,40316.0,56639.25317304246,80366.0,266.0,10671844.0,6116620.735474123,14996948.0,6346740.0,0,BENIGN,0.99
21402671,6,7,210.0,482.0,168.0,0.0,35.0,65.62926176637978,482.0,0.0,68.85714285714285,182.17887599044752,32.332413089936296,0.60740082394389,1783555.9166666665,4541594.470952834,14993489.0,0.0,15057561.0,3011512.2,6699101.4146363465,14995140.0,1.0,21402452.0,3567075.333333333,6143893.481925794,14994201.0,0.0,0,200,232,0.2803388418202569,0.3270619821236331,0.0,482.0,49.42857142857143,132.1436946810405,17461.95604395605,1,2,5,12,1.0,53.23076923076923,35.0,68.85714285714286,3,105,3,241,64240,128,4,32,32392.0,44802.28565597965,64072.0,712.0,10668943.5,6115830.897199538,14993489.0,6344398.0,0,BENIGN,0.99
21440039,6,7,207.0,482.0,168.0,0.0,34.5,65.795896528583,482.0,0.0,68.85714285714285,182.17887599044752,32.13613557326085,0.6063421806275633,1786669.9166666667,4542639.421456519,14999477.0,2.0,15091183.0,3018236.6,6698346.793677699,15000405.0,274.0,21440029.0,3573338.166666667,6143152.723808497,14999689.0,2.0,0,200,232,0.2798502372127215,0.3264919434148418,0.0,482.0,49.21428571428572,132.20099997959318,17477.104395604394,1,2,5,12,1.0,53.0,34.5,68.85714285714286,3,103,3,241,64240,128,4,32,45959.0,64696.02783788198,91706.0,212.0,10674059.5,6117064.091425926,14999477.0,6348642.0,0,BENIGN,0.99
21447210,6,7,210.0,482.0,168.0,0.0,35.0,65.59878047646923,482.0,0.0,68.85714285714285,182.17887599044752,32.26526900235509,0.6061394465760349,1787267.5,4542580.38793046,14999870.0,0.0,15097384.0,3019476.8,6698515.751309143,15001936.0,0.0,21446217.0,3574369.5,6142947.844989985,15000472.0,1.0,0,200,232,0.2797566676504776,0.3263827789255572,0.0,482.0,49.42857142857142,132.1378733838924,17460.417582417584,1,2,5,12,1.0,53.23076923076923,35.0,68.85714285714286,3,105,3,241,64240,128,4,32,49058.0,68527.1323783507,97514.0,602.0,10674546.5,6116931.155351064,14999870.0,6349223.0,0,BENIGN,0.99
21445012,6,7,211.0,482.0,168.0,0.0,35.166666666666664,65.55430318954406,482.0,0.0,68.85714285714285,182.17887599044752,32.31520691151864,0.6062015726547507,1787084.3333333333,4542589.15718981,14999654.0,0.0,15095134.0,3019026.8,6698763.838485925,15001935.0,0.0,21444773.0,3574128.833333333,6143036.993039695,15000326.0,2.0,0,200,232,0.2797853412252695,0.3264162314294812,0.0,482.0,49.50000000000001,132.12101096518123,17455.96153846154,1,2,5,12,1.0,53.30769230769231,35.166666666666664,68.85714285714286,3,105,3,241,64240,128,4,32,48076.0,67039.3797107342,95480.0,672.0,10674429.0,6116791.85531517,14999654.0,6349204.0,0,BENIGN,0.99
21425239,6,7,211.0,482.0,168.0,0.0,35.166666666666664,65.55430318954406,482.0,0.0,68.85714285714285,182.17887599044752,32.34503008344504,0.6067610260963716,1785436.5833333335,4542251.133810965,14997194.0,1.0,15078077.0,3015615.4,6698303.469760854,14997753.0,1.0,21425229.0,3570871.4999999995,6143374.505254348,14997394.0,1.0,0,200,232,0.2800435505060177,0.3267174755903539,0.0,482.0,49.50000000000001,132.12101096518123,17455.96153846154,1,2,5,12,1.0,53.30769230769231,35.166666666666664,68.85714285714286,3,105,3,241,64240,128,4,32,40541.5,57051.496426474216,80883.0,200.0,10672077.5,6116638.4131436525,14997194.0,6346961.0,0,BENIGN,0.99
21443724,6,7,210.0,482.0,168.0,0.0,35.0,65.62926176637978,482.0,0.0,68.85714285714285,182.17887599044752,32.27051420732705,0.6062379836636584,1786977.0,4542551.987790023,14999428.0,5.0,15093709.0,3018741.8,6697530.609487776,14999437.0,212.0,21443479.0,3573913.1666666665,6143162.130759447,15000339.0,41.0,0,200,232,0.2798021463063039,0.3264358373573545,0.0,482.0,49.42857142857143,132.1436946810405,17461.95604395605,1,2,5,12,1.0,53.23076923076923,35.0,68.85714285714286,3,105,3,241,64240,128,4,32,47596.0,66022.56015938794,94281.0,911.0,10674245.5,6116731.751238769,14999428.0,6349063.0,0,BENIGN,0.99
21405529,6,7,211.0,482.0,168.0,0.0,35.166666666666664,65.55430318954406,482.0,0.0,68.85714285714285,182.17887599044752,32.374813068156364,0.6073197256652708,1783794.0833333335,4541709.370030897,14993922.0,1.0,15060131.0,3012026.2,6698819.413821901,14995141.0,1.0,21405074.0,3567512.333333333,6143759.498989382,14994262.0,1.0,0,200,232,0.2803014118455096,0.3270183138197612,0.0,482.0,49.50000000000001,132.12101096518123,17455.96153846154,1,2,5,12,1.0,53.30769230769231,35.166666666666664,68.85714285714286,3,105,3,241,64240,128,4,32,33274.5,46576.416569976696,66209.0,340.0,10669489.5,6115671.091066989,14993922.0,6345057.0,0,BENIGN,0.99
21403693,6,7,210.0,482.0,168.0,0.0,35.0,65.62926176637978,482.0,0.0,68.85714285714285,182.17887599044752,32.33086925700158,0.6073718213020528,1783641.0833333335,4541699.69921325,14993705.0,0.0,15058225.0,3011645.0,6699030.531821079,14995141.0,0.0,21403683.0,3567280.5,6143855.215732113,14994160.0,23.0,0,200,232,0.2803254559855628,0.32704636531649,0.0,482.0,49.42857142857143,132.1436946810405,17461.95604395605,1,2,5,12,1.0,53.23076923076923,35.0,68.85714285714286,3,105,3,241,64240,128,4,32,32487.5,45300.79593671617,64520.0,455.0,10669347.5,6115565.025049811,14993705.0,6344990.0,0,BENIGN,0.99
21430445,6,7,209.0,482.0,168.0,0.0,34.833333333333336,65.67318072597571,482.0,0.0,68.85714285714285,182.17887599044752,32.24384747960204,0.6066136284150889,1785870.4166666667,4542317.454358182,14997687.0,1.0,15082150.0,3016430.0,6698492.9126517335,14998892.0,327.0,21430369.0,3571728.1666666665,6143362.5473621,14998242.0,1.0,0,200,232,0.2799755208069641,0.3266381076081248,0.0,482.0,49.35714285714285,132.16051263104688,17466.4010989011,1,2,5,12,1.0,53.15384615384615,34.833333333333336,68.85714285714286,3,104,3,241,64240,128,4,32,42509.0,59331.91579580083,84463.0,555.0,10672713.0,6116436.887711015,14997687.0,6347739.0,0,BENIGN,0.99
21439753,6,7,211.0,482.0,168.0,0.0,35.166666666666664,65.55430318954406,482.0,0.0,68.85714285714285,182.17887599044752,32.323133573413834,0.6063502690539392,1786646.0833333333,4542592.445812542,14999259.0,0.0,15090495.0,3018099.0,6698423.555259402,15000406.0,0.0,21439681.0,3573280.1666666665,6143262.4038028335,14999802.0,2.0,0,200,232,0.2798539703325873,0.3264962987213519,0.0,482.0,49.50000000000001,132.12101096518123,17455.96153846154,1,2,5,12,1.0,53.30769230769231,35.166666666666664,68.85714285714286,3,105,3,241,64240,128,4,32,45889.5,64129.63530615156,91236.0,543.0,10673986.0,6116859.737566164,14999259.0,6348713.0,0,BENIGN,0.99
21406801,6,7,211.0,482.0,168.0,0.0,35.166666666666664,65.55430318954406,482.0,0.0,68.85714285714285,182.17887599044752,32.37288934483952,0.607283638503483,1783900.0833333333,4541782.511074509,14994161.0,1.0,15061187.0,3012237.4,6698702.555224131,14995140.0,1.0,21406732.0,3567788.666666667,6143689.999990907,14994359.0,1.0,0,200,232,0.2802847562323768,0.3269988822711062,0.0,482.0,49.50000000000001,132.12101096518123,17455.96153846154,1,2,5,12,1.0,53.30769230769231,35.166666666666664,68.85714285714286,3,105,3,241,64240,128,4,32,33612.0,47254.5319731346,67026.0,198.0,10669788.0,6115586.945360028,14994161.0,6345415.0,0,BENIGN,0.99
21427666,6,7,211.0,482.0,168.0,0.0,35.166666666666664,65.55430318954406,482.0,0.0,68.85714285714285,182.17887599044752,32.34136653054047,0.6066923014387101,1785638.8333333335,4542154.609636765,14996867.0,1.0,15079229.0,3015845.8,6697690.988106587,14996876.0,1.0,21427589.0,3571264.833333333,6143382.088516012,14997680.0,1.0,0,200,232,0.2800118314332508,0.3266804700054593,0.0,482.0,49.50000000000001,132.12101096518123,17455.96153846154,1,2,5,12,1.0,53.30769230769231,35.166666666666664,68.85714285714286,3,105,3,241,64240,128,4,32,41587.5,57663.85089898176,82362.0,813.0,10672245.0,6115939.084537059,14996867.0,6347623.0,0,BENIGN,0.99
21431760,6,7,211.0,482.0,168.0,0.0,35.166666666666664,65.55430318954406,482.0,0.0,68.85714285714285,182.17887599044752,32.33518852394764,0.6065764080971418,1785980.0,4542389.689411891,14997907.0,9.0,15083183.0,3016636.6,6698378.947938285,14998892.0,441.0,21431682.0,3571947.0,6143298.779328447,14998248.0,88.0,0,200,232,0.2799583421986808,0.326618065898461,0.0,482.0,49.50000000000001,132.12101096518123,17455.96153846154,1,2,5,12,1.0,53.30769230769231,35.166666666666664,68.85714285714286,3,105,3,241,64240,128,4,32,42808.5,60058.11446007941,85276.0,341.0,10673027.5,6116303.24452937,14997907.0,6348148.0,0,BENIGN,0.99
21423366,6,7,210.0,482.0,168.0,0.0,35.0,65.59878047646923,482.0,0.0,68.85714285714285,182.17887599044752,32.301179935963376,0.6068140739415085,1785280.5,4542107.832994031,14996264.0,1.0,15075369.0,3015073.8,6698600.478124717,14997753.0,1.0,21423294.0,3570548.9999999995,6143386.658195852,14996724.0,1.0,0,200,232,0.28006803412685,0.3267460398146584,0.0,482.0,49.42857142857142,132.1378733838924,17460.417582417584,1,2,5,12,1.0,53.23076923076923,35.0,68.85714285714286,3,105,3,241,64240,128,4,32,39782.5,55610.41280641603,79105.0,460.0,10671900.0,6115574.217437967,14996264.0,6347536.0,0,BENIGN,0.99
21396316,6,7,208.0,482.0,168.0,0.0,34.666666666666664,65.6952560438474,482.0,0.0,68.85714285714285,182.17887599044752,32.248542225680346,0.6075812303389051,1783026.3333333333,4541662.40861564,14992814.0,1.0,15051196.0,3010239.2,6699071.835800068,14993826.0,296.0,21396303.0,3566050.5000000005,6144164.524683295,14993151.0,1.0,0,200,232,0.2804221063102639,0.3271591240286412,0.0,482.0,49.28571428571429,132.17321302653667,17469.75824175824,1,2,5,12,1.0,53.07692307692308,34.666666666666664,68.85714285714286,3,104,3,241,64240,128,4,32,29359.5,41044.01311397315,58382.0,337.0,10668798.0,6115082.071118261,14992814.0,6344782.0,0,BENIGN,0.99
21401443,6,7,208.0,482.0,168.0,0.0,34.66666666666667,65.78044288895194,482.0,0.0,68.85714285714285,182.17887599044752,32.24081665895145,0.6074356761831433,1783453.5833333333,4541543.136339122,14992788.0,6.0,15055201.0,3011040.2,6698056.84414112,14992798.0,385.0,21401247.0,3566874.5000000005,6143964.70689781,14993683.0,45.0,0,200,232,0.2803549274691431,0.3270807487140003,0.0,482.0,49.28571428571429,132.18950765497968,17474.065934065933,1,2,5,12,1.0,53.07692307692308,34.666666666666664,68.85714285714286,3,104,3,241,64240,128,4,32,31654.0,43499.79496503403,62413.0,895.0,10669045.0,6114695.990815734,14992788.0,6345302.0,0,BENIGN,0.99
21427169,6,7,211.0,482.0,168.0,0.0,35.166666666666664,65.55430318954406,482.0,0.0,68.85714285714285,182.17887599044752,32.3421166837299,0.6067063735764627,1785597.4166666665,4542390.834972691,14997414.0,1.0,15078978.0,3015795.6,6698206.268657028,14997753.0,1.0,21427159.0,3571193.166666667,6143428.962725473,14997491.0,48.0,0,200,232,0.2800183262660597,0.3266880473104029,0.0,482.0,49.50000000000001,132.12101096518123,17455.96153846154,1,2,5,12,1.0,53.30769230769231,35.166666666666664,68.85714285714286,3,105,3,241,64240,128,4,32,40820.5,57620.0102785482,81564.0,77.0,10672740.0,6116012.623642302,14997414.0,6348066.0,0,BENIGN,0.99
21430294,6,7,209.0,482.0,168.0,0.0,34.83333333333333,65.7036275000602,482.0,0.0,68.85714285714285,182.17887599044752,32.24407467298396,0.6066179026755303,1785857.8333333333,4542298.444655802,14997311.0,1.0,15081176.0,3016235.2,6698599.744267133,14998892.0,1.0,21430225.0,3571704.1666666665,6143374.22134167,14997935.0,47.0,0,200,232,0.2799774935425524,0.3266404091329778,0.0,482.0,49.35714285714286,132.166332931044,17467.93956043956,1,2,5,12,1.0,53.15384615384615,34.833333333333336,68.85714285714286,3,104,3,241,64240,128,4,32,42244.5,58860.2755727494,83865.0,624.0,10672879.0,6115670.383960208,14997311.0,6348447.0,0,BENIGN,0.99
21415587,6,7,208.0,482.0,168.0,0.0,34.666666666666664,65.6952560438474,482.0,0.0,68.85714285714285,182.17887599044752,32.2195230978259,0.6070344931474445,1784632.2499999998,4542010.8999434505,14995243.0,1.0,15068242.0,3013648.4,6698590.399035404,14996331.0,1.0,21415575.0,3569262.5,6143584.477799934,14995522.0,1.0,0,200,232,0.2801697660680513,0.3268647270793932,0.0,482.0,49.28571428571429,132.17321302653667,17469.75824175824,1,2,5,12,1.0,53.07692307692308,34.666666666666664,68.85714285714286,3,104,3,241,64240,128,4,32,36639.0,51420.80512788574,72999.0,279.0,10671154.0,6115185.308708314,14995243.0,6347065.0,0,BENIGN,0.99
21429433,6,7,209.0,482.0,168.0,0.0,34.833333333333336,65.67318072597571,482.0,0.0,68.85714285714285,182.17887599044752,32.24537018781598,0.6066422756029056,1785786.083333333,4542214.789816096,14997092.0,9.0,15080186.0,3016037.2,6698707.319606425,14998892.0,207.0,21429423.0,3571570.5,6143339.945665541,14997835.0,424.0,0,200,232,0.2799887425859564,0.3266535330169491,0.0,482.0,49.35714285714285,132.16051263104688,17466.4010989011,1,2,5,12,1.0,53.15384615384615,34.833333333333336,68.85714285714286,3,104,3,241,64240,128,4,32,41918.5,58230.95053749337,83094.0,743.0,10672586.0,6115775.035763823,14997092.0,6348080.0,0,BENIGN,0.98
21439721,7,7,210.0,482.0,168.0,0.0,30.0,61.326992425847855,482.0,0.0,68.85714285714285,182.17887599044752,32.2765394195195,0.6529935720712038,1649209.3076923075,4376836.158577094,14998934.0,7.0,21436408.0,3572734.666666667,6143555.134164735,15000406.0,267.0,21439712.0,3573285.333333333,6142431.263316754,14999545.0,774.0,0,232,232,0.3264967860356019,0.3264967860356019,0.0,482.0,46.133333333333326,127.9692299325264,16376.123809523811,1,2,5,13,1.0,49.42857142857143,30.0,68.85714285714286,3,105,3,241,64240,128,4,32,45594.0,63615.56867622893,90577.0,611.0,10672132.5,6119021.362996251,14998934.0,6345331.0,0,BENIGN,0.98
21443864,6,7,208.0,482.0,168.0,0.0,34.66666666666667,65.71960640985814,482.0,0.0,68.85714285714285,182.17887599044752,32.17703675046624,0.6062340257334219,1786988.6666666667,4542898.053824599,15000020.0,1.0,15093286.0,3018657.2,6698118.041791157,15000406.0,1.0,21443792.0,3573965.333333333,6143285.823721657,15000087.0,72.0,0,200,232,0.2798003195692716,0.3264337061641502,0.0,482.0,49.28571428571429,132.17786883963976,17470.98901098901,1,2,5,12,1.0,53.07692307692308,34.666666666666664,68.85714285714286,3,104,3,241,64240,128,4,32,46666.5,65901.64489980505,93266.0,67.0,10675229.5,6116177.379522319,15000020.0,6350439.0,0,BENIGN,0.99
21410143,7,7,210.0,482.0,168.0,0.0,30.0,61.326992425847855,482.0,0.0,68.85714285714285,182.17887599044752,32.32112928904772,0.6538956792581908,1646934.0769230768,4376527.97780835,14994904.0,0.0,21408659.0,3568109.833333333,6143919.294433592,14995141.0,0.0,21410131.0,3568355.166666667,6143461.924969452,14994920.0,587.0,0,232,232,0.3269478396290954,0.3269478396290954,0.0,482.0,46.133333333333326,127.9692299325264,16376.123809523811,1,2,5,13,1.0,49.42857142857143,30.0,68.85714285714286,3,105,3,241,64240,128,4,32,34012.5,48078.31137321692,68009.0,16.0,10669891.5,6116491.334933165,14994904.0,6344879.0,0,BENIGN,0.98
21426185,6,7,209.0,482.0,168.0,0.0,34.83333333333333,65.7036275000602,482.0,0.0,68.85714285714285,182.17887599044752,32.250258270429384,0.6067342366361533,1785515.4166666665,4542370.460658048,14996623.0,0.0,15076251.0,3015250.2,6698505.994128034,14997754.0,0.0,21426059.0,3571009.833333333,6143592.47124532,14996954.0,73.0,0,200,232,0.2800311861397631,0.3267030504963902,0.0,482.0,49.35714285714286,132.166332931044,17467.93956043956,1,2,5,12,1.0,53.15384615384615,34.833333333333336,68.85714285714286,3,104,3,241,64240,128,4,32,39979.5,56071.44642774966,79628.0,331.0,10673076.5,6114418.097850727,14996623.0,6349530.0,0,BENIGN,0.99
21413200,6,7,209.0,482.0,168.0,0.0,34.833333333333336,65.67318072597571,482.0,0.0,68.85714285714285,182.17887599044752,32.26981488054098,0.6071021612836942,1784433.3333333335,4542022.838166439,14994183.0,0.0,15063254.0,3012650.8,6697948.629177944,14994192.0,0.0,21413106.0,3568851.0,6144045.412716901,14995068.0,45.0,0,200,232,0.2802009975155511,0.326901163768143,0.0,482.0,49.35714285714285,132.16051263104688,17466.4010989011,1,2,5,12,1.0,53.15384615384615,34.833333333333336,68.85714285714286,3,104,3,241,64240,128,4,32,34978.0,48214.78298198593,69071.0,885.0,10671599.5,6113056.210190161,14994183.0,6349016.0,0,BENIGN,0.99
21405379,6,7,209.0,482.0,168.0,0.0,34.833333333333336,65.67318072597571,482.0,0.0,68.85714285714285,182.17887599044752,32.28160547869767,0.6073239815095075,1783781.5833333333,4541857.655825491,14993120.0,6.0,15056224.0,3011244.8,6699249.431223038,14995140.0,285.0,21405308.0,3567551.333333333,6144180.922871776,14993900.0,263.0,0,200,232,0.2803033760813112,0.3270206054281963,0.0,482.0,49.35714285714285,132.16051263104688,17466.4010989011,1,2,5,12,1.0,53.15384615384615,34.833333333333336,68.85714285714286,3,104,3,241,64240,128,4,32,31942.0,44069.72303067039,63104.0,780.0,10670616.0,6112943.7802119525,14993120.0,6348112.0,0,BENIGN,0.99
21441778,6,7,210.0,482.0,168.0,0.0,35.0,65.59878047646923,482.0,0.0,68.85714285714285,182.17887599044752,32.27344299525907,0.6062930042461964,1786814.8333333335,4542807.916586529,14998717.0,0.0,15088742.0,3017748.4,6698613.947730926,15000406.0,0.0,21441660.0,3573610.0,6143568.340068108,14999396.0,69.0,0,200,232,0.2798275404213214,0.3264654638248749,0.0,482.0,49.42857142857142,132.1378733838924,17460.417582417584,1,2,5,12,1.0,53.23076923076923,35.0,68.85714285714286,3,105,3,241,64240,128,4,32,45352.0,63177.16247189327,90025.0,679.0,10675502.5,6113948.578948019,14998717.0,6352288.0,0,BENIGN,0.99
21422737,6,7,210.0,482.0,168.0,0.0,35.0,65.62926176637978,482.0,0.0,68.85714285714285,182.17887599044752,32.30212834149063,0.60683189080835,1785228.0833333333,4542445.422455908,14996099.0,1.0,15072228.0,3014445.6,6698153.887695759,14996331.0,1.0,21422661.0,3570443.5,6143752.924311808,14996115.0,70.0,0,200,232,0.2800762572961615,0.3267556335121884,0.0,482.0,49.42857142857143,132.1436946810405,17461.95604395605,1,2,5,12,1.0,53.23076923076923,35.0,68.85714285714286,3,105,3,241,64240,128,4,32,38072.5,53820.01843645169,76129.0,16.0,10673261.0,6113416.127541785,14996099.0,6350423.0,0,BENIGN,0.99
21426015,6,7,210.0,482.0,168.0,0.0,35.0,65.59878047646923,482.0,0.0,68.85714285714285,182.17887599044752,32.297186387669385,0.6067390506354075,1785501.2499999998,4542369.549651894,14996028.0,7.0,15074353.0,3014870.6,6698711.188855906,14997753.0,577.0,21425941.0,3570990.166666667,6143753.8569120895,14996682.0,95.0,0,200,232,0.2800334079855727,0.3267056426498348,0.0,482.0,49.42857142857142,132.1378733838924,17460.417582417584,1,2,5,12,1.0,53.23076923076923,35.0,68.85714285714286,3,105,3,241,64240,128,4,32,39489.5,54921.69080154033,78325.0,654.0,10673470.5,6113019.44063754,14996028.0,6350913.0,0,BENIGN,0.99
21453551,6,7,210.0,482.0,168.0,0.0,35.0,65.62926176637978,482.0,0.0,68.85714285714285,182.17887599044752,32.25573239600288,0.6059602906763547,1787795.9166666665,4543117.3341868855,15000195.0,1.0,15098493.0,3019698.6,6698395.955091809,15001935.0,1.0,21453480.0,3575580.0000000005,6143316.398089064,15000740.0,73.0,0,200,232,0.2796739803121637,0.326286310364191,0.0,482.0,49.42857142857143,132.1436946810405,17461.95604395605,1,2,5,12,1.0,53.23076923076923,35.0,68.85714285714286,3,105,3,241,64240,128,4,32,49421.5,69121.80918132859,98298.0,545.0,10677317.5,6113471.988977499,15000195.0,6354440.0,0,BENIGN,0.99
21422983,6,7,210.0,482.0,168.0,0.0,35.0,65.62926176637978,482.0,0.0,68.85714285714285,182.17887599044752,32.30175741632246,0.6068249225609711,1785248.5833333335,4542493.318829939,14995882.0,6.0,15071264.0,3014252.8,6698258.631537842,14996331.0,262.0,21422904.0,3570483.9999999995,6143851.565356605,14995968.0,236.0,0,200,232,0.2800730411819866,0.3267518813789845,0.0,482.0,49.42857142857143,132.1436946810405,17461.95604395605,1,2,5,12,1.0,53.23076923076923,35.0,68.85714285714286,3,105,3,241,64240,128,4,32,37734.0,53242.31219622228,75382.0,86.0,10673639.5,6112573.963365392,14995882.0,6351397.0,0,BENIGN,0.99
21403315,6,7,211.0,482.0,168.0,0.0,35.166666666666664,65.55430318954406,482.0,0.0,68.85714285714285,182.17887599044752,32.37816198098285,0.6073825479838053,1783609.5833333335,4542122.252013809,14993037.0,1.0,15053017.0,3010603.4,6698868.745532434,14993826.0,1.0,21402810.0,3567135.0,6144502.769419345,14993251.0,249.0,0,200,232,0.2803304067617563,0.327052141222049,0.0,482.0,49.50000000000001,132.12101096518123,17455.96153846154,1,2,5,12,1.0,53.30769230769231,35.166666666666664,68.85714285714286,3,105,3,241,64240,128,4,32,30097.0,42260.9438843952,59980.0,214.0,10671436.0,6111666.74536513,14993037.0,6349835.0,0,BENIGN,0.99
21425793,6,7,211.0,482.0,168.0,0.0,35.166666666666664,65.55430318954406,482.0,0.0,68.85714285714285,182.17887599044752,32.34419374816139,0.6067453372670968,1785482.75,4542419.497173048,14995378.0,0.0,15072001.0,3014400.2,6697654.42419469,14995387.0,0.0,21425724.0,3570954.0000000005,6143909.127680975,14996167.0,237.0,0,200,232,0.2800363095078908,0.3267090277592059,0.0,482.0,49.50000000000001,132.12101096518123,17455.96153846154,1,2,5,12,1.0,53.30769230769231,35.166666666666664,68.85714285714286,3,105,3,241,64240,128,4,32,38706.0,53622.73564450064,76623.0,789.0,10674072.0,6111249.55236423,14995378.0,6352766.0,0,BENIGN,0.99
21440286,6,7,211.0,482.0,168.0,0.0,35.166666666666664,65.55430318954406,482.0,0.0,68.85714285714285,182.17887599044752,32.32233002861995,0.606335195342077,1786690.4999999998,4543087.038631341,14998341.0,0.0,15085146.0,3017029.2,6698165.0734355,14998892.0,0.0,21440215.0,3573369.166666667,6143809.466964203,14998424.0,79.0,0,200,232,0.2798470132348047,0.3264881821072722,0.0,482.0,49.50000000000001,132.12101096518123,17455.96153846154,1,2,5,12,1.0,53.30769230769231,35.166666666666664,68.85714285714286,3,105,3,241,64240,128,4,32,43444.0,61321.71427805977,86805.0,83.0,10676659.5,6111780.589556901,14998341.0,6354978.0,0,BENIGN,0.99
21427393,6,7,211.0,482.0,168.0,0.0,35.166666666666664,65.55430318954406,482.0,0.0,68.85714285714285,182.17887599044752,32.34177858221017,0.6067000311237116,1785616.0833333333,4542623.608722015,14995811.0,2.0,15072852.0,3014570.4,6698878.951573524,14997754.0,274.0,21427320.0,3571219.9999999995,6144120.068660931,14996532.0,2.0,0,200,232,0.2800153989801746,0.326684632143537,0.0,482.0,49.50000000000001,132.12101096518123,17455.96153846154,1,2,5,12,1.0,53.30769230769231,35.166666666666664,68.85714285714286,3,105,3,241,64240,128,4,32,38881.0,53966.38954015731,77041.0,721.0,10674814.5,6110811.853266675,14995811.0,6353818.0,0,BENIGN,0.99
21424058,6,7,210.0,482.0,168.0,0.0,35.0,65.59878047646923,482.0,0.0,68.85714285714285,182.17887599044752,32.30013660343899,0.6067944737640274,1785338.1666666665,4542643.229093924,14995564.0,1.0,15070105.0,3014021.0,6698386.070339071,14996331.0,1.0,21424047.0,3570674.5000000005,6144086.769628364,14995775.0,100.0,0,200,232,0.2800589878910896,0.3267354858729378,0.0,482.0,49.42857142857142,132.1378733838924,17460.417582417584,1,2,5,12,1.0,53.23076923076923,35.0,68.85714285714286,3,105,3,241,64240,128,4,32,37376.0,52559.24704559608,74541.0,211.0,10674603.0,6110761.648685211,14995564.0,6353642.0,0,BENIGN,0.99
21421252,6,7,211.0,482.0,168.0,0.0,35.166666666666664,65.55430318954406,482.0,0.0,68.85714285714285,182.17887599044752,32.3510502560728,0.6068739586276283,1785104.3333333335,4542573.251508551,14995024.0,2.0,15067239.0,3013447.8,6698699.897860905,14996331.0,169.0,21420811.0,3570135.1666666665,6144278.379790467,14995422.0,2.0,0,200,232,0.2800956732127515,0.3267782854148768,0.0,482.0,49.50000000000001,132.12101096518123,17455.96153846154,1,2,5,12,1.0,53.30769230769231,35.166666666666664,68.85714285714286,3,105,3,241,64240,128,4,32,36306.5,50782.287704474285,72215.0,398.0,10674318.5,6110400.317120025,14995024.0,6353613.0,0,BENIGN,0.99
21440083,6,7,210.0,482.0,168.0,0.0,35.0,65.59878047646923,482.0,0.0,68.85714285714285,182.17887599044752,32.275994453939376,0.6063409362734277,1786673.583333333,4543155.004487329,14998124.0,2.0,15083895.0,3016779.0,6698302.303855097,14998892.0,245.0,21440071.0,3573345.1666666665,6143984.626457863,14998328.0,2.0,0,200,232,0.2798496628954281,0.3264912733779995,0.0,482.0,49.42857142857142,132.1378733838924,17460.417582417584,1,2,5,12,1.0,53.23076923076923,35.0,68.85714285714286,3,105,3,241,64240,128,4,32,42987.5,60505.00594578932,85771.0,204.0,10677053.0,6110917.212177073,14998124.0,6355982.0,0,BENIGN,0.99
21402591,7,7,210.0,482.0,168.0,0.0,30.0,61.354163129598085,482.0,0.0,68.85714285714285,182.17887599044752,32.332533944137886,0.6541264092744659,1646353.153846154,4376825.081614523,14992597.0,8.0,21402205.0,3567034.166666667,6145295.500677943,14993827.0,226.0,21402511.0,3567085.1666666665,6144686.899641751,14993095.0,445.0,0,232,232,0.3270632046372329,0.3270632046372329,0.0,482.0,46.13333333333333,127.97481150973572,16377.552380952384,1,2,5,13,1.0,49.42857142857143,30.0,68.85714285714286,3,105,3,241,64240,128,4,32,29056.0,40387.11091425085,57614.0,498.0,10671768.0,6110574.9724949775,14992597.0,6350939.0,0,BENIGN,0.98
21419840,6,7,211.0,482.0,168.0,0.0,35.166666666666664,65.55430318954406,482.0,0.0,68.85714285714285,182.17887599044752,32.35318284356933,0.6069139638764809,1784986.6666666665,4542559.7411757,14994795.0,0.0,15065478.0,3013095.6,6698895.733522974,14996332.0,0.0,21419602.0,3569933.666666667,6144462.221164963,14995494.0,1.0,0,200,232,0.2801141371737604,0.3267998267027204,0.0,482.0,49.50000000000001,132.12101096518123,17455.96153846154,1,2,5,12,1.0,53.30769230769231,35.166666666666664,68.85714285714286,3,105,3,241,64240,128,4,32,35691.0,49486.16097455935,70683.0,699.0,10674228.5,6110203.741434855,14994795.0,6353662.0,0,BENIGN,0.99
21418649,6,7,211.0,482.0,168.0,0.0,35.166666666666664,65.55430318954406,482.0,0.0,68.85714285714285,182.17887599044752,32.354981866503344,0.606947711781448,1784887.4166666667,4542471.0670756055,14994412.0,1.0,15064286.0,3012857.2,6699026.546123862,14996331.0,1.0,21418577.0,3569762.833333333,6144426.26275425,14995229.0,1.0,0,200,232,0.2801297131298991,0.326817998651549,0.0,482.0,49.50000000000001,132.12101096518123,17455.96153846154,1,2,5,12,1.0,53.30769230769231,35.166666666666664,68.85714285714286,3,105,3,241,64240,128,4,32,35345.5,48830.67298839941,69874.0,817.0,10673978.5,6110015.651031059,14994412.0,6353545.0,0,BENIGN,0.99
21407067,7,7,210.0,482.0,168.0,0.0,30.0,61.326992425847855,482.0,0.0,68.85714285714285,182.17887599044752,32.325773540111776,0.6539896380947469,1646697.4615384615,4376614.032493643,14993257.0,0.0,21403824.0,3567304.0,6144638.929097461,14993827.0,0.0,21406996.0,3567832.6666666665,6143872.85237231,14993404.0,559.0,0,232,232,0.3269948190473734,0.3269948190473734,0.0,482.0,46.133333333333326,127.9692299325264,16376.123809523811,1,2,5,13,1.0,49.42857142857143,30.0,68.85714285714286,3,105,3,241,64240,128,4,32,30509.5,42939.0592875531,60872.0,147.0,10671010.0,6112580.327326423,14993257.0,6348763.0,0,BENIGN,0.98
21402200,6,7,211.0,482.0,168.0,0.0,35.166666666666664,65.55430318954406,482.0,0.0,68.85714285714285,182.17887599044752,32.379848800590594,0.60741419106447,1783516.6666666667,4542236.932126892,14992268.0,18.0,15049081.0,3009816.2,6699293.067881693,14993827.0,276.0,21402129.0,3567021.5,6144951.179928632,14992987.0,75.0,0,200,232,0.2803450112605246,0.3270691798039454,0.0,482.0,49.50000000000001,132.12101096518123,17455.96153846154,1,2,5,12,1.0,53.30769230769231,35.166666666666664,68.85714285714286,3,105,3,241,64240,128,4,32,28766.0,39664.4477838782,56813.0,719.0,10672296.5,6109362.284365243,14992268.0,6352325.0,0,BENIGN,0.99
21408400,6,7,211.0,482.0,168.0,0.0,35.166666666666664,65.55430318954406,482.0,0.0,68.85714285714285,182.17887599044752,32.37047140374806,0.6072382803011902,1784033.3333333333,4542557.20022915,14993597.0,0.0,15054910.0,3010982.0,6698661.443110146,14993826.0,0.0,21408317.0,3568052.833333333,6144800.473044651,14993679.0,68.0,0,200,232,0.2802638216774724,0.3269744586237177,0.0,482.0,49.50000000000001,132.12101096518123,17455.96153846154,1,2,5,12,1.0,53.30769230769231,35.166666666666664,68.85714285714286,3,105,3,241,64240,128,4,32,30697.5,43296.85531883349,61313.0,82.0,10673468.5,6109584.315894536,14993597.0,6353340.0,0,BENIGN,0.99
8347819,3,0,0.0,0.0,0.0,0.0,0.0,0.0,0.0,0.0,0.0,0.0,0.0,0.3593753050946601,4173909.5,5840537.256720866,8303793.0,44026.0,8347819.0,4173909.5,5840537.256720866,8303793.0,44026.0,0.0,0.0,0.0,0.0,0.0,0,96,0,0.3593753050946601,0.0,0.0,0.0,0.0,0.0,0.0,0,0,0,3,0.0,0.0,0.0,0.0,3,0,0,0,126,0,0,32,44026.0,0.0,44026.0,44026.0,8303793.0,0.0,8303793.0,8303793.0,0,BENIGN,0.98
8303793,2,0,0.0,0.0,0.0,0.0,0.0,0.0,0.0,0.0,0.0,0.0,0.0,0.2408537881423585,8303793.0,0.0,8303793.0,8303793.0,8303793.0,8303793.0,0.0,8303793.0,8303793.0,0.0,0.0,0.0,0.0,0.0,0,64,0,0.2408537881423585,0.0,0.0,0.0,0.0,0.0,0.0,0,0,0,2,0.0,0.0,0.0,0.0,2,0,0,0,126,0,0,32,0.0,0.0,0.0,0.0,8303793.0,0.0,8303793.0,8303793.0,1,DoS GoldenEye,0.65
8355521,3,0,0.0,0.0,0.0,0.0,0.0,0.0,0.0,0.0,0.0,0.0,0.0,0.3590440380677638,4177760.5,5838824.644096833,8306433.0,49088.0,8355521.0,4177760.5,5838824.644096833,8306433.0,49088.0,0.0,0.0,0.0,0.0,0.0,0,96,0,0.3590440380677638,0.0,0.0,0.0,0.0,0.0,0.0,0,0,0,3,0.0,0.0,0.0,0.0,3,0,0,0,126,0,0,32,49088.0,0.0,49088.0,49088.0,8306433.0,0.0,8306433.0,8306433.0,0,BENIGN,0.98
8350789,3,0,0.0,0.0,0.0,0.0,0.0,0.0,0.0,0.0,0.0,0.0,0.0,0.3592474914645789,4175394.5,5837997.329162844,8303482.0,47307.0,8350789.0,4175394.5,5837997.329162844,8303482.0,47307.0,0.0,0.0,0.0,0.0,0.0,0,96,0,0.3592474914645789,0.0,0.0,0.0,0.0,0.0,0.0,0,0,0,3,0.0,0.0,0.0,0.0,3,0,0,0,126,0,0,32,47307.0,0.0,47307.0,47307.0,8303482.0,0.0,8303482.0,8303482.0,0,BENIGN,0.98
8303795,2,0,0.0,0.0,0.0,0.0,0.0,0.0,0.0,0.0,0.0,0.0,0.0,0.2408537301318253,8303795.0,0.0,8303795.0,8303795.0,8303795.0,8303795.0,0.0,8303795.0,8303795.0,0.0,0.0,0.0,0.0,0.0,0,64,0,0.2408537301318253,0.0,0.0,0.0,0.0,0.0,0.0,0,0,0,2,0.0,0.0,0.0,0.0,2,0,0,0,126,0,0,32,0.0,0.0,0.0,0.0,8303795.0,0.0,8303795.0,8303795.0,1,DoS GoldenEye,0.65
8347460,3,0,0.0,0.0,0.0,0.0,0.0,0.0,0.0,0.0,0.0,0.0,0.0,0.3593907607823218,4173730.0,5841674.991531795,8304418.0,43042.0,8347460.0,4173730.0,5841674.991531795,8304418.0,43042.0,0.0,0.0,0.0,0.0,0.0,0,96,0,0.3593907607823218,0.0,0.0,0.0,0.0,0.0,0.0,0,0,0,3,0.0,0.0,0.0,0.0,3,0,0,0,126,0,0,32,43042.0,0.0,43042.0,43042.0,8304418.0,0.0,8304418.0,8304418.0,0,BENIGN,0.98
8355788,3,0,0.0,0.0,0.0,0.0,0.0,0.0,0.0,0.0,0.0,0.0,0.0,0.3590325652110848,4177894.0,5839014.855820972,8306701.0,49087.0,8355788.0,4177894.0,5839014.855820972,8306701.0,49087.0,0.0,0.0,0.0,0.0,0.0,0,96,0,0.3590325652110848,0.0,0.0,0.0,0.0,0.0,0.0,0,0,0,3,0.0,0.0,0.0,0.0,3,0,0,0,126,0,0,32,49087.0,0.0,49087.0,49087.0,8306701.0,0.0,8306701.0,8306701.0,0,BENIGN,0.98
8353332,3,0,0.0,0.0,0.0,0.0,0.0,0.0,0.0,0.0,0.0,0.0,0.0,0.3591381259597966,4176666.0,5838232.79572098,8304920.0,48412.0,8353332.0,4176666.0,5838232.79572098,8304920.0,48412.0,0.0,0.0,0.0,0.0,0.0,0,96,0,0.3591381259597966,0.0,0.0,0.0,0.0,0.0,0.0,0,0,0,3,0.0,0.0,0.0,0.0,3,0,0,0,126,0,0,32,48412.0,0.0,48412.0,48412.0,8304920.0,0.0,8304920.0,8304920.0,0,BENIGN,0.98
8356834,3,0,0.0,0.0,0.0,0.0,0.0,0.0,0.0,0.0,0.0,0.0,0.0,0.3589876261751759,4178417.0,5837067.483745583,8305847.0,50987.0,8356834.0,4178417.0,5837067.483745583,8305847.0,50987.0,0.0,0.0,0.0,0.0,0.0,0,96,0,0.3589876261751759,0.0,0.0,0.0,0.0,0.0,0.0,0,0,0,3,0.0,0.0,0.0,0.0,3,0,0,0,126,0,0,32,50987.0,0.0,50987.0,50987.0,8305847.0,0.0,8305847.0,8305847.0,0,BENIGN,0.98
8356493,3,0,0.0,0.0,0.0,0.0,0.0,0.0,0.0,0.0,0.0,0.0,0.0,0.359002275236753,4178246.5,5838212.289624325,8306486.0,50007.0,8356493.0,4178246.5,5838212.289624325,8306486.0,50007.0,0.0,0.0,0.0,0.0,0.0,0,96,0,0.359002275236753,0.0,0.0,0.0,0.0,0.0,0.0,0,0,0,3,0.0,0.0,0.0,0.0,3,0,0,0,126,0,0,32,50007.0,0.0,50007.0,50007.0,8306486.0,0.0,8306486.0,8306486.0,0,BENIGN,0.98
8356493,3,0,0.0,0.0,0.0,0.0,0.0,0.0,0.0,0.0,0.0,0.0,0.0,0.359002275236753,4178246.5,5838212.289624325,8306486.0,50007.0,8356493.0,4178246.5,5838212.289624325,8306486.0,50007.0,0.0,0.0,0.0,0.0,0.0,0,96,0,0.359002275236753,0.0,0.0,0.0,0.0,0.0,0.0,0,0,0,3,0.0,0.0,0.0,0.0,3,0,0,0,126,0,0,32,50007.0,0.0,50007.0,50007.0,8306486.0,0.0,8306486.0,8306486.0,0,BENIGN,0.98
8356032,3,0,0.0,0.0,0.0,0.0,0.0,0.0,0.0,0.0,0.0,0.0,0.0,0.3590220812940878,4178016.0,5838541.094277577,8306488.0,49544.0,8356032.0,4178016.0,5838541.094277577,8306488.0,49544.0,0.0,0.0,0.0,0.0,0.0,0,96,0,0.3590220812940878,0.0,0.0,0.0,0.0,0.0,0.0,0,0,0,3,0.0,0.0,0.0,0.0,3,0,0,0,126,0,0,32,49544.0,0.0,49544.0,49544.0,8306488.0,0.0,8306488.0,8306488.0,0,BENIGN,0.98
8358601,3,0,0.0,0.0,0.0,0.0,0.0,0.0,0.0,0.0,0.0,0.0,0.0,0.358911736545386,4179300.5,5836047.128660332,8306009.0,52592.0,8358601.0,4179300.5,5836047.128660332,8306009.0,52592.0,0.0,0.0,0.0,0.0,0.0,0,96,0,0.358911736545386,0.0,0.0,0.0,0.0,0.0,0.0,0,0,0,3,0.0,0.0,0.0,0.0,3,0,0,0,126,0,0,32,52592.0,0.0,52592.0,52592.0,8306009.0,0.0,8306009.0,8306009.0,0,BENIGN,0.98
8305215,2,0,0.0,0.0,0.0,0.0,0.0,0.0,0.0,0.0,0.0,0.0,0.0,0.2408125497052153,8305215.0,0.0,8305215.0,8305215.0,8305215.0,8305215.0,0.0,8305215.0,8305215.0,0.0,0.0,0.0,0.0,0.0,0,64,0,0.2408125497052153,0.0,0.0,0.0,0.0,0.0,0.0,0,0,0,2,0.0,0.0,0.0,0.0,2,0,0,0,126,0,0,32,0.0,0.0,0.0,0.0,8305215.0,0.0,8305215.0,8305215.0,1,DoS GoldenEye,0.65
8353648,3,0,0.0,0.0,0.0,0.0,0.0,0.0,0.0,0.0,0.0,0.0,0.0,0.3591245405600045,4176824.0,5838427.957192587,8305216.0,48432.0,8353648.0,4176824.0,5838427.957192587,8305216.0,48432.0,0.0,0.0,0.0,0.0,0.0,0,96,0,0.3591245405600045,0.0,0.0,0.0,0.0,0.0,0.0,0,0,0,3,0.0,0.0,0.0,0.0,3,0,0,0,126,0,0,32,48432.0,0.0,48432.0,48432.0,8305216.0,0.0,8305216.0,8305216.0,0,BENIGN,0.98
8349062,3,0,0.0,0.0,0.0,0.0,0.0,0.0,0.0,0.0,0.0,0.0,0.0,0.3593218016586773,4174531.0,5840788.279628187,8304592.0,44470.0,8349062.0,4174531.0,5840788.279628187,8304592.0,44470.0,0.0,0.0,0.0,0.0,0.0,0,96,0,0.3593218016586773,0.0,0.0,0.0,0.0,0.0,0.0,0,0,0,3,0.0,0.0,0.0,0.0,3,0,0,0,126,0,0,32,44470.0,0.0,44470.0,44470.0,8304592.0,0.0,8304592.0,8304592.0,0,BENIGN,0.98
8349293,3,0,0.0,0.0,0.0,0.0,0.0,0.0,0.0,0.0,0.0,0.0,0.0,0.3593118602976324,4174646.5,5840950.20708108,8304822.0,44471.0,8349293.0,4174646.5,5840950.20708108,8304822.0,44471.0,0.0,0.0,0.0,0.0,0.0,0,96,0,0.3593118602976324,0.0,0.0,0.0,0.0,0.0,0.0,0,0,0,3,0.0,0.0,0.0,0.0,3,0,0,0,126,0,0,32,44471.0,0.0,44471.0,44471.0,8304822.0,0.0,8304822.0,8304822.0,0,BENIGN,0.98
8349528,3,0,0.0,0.0,0.0,0.0,0.0,0.0,0.0,0.0,0.0,0.0,0.0,0.3593017473562577,4174764.0,5840784.0369875,8304822.0,44706.0,8349528.0,4174764.0,5840784.0369875,8304822.0,44706.0,0.0,0.0,0.0,0.0,0.0,0,96,0,0.3593017473562577,0.0,0.0,0.0,0.0,0.0,0.0,0,0,0,3,0.0,0.0,0.0,0.0,3,0,0,0,126,0,0,32,44706.0,0.0,44706.0,44706.0,8304822.0,0.0,8304822.0,8304822.0,0,BENIGN,0.98
8356200,3,0,0.0,0.0,0.0,0.0,0.0,0.0,0.0,0.0,0.0,0.0,0.0,0.3590148632153371,4178100.0,5840386.642976473,8307877.0,48323.0,8356200.0,4178100.0,5840386.642976473,8307877.0,48323.0,0.0,0.0,0.0,0.0,0.0,0,96,0,0.3590148632153371,0.0,0.0,0.0,0.0,0.0,0.0,0,0,0,3,0.0,0.0,0.0,0.0,3,0,0,0,126,0,0,32,48323.0,0.0,48323.0,48323.0,8307877.0,0.0,8307877.0,8307877.0,0,BENIGN,0.98
8349529,3,0,0.0,0.0,0.0,0.0,0.0,0.0,0.0,0.0,0.0,0.0,0.0,0.3593017043236809,4174764.5,5840783.329880719,8304822.0,44707.0,8349529.0,4174764.5,5840783.329880719,8304822.0,44707.0,0.0,0.0,0.0,0.0,0.0,0,96,0,0.3593017043236809,0.0,0.0,0.0,0.0,0.0,0.0,0,0,0,3,0.0,0.0,0.0,0.0,3,0,0,0,126,0,0,32,44707.0,0.0,44707.0,44707.0,8304822.0,0.0,8304822.0,8304822.0,0,BENIGN,0.98
8352679,3,0,0.0,0.0,0.0,0.0,0.0,0.0,0.0,0.0,0.0,0.0,0.0,0.359166202843423,4176339.5,5840182.28911671,8305972.0,46707.0,8352679.0,4176339.5,5840182.28911671,8305972.0,46707.0,0.0,0.0,0.0,0.0,0.0,0,96,0,0.359166202843423,0.0,0.0,0.0,0.0,0.0,0.0,0,0,0,3,0.0,0.0,0.0,0.0,3,0,0,0,126,0,0,32,46707.0,0.0,46707.0,46707.0,8305972.0,0.0,8305972.0,8305972.0,0,BENIGN,0.98
8353320,3,0,0.0,0.0,0.0,0.0,0.0,0.0,0.0,0.0,0.0,0.0,0.0,0.3591386418813118,4176660.0,5839727.619456408,8305971.0,47349.0,8353320.0,4176660.0,5839727.619456408,8305971.0,47349.0,0.0,0.0,0.0,0.0,0.0,0,96,0,0.3591386418813118,0.0,0.0,0.0,0.0,0.0,0.0,0,0,0,3,0.0,0.0,0.0,0.0,3,0,0,0,126,0,0,32,47349.0,0.0,47349.0,47349.0,8305971.0,0.0,8305971.0,8305971.0,0,BENIGN,0.98
8351387,3,0,0.0,0.0,0.0,0.0,0.0,0.0,0.0,0.0,0.0,0.0,0.0,0.359221767593814,4175693.5,5839438.412782902,8304800.0,46587.0,8351387.0,4175693.5,5839438.412782902,8304800.0,46587.0,0.0,0.0,0.0,0.0,0.0,0,96,0,0.359221767593814,0.0,0.0,0.0,0.0,0.0,0.0,0,0,0,3,0.0,0.0,0.0,0.0,3,0,0,0,126,0,0,32,46587.0,0.0,46587.0,46587.0,8304800.0,0.0,8304800.0,8304800.0,0,BENIGN,0.98
8349817,3,0,0.0,0.0,0.0,0.0,0.0,0.0,0.0,0.0,0.0,0.0,0.0,0.3592893113705366,4174908.5,5840895.0527521465,8305045.0,44772.0,8349817.0,4174908.5,5840895.0527521465,8305045.0,44772.0,0.0,0.0,0.0,0.0,0.0,0,96,0,0.3592893113705366,0.0,0.0,0.0,0.0,0.0,0.0,0,0,0,3,0.0,0.0,0.0,0.0,3,0,0,0,126,0,0,32,44772.0,0.0,44772.0,44772.0,8305045.0,0.0,8305045.0,8305045.0,0,BENIGN,0.98
8353548,3,0,0.0,0.0,0.0,0.0,0.0,0.0,0.0,0.0,0.0,0.0,0.0,0.3591288396259888,4176774.0,5839888.839802519,8306199.0,47349.0,8353548.0,4176774.0,5839888.839802519,8306199.0,47349.0,0.0,0.0,0.0,0.0,0.0,0,96,0,0.3591288396259888,0.0,0.0,0.0,0.0,0.0,0.0,0,0,0,3,0.0,0.0,0.0,0.0,3,0,0,0,126,0,0,32,47349.0,0.0,47349.0,47349.0,8306199.0,0.0,8306199.0,8306199.0,0,BENIGN,0.98
8357067,3,0,0.0,0.0,0.0,0.0,0.0,0.0,0.0,0.0,0.0,0.0,0.0,0.3589776173865783,4178533.5,5839917.831180546,8307979.0,49088.0,8357067.0,4178533.5,5839917.831180546,8307979.0,49088.0,0.0,0.0,0.0,0.0,0.0,0,96,0,0.3589776173865783,0.0,0.0,0.0,0.0,0.0,0.0,0,0,0,3,0.0,0.0,0.0,0.0,3,0,0,0,126,0,0,32,49088.0,0.0,49088.0,49088.0,8307979.0,0.0,8307979.0,8307979.0,0,BENIGN,0.98
8355390,3,0,0.0,0.0,0.0,0.0,0.0,0.0,0.0,0.0,0.0,0.0,0.0,0.3590496673404832,4177695.0,5838254.008924414,8305964.0,49426.0,8355390.0,4177695.0,5838254.008924414,8305964.0,49426.0,0.0,0.0,0.0,0.0,0.0,0,96,0,0.3590496673404832,0.0,0.0,0.0,0.0,0.0,0.0,0,0,0,3,0.0,0.0,0.0,0.0,3,0,0,0,126,0,0,32,49426.0,0.0,49426.0,49426.0,8305964.0,0.0,8305964.0,8305964.0,0,BENIGN,0.98
8358330,3,0,0.0,0.0,0.0,0.0,0.0,0.0,0.0,0.0,0.0,0.0,0.0,0.3589233734490023,4179165.0,5837606.299112848,8306976.0,51354.0,8358330.0,4179165.0,5837606.299112848,8306976.0,51354.0,0.0,0.0,0.0,0.0,0.0,0,96,0,0.3589233734490023,0.0,0.0,0.0,0.0,0.0,0.0,0,0,0,3,0.0,0.0,0.0,0.0,3,0,0,0,126,0,0,32,51354.0,0.0,51354.0,51354.0,8306976.0,0.0,8306976.0,8306976.0,0,BENIGN,0.98
8357969,3,0,0.0,0.0,0.0,0.0,0.0,0.0,0.0,0.0,0.0,0.0,0.0,0.3589388761791291,4178984.5,5838383.409465372,8307345.0,50624.0,8357969.0,4178984.5,5838383.409465372,8307345.0,50624.0,0.0,0.0,0.0,0.0,0.0,0,96,0,0.3589388761791291,0.0,0.0,0.0,0.0,0.0,0.0,0,0,0,3,0.0,0.0,0.0,0.0,3,0,0,0,126,0,0,32,50624.0,0.0,50624.0,50624.0,8307345.0,0.0,8307345.0,8307345.0,0,BENIGN,0.98
8358083,3,0,0.0,0.0,0.0,0.0,0.0,0.0,0.0,0.0,0.0,0.0,0.0,0.3589339804354658,4179041.5,5841223.150298617,8309410.0,48673.0,8358083.0,4179041.5,5841223.150298617,8309410.0,48673.0,0.0,0.0,0.0,0.0,0.0,0,96,0,0.3589339804354658,0.0,0.0,0.0,0.0,0.0,0.0,0,0,0,3,0.0,0.0,0.0,0.0,3,0,0,0,126,0,0,32,48673.0,0.0,48673.0,48673.0,8309410.0,0.0,8309410.0,8309410.0,0,BENIGN,0.98
8358086,3,0,0.0,0.0,0.0,0.0,0.0,0.0,0.0,0.0,0.0,0.0,0.0,0.3589338516019098,4179043.0,5840636.958777013,8308997.0,49089.0,8358086.0,4179043.0,5840636.958777013,8308997.0,49089.0,0.0,0.0,0.0,0.0,0.0,0,96,0,0.3589338516019098,0.0,0.0,0.0,0.0,0.0,0.0,0,0,0,3,0.0,0.0,0.0,0.0,3,0,0,0,126,0,0,32,49089.0,0.0,49089.0,49089.0,8308997.0,0.0,8308997.0,8308997.0,0,BENIGN,0.98
8358085,3,0,0.0,0.0,0.0,0.0,0.0,0.0,0.0,0.0,0.0,0.0,0.0,0.3589338945464181,4179042.5,5841224.564512179,8309412.0,48673.0,8358085.0,4179042.5,5841224.564512179,8309412.0,48673.0,0.0,0.0,0.0,0.0,0.0,0,96,0,0.3589338945464181,0.0,0.0,0.0,0.0,0.0,0.0,0,0,0,3,0.0,0.0,0.0,0.0,3,0,0,0,126,0,0,32,48673.0,0.0,48673.0,48673.0,8309412.0,0.0,8309412.0,8309412.0,0,BENIGN,0.98
8357736,3,0,0.0,0.0,0.0,0.0,0.0,0.0,0.0,0.0,0.0,0.0,0.0,0.3589488828074972,4178868.0,5841469.930565251,8309411.0,48325.0,8357736.0,4178868.0,5841469.930565251,8309411.0,48325.0,0.0,0.0,0.0,0.0,0.0,0,96,0,0.3589488828074972,0.0,0.0,0.0,0.0,0.0,0.0,0,0,0,3,0.0,0.0,0.0,0.0,3,0,0,0,126,0,0,32,48325.0,0.0,48325.0,48325.0,8309411.0,0.0,8309411.0,8309411.0,0,BENIGN,0.98
8358548,3,0,0.0,0.0,0.0,0.0,0.0,0.0,0.0,0.0,0.0,0.0,0.0,0.358914012338028,4179274.0,5839666.808273225,8308542.0,50006.0,8358548.0,4179274.0,5839666.808273225,8308542.0,50006.0,0.0,0.0,0.0,0.0,0.0,0,96,0,0.358914012338028,0.0,0.0,0.0,0.0,0.0,0.0,0,0,0,3,0.0,0.0,0.0,0.0,3,0,0,0,126,0,0,32,50006.0,0.0,50006.0,50006.0,8308542.0,0.0,8308542.0,8308542.0,0,BENIGN,0.98
8358086,3,0,0.0,0.0,0.0,0.0,0.0,0.0,0.0,0.0,0.0,0.0,0.0,0.3589338516019098,4179043.0,5840636.958777013,8308997.0,49089.0,8358086.0,4179043.0,5840636.958777013,8308997.0,49089.0,0.0,0.0,0.0,0.0,0.0,0,96,0,0.3589338516019098,0.0,0.0,0.0,0.0,0.0,0.0,0,0,0,3,0.0,0.0,0.0,0.0,3,0,0,0,126,0,0,32,49089.0,0.0,49089.0,49089.0,8308997.0,0.0,8308997.0,8308997.0,0,BENIGN,0.98
8350830,3,0,0.0,0.0,0.0,0.0,0.0,0.0,0.0,0.0,0.0,0.0,0.0,0.3592457276701837,4175415.0,5842035.6159902,8306358.0,44472.0,8350830.0,4175415.0,5842035.6159902,8306358.0,44472.0,0.0,0.0,0.0,0.0,0.0,0,96,0,0.3592457276701837,0.0,0.0,0.0,0.0,0.0,0.0,0,0,0,3,0.0,0.0,0.0,0.0,3,0,0,0,126,0,0,32,44472.0,0.0,44472.0,44472.0,8306358.0,0.0,8306358.0,8306358.0,0,BENIGN,0.98
8352092,3,0,0.0,0.0,0.0,0.0,0.0,0.0,0.0,0.0,0.0,0.0,0.0,0.3591914456880982,4176046.0,5841049.909137227,8306292.0,45800.0,8352092.0,4176046.0,5841049.909137227,8306292.0,45800.0,0.0,0.0,0.0,0.0,0.0,0,96,0,0.3591914456880982,0.0,0.0,0.0,0.0,0.0,0.0,0,0,0,3,0.0,0.0,0.0,0.0,3,0,0,0,126,0,0,32,45800.0,0.0,45800.0,45800.0,8306292.0,0.0,8306292.0,8306292.0,0,BENIGN,0.98
8359180,3,0,0.0,0.0,0.0,0.0,0.0,0.0,0.0,0.0,0.0,0.0,0.0,0.3588868764639594,4179590.0,5838207.339876857,8307826.0,51354.0,8359180.0,4179590.0,5838207.339876857,8307826.0,51354.0,0.0,0.0,0.0,0.0,0.0,0,96,0,0.3588868764639594,0.0,0.0,0.0,0.0,0.0,0.0,0,0,0,3,0.0,0.0,0.0,0.0,3,0,0,0,126,0,0,32,51354.0,0.0,51354.0,51354.0,8307826.0,0.0,8307826.0,8307826.0,0,BENIGN,0.98
8359181,3,0,0.0,0.0,0.0,0.0,0.0,0.0,0.0,0.0,0.0,0.0,0.0,0.3588868335307011,4179590.5,5838206.632770075,8307826.0,51355.0,8359181.0,4179590.5,5838206.632770075,8307826.0,51355.0,0.0,0.0,0.0,0.0,0.0,0,96,0,0.3588868335307011,0.0,0.0,0.0,0.0,0.0,0.0,0,0,0,3,0.0,0.0,0.0,0.0,3,0,0,0,126,0,0,32,51355.0,0.0,51355.0,51355.0,8307826.0,0.0,8307826.0,8307826.0,0,BENIGN,0.98
8307826,2,0,0.0,0.0,0.0,0.0,0.0,0.0,0.0,0.0,0.0,0.0,0.0,0.2407368666604235,8307826.0,0.0,8307826.0,8307826.0,8307826.0,8307826.0,0.0,8307826.0,8307826.0,0.0,0.0,0.0,0.0,0.0,0,64,0,0.2407368666604235,0.0,0.0,0.0,0.0,0.0,0.0,0,0,0,2,0.0,0.0,0.0,0.0,2,0,0,0,126,0,0,32,0.0,0.0,0.0,0.0,8307826.0,0.0,8307826.0,8307826.0,1,DoS GoldenEye,0.65
8355250,3,0,0.0,0.0,0.0,0.0,0.0,0.0,0.0,0.0,0.0,0.0,0.0,0.3590556835522576,4177625.0,5840197.138359115,8307268.0,47982.0,8355250.0,4177625.0,5840197.138359115,8307268.0,47982.0,0.0,0.0,0.0,0.0,0.0,0,96,0,0.3590556835522576,0.0,0.0,0.0,0.0,0.0,0.0,0,0,0,3,0.0,0.0,0.0,0.0,3,0,0,0,126,0,0,32,47982.0,0.0,47982.0,47982.0,8307268.0,0.0,8307268.0,8307268.0,0,BENIGN,0.98
8309695,2,0,0.0,0.0,0.0,0.0,0.0,0.0,0.0,0.0,0.0,0.0,0.0,0.2406827206052689,8309695.0,0.0,8309695.0,8309695.0,8309695.0,8309695.0,0.0,8309695.0,8309695.0,0.0,0.0,0.0,0.0,0.0,0,64,0,0.2406827206052689,0.0,0.0,0.0,0.0,0.0,0.0,0,0,0,2,0.0,0.0,0.0,0.0,2,0,0,0,126,0,0,32,0.0,0.0,0.0,0.0,8309695.0,0.0,8309695.0,8309695.0,1,DoS GoldenEye,0.65
8358829,3,0,0.0,0.0,0.0,0.0,0.0,0.0,0.0,0.0,0.0,0.0,0.0,0.3589019466721953,4179414.5,5839866.9194923015,8308824.0,50005.0,8358829.0,4179414.5,5839866.9194923015,8308824.0,50005.0,0.0,0.0,0.0,0.0,0.0,0,96,0,0.3589019466721953,0.0,0.0,0.0,0.0,0.0,0.0,0,0,0,3,0.0,0.0,0.0,0.0,3,0,0,0,126,0,0,32,50005.0,0.0,50005.0,50005.0,8308824.0,0.0,8308824.0,8308824.0,0,BENIGN,0.98
8359053,3,0,0.0,0.0,0.0,0.0,0.0,0.0,0.0,0.0,0.0,0.0,0.0,0.3588923290712477,4179526.5,5839147.084789054,8308427.0,50626.0,8359053.0,4179526.5,5839147.084789054,8308427.0,50626.0,0.0,0.0,0.0,0.0,0.0,0,96,0,0.3588923290712477,0.0,0.0,0.0,0.0,0.0,0.0,0,0,0,3,0.0,0.0,0.0,0.0,3,0,0,0,126,0,0,32,50626.0,0.0,50626.0,50626.0,8308427.0,0.0,8308427.0,8308427.0,0,BENIGN,0.98
8308059,2,0,0.0,0.0,0.0,0.0,0.0,0.0,0.0,0.0,0.0,0.0,0.0,0.2407301151809345,8308059.0,0.0,8308059.0,8308059.0,8308059.0,8308059.0,0.0,8308059.0,8308059.0,0.0,0.0,0.0,0.0,0.0,0,64,0,0.2407301151809345,0.0,0.0,0.0,0.0,0.0,0.0,0,0,0,2,0.0,0.0,0.0,0.0,2,0,0,0,126,0,0,32,0.0,0.0,0.0,0.0,8308059.0,0.0,8308059.0,8308059.0,1,DoS GoldenEye,0.65
8357435,3,0,0.0,0.0,0.0,0.0,0.0,0.0,0.0,0.0,0.0,0.0,0.0,0.3589618106512344,4178717.5,5838949.094890321,8307478.0,49957.0,8357435.0,4178717.5,5838949.094890321,8307478.0,49957.0,0.0,0.0,0.0,0.0,0.0,0,96,0,0.3589618106512344,0.0,0.0,0.0,0.0,0.0,0.0,0,0,0,3,0.0,0.0,0.0,0.0,3,0,0,0,126,0,0,32,49957.0,0.0,49957.0,49957.0,8307478.0,0.0,8307478.0,8307478.0,0,BENIGN,0.98
8359266,3,0,0.0,0.0,0.0,0.0,0.0,0.0,0.0,0.0,0.0,0.0,0.0,0.3588831842412958,4179633.0,5839860.555531271,8309038.0,50228.0,8359266.0,4179633.0,5839860.555531271,8309038.0,50228.0,0.0,0.0,0.0,0.0,0.0,0,96,0,0.3588831842412958,0.0,0.0,0.0,0.0,0.0,0.0,0,0,0,3,0.0,0.0,0.0,0.0,3,0,0,0,126,0,0,32,50228.0,0.0,50228.0,50228.0,8309038.0,0.0,8309038.0,8309038.0,0,BENIGN,0.98
8359267,3,0,0.0,0.0,0.0,0.0,0.0,0.0,0.0,0.0,0.0,0.0,0.0,0.358883141308921,4179633.5,5839298.405640228,8308641.0,50626.0,8359267.0,4179633.5,5839298.405640228,8308641.0,50626.0,0.0,0.0,0.0,0.0,0.0,0,96,0,0.358883141308921,0.0,0.0,0.0,0.0,0.0,0.0,0,0,0,3,0.0,0.0,0.0,0.0,3,0,0,0,126,0,0,32,50626.0,0.0,50626.0,50626.0,8308641.0,0.0,8308641.0,8308641.0,0,BENIGN,0.98
8359704,3,0,0.0,0.0,0.0,0.0,0.0,0.0,0.0,0.0,0.0,0.0,0.0,0.3588643808441064,4179852.0,5839607.411303606,8309078.0,50626.0,8359704.0,4179852.0,5839607.411303606,8309078.0,50626.0,0.0,0.0,0.0,0.0,0.0,0,96,0,0.3588643808441064,0.0,0.0,0.0,0.0,0.0,0.0,0,0,0,3,0.0,0.0,0.0,0.0,3,0,0,0,126,0,0,32,50626.0,0.0,50626.0,50626.0,8309078.0,0.0,8309078.0,8309078.0,0,BENIGN,0.98
8354862,3,0,0.0,0.0,0.0,0.0,0.0,0.0,0.0,0.0,0.0,0.0,0.0,0.3590723581071716,4177431.0,5841723.074792916,8308153.0,46709.0,8354862.0,4177431.0,5841723.074792916,8308153.0,46709.0,0.0,0.0,0.0,0.0,0.0,0,96,0,0.3590723581071716,0.0,0.0,0.0,0.0,0.0,0.0,0,0,0,3,0.0,0.0,0.0,0.0,3,0,0,0,126,0,0,32,46709.0,0.0,46709.0,46709.0,8308153.0,0.0,8308153.0,8308153.0,0,BENIGN,0.98
9333581,3,0,0.0,0.0,0.0,0.0,0.0,0.0,0.0,0.0,0.0,0.0,0.0,0.3214200423181627,4666790.5,6531428.665201244,9285208.0,48373.0,9333581.0,4666790.5,6531428.665201244,9285208.0,48373.0,0.0,0.0,0.0,0.0,0.0,0,96,0,0.3214200423181627,0.0,0.0,0.0,0.0,0.0,0.0,0,0,0,3,0.0,0.0,0.0,0.0,3,0,0,0,126,0,0,32,48373.0,0.0,48373.0,48373.0,9285208.0,0.0,9285208.0,9285208.0,0,BENIGN,0.96
9353058,3,0,0.0,0.0,0.0,0.0,0.0,0.0,0.0,0.0,0.0,0.0,0.0,0.3207507106231994,4676529.0,6551091.183465698,9308850.0,44208.0,9353058.0,4676529.0,6551091.183465698,9308850.0,44208.0,0.0,0.0,0.0,0.0,0.0,0,96,0,0.3207507106231994,0.0,0.0,0.0,0.0,0.0,0.0,0,0,0,3,0.0,0.0,0.0,0.0,3,0,0,0,126,0,0,32,44208.0,0.0,44208.0,44208.0,9308850.0,0.0,9308850.0,9308850.0,0,BENIGN,0.96
9293743,2,0,0.0,0.0,0.0,0.0,0.0,0.0,0.0,0.0,0.0,0.0,0.0,0.2151985480984357,9293743.0,0.0,9293743.0,9293743.0,9293743.0,9293743.0,0.0,9293743.0,9293743.0,0.0,0.0,0.0,0.0,0.0,0,64,0,0.2151985480984357,0.0,0.0,0.0,0.0,0.0,0.0,0,0,0,2,0.0,0.0,0.0,0.0,2,0,0,0,126,0,0,32,0.0,0.0,0.0,0.0,9293743.0,0.0,9293743.0,9293743.0,1,DoS GoldenEye,0.63
9339895,3,0,0.0,0.0,0.0,0.0,0.0,0.0,0.0,0.0,0.0,0.0,0.0,0.3212027544206867,4669947.5,6543576.759702029,9296955.0,42940.0,9339895.0,4669947.5,6543576.759702029,9296955.0,42940.0,0.0,0.0,0.0,0.0,0.0,0,96,0,0.3212027544206867,0.0,0.0,0.0,0.0,0.0,0.0,0,0,0,3,0.0,0.0,0.0,0.0,3,0,0,0,126,0,0,32,42940.0,0.0,42940.0,42940.0,9296955.0,0.0,9296955.0,9296955.0,0,BENIGN,0.96
9339674,3,0,0.0,0.0,0.0,0.0,0.0,0.0,0.0,0.0,0.0,0.0,0.0,0.3212103548796242,4669837.0,6544042.743070831,9297174.0,42500.0,9339674.0,4669837.0,6544042.743070831,9297174.0,42500.0,0.0,0.0,0.0,0.0,0.0,0,96,0,0.3212103548796242,0.0,0.0,0.0,0.0,0.0,0.0,0,0,0,3,0.0,0.0,0.0,0.0,3,0,0,0,126,0,0,32,42500.0,0.0,42500.0,42500.0,9297174.0,0.0,9297174.0,9297174.0,0,BENIGN,0.96
9334790,3,0,0.0,0.0,0.0,0.0,0.0,0.0,0.0,0.0,0.0,0.0,0.0,0.3213784134404737,4667395.0,6542581.860460899,9293699.0,41091.0,9334790.0,4667395.0,6542581.860460899,9293699.0,41091.0,0.0,0.0,0.0,0.0,0.0,0,96,0,0.3213784134404737,0.0,0.0,0.0,0.0,0.0,0.0,0,0,0,3,0.0,0.0,0.0,0.0,3,0,0,0,126,0,0,32,41091.0,0.0,41091.0,41091.0,9293699.0,0.0,9293699.0,9293699.0,0,BENIGN,0.96
9334791,3,0,0.0,0.0,0.0,0.0,0.0,0.0,0.0,0.0,0.0,0.0,0.0,0.3213783790124492,4667395.5,6542582.56756768,9293700.0,41091.0,9334791.0,4667395.5,6542582.56756768,9293700.0,41091.0,0.0,0.0,0.0,0.0,0.0,0,96,0,0.3213783790124492,0.0,0.0,0.0,0.0,0.0,0.0,0,0,0,3,0.0,0.0,0.0,0.0,3,0,0,0,126,0,0,32,41091.0,0.0,41091.0,41091.0,9293700.0,0.0,9293700.0,9293700.0,0,BENIGN,0.96
9339884,3,0,0.0,0.0,0.0,0.0,0.0,0.0,0.0,0.0,0.0,0.0,0.0,0.3212031327155669,4669942.0,6544191.23549488,9297384.0,42500.0,9339884.0,4669942.0,6544191.23549488,9297384.0,42500.0,0.0,0.0,0.0,0.0,0.0,0,96,0,0.3212031327155669,0.0,0.0,0.0,0.0,0.0,0.0,0,0,0,3,0.0,0.0,0.0,0.0,3,0,0,0,126,0,0,32,42500.0,0.0,42500.0,42500.0,9297384.0,0.0,9297384.0,9297384.0,0,BENIGN,0.96
9339885,3,0,0.0,0.0,0.0,0.0,0.0,0.0,0.0,0.0,0.0,0.0,0.0,0.3212030983250864,4669942.5,6544623.277738185,9297690.0,42195.0,9339885.0,4669942.5,6544623.277738185,9297690.0,42195.0,0.0,0.0,0.0,0.0,0.0,0,96,0,0.3212030983250864,0.0,0.0,0.0,0.0,0.0,0.0,0,0,0,3,0.0,0.0,0.0,0.0,3,0,0,0,126,0,0,32,42195.0,0.0,42195.0,42195.0,9297690.0,0.0,9297690.0,9297690.0,0,BENIGN,0.96
9344592,3,0,0.0,0.0,0.0,0.0,0.0,0.0,0.0,0.0,0.0,0.0,0.0,0.3210413038899932,4672296.0,6546359.224885997,9301271.0,43321.0,9344592.0,4672296.0,6546359.224885997,9301271.0,43321.0,0.0,0.0,0.0,0.0,0.0,0,96,0,0.3210413038899932,0.0,0.0,0.0,0.0,0.0,0.0,0,0,0,3,0.0,0.0,0.0,0.0,3,0,0,0,126,0,0,32,43321.0,0.0,43321.0,43321.0,9301271.0,0.0,9301271.0,9301271.0,0,BENIGN,0.96
9344966,3,0,0.0,0.0,0.0,0.0,0.0,0.0,0.0,0.0,0.0,0.0,0.0,0.3210284553202226,4672483.0,6546623.682822161,9301645.0,43321.0,9344966.0,4672483.0,6546623.682822161,9301645.0,43321.0,0.0,0.0,0.0,0.0,0.0,0,96,0,0.3210284553202226,0.0,0.0,0.0,0.0,0.0,0.0,0,0,0,3,0.0,0.0,0.0,0.0,3,0,0,0,126,0,0,32,43321.0,0.0,43321.0,43321.0,9301645.0,0.0,9301645.0,9301645.0,0,BENIGN,0.96
9344967,3,0,0.0,0.0,0.0,0.0,0.0,0.0,0.0,0.0,0.0,0.0,0.0,0.3210284209671366,4672483.5,6547023.198153532,9301928.0,43039.0,9344967.0,4672483.5,6547023.198153532,9301928.0,43039.0,0.0,0.0,0.0,0.0,0.0,0,96,0,0.3210284209671366,0.0,0.0,0.0,0.0,0.0,0.0,0,0,0,3,0.0,0.0,0.0,0.0,3,0,0,0,126,0,0,32,43039.0,0.0,43039.0,43039.0,9301928.0,0.0,9301928.0,9301928.0,0,BENIGN,0.96
9301645,2,0,0.0,0.0,0.0,0.0,0.0,0.0,0.0,0.0,0.0,0.0,0.0,0.2150157310884257,9301645.0,0.0,9301645.0,9301645.0,9301645.0,9301645.0,0.0,9301645.0,9301645.0,0.0,0.0,0.0,0.0,0.0,0,64,0,0.2150157310884257,0.0,0.0,0.0,0.0,0.0,0.0,0,0,0,2,0.0,0.0,0.0,0.0,2,0,0,0,126,0,0,32,0.0,0.0,0.0,0.0,9301645.0,0.0,9301645.0,9301645.0,1,DoS GoldenEye,0.63
9347191,3,0,0.0,0.0,0.0,0.0,0.0,0.0,0.0,0.0,0.0,0.0,0.0,0.3209520378903138,4673595.5,6551026.83674861,9305871.0,41320.0,9347191.0,4673595.5,6551026.83674861,9305871.0,41320.0,0.0,0.0,0.0,0.0,0.0,0,96,0,0.3209520378903138,0.0,0.0,0.0,0.0,0.0,0.0,0,0,0,3,0.0,0.0,0.0,0.0,3,0,0,0,126,0,0,32,41320.0,0.0,41320.0,41320.0,9305871.0,0.0,9305871.0,9305871.0,0,BENIGN,0.96
9335699,3,0,0.0,0.0,0.0,0.0,0.0,0.0,0.0,0.0,0.0,0.0,0.0,0.3213471214099769,4667849.5,6543226.03473856,9294609.0,41090.0,9335699.0,4667849.5,6543226.03473856,9294609.0,41090.0,0.0,0.0,0.0,0.0,0.0,0,96,0,0.3213471214099769,0.0,0.0,0.0,0.0,0.0,0.0,0,0,0,3,0.0,0.0,0.0,0.0,3,0,0,0,126,0,0,32,41090.0,0.0,41090.0,41090.0,9294609.0,0.0,9294609.0,9294609.0,0,BENIGN,0.96
9353224,3,0,0.0,0.0,0.0,0.0,0.0,0.0,0.0,0.0,0.0,0.0,0.0,0.3207450179745508,4676612.0,6552571.865065503,9309980.0,43244.0,9353224.0,4676612.0,6552571.865065503,9309980.0,43244.0,0.0,0.0,0.0,0.0,0.0,0,96,0,0.3207450179745508,0.0,0.0,0.0,0.0,0.0,0.0,0,0,0,3,0.0,0.0,0.0,0.0,3,0,0,0,126,0,0,32,43244.0,0.0,43244.0,43244.0,9309980.0,0.0,9309980.0,9309980.0,0,BENIGN,0.96
9350748,3,0,0.0,0.0,0.0,0.0,0.0,0.0,0.0,0.0,0.0,0.0,0.0,0.3208299485773758,4675374.0,6555070.780430216,9310509.0,40239.0,9350748.0,4675374.0,6555070.780430216,9310509.0,40239.0,0.0,0.0,0.0,0.0,0.0,0,96,0,0.3208299485773758,0.0,0.0,0.0,0.0,0.0,0.0,0,0,0,3,0.0,0.0,0.0,0.0,3,0,0,0,126,0,0,32,40239.0,0.0,40239.0,40239.0,9310509.0,0.0,9310509.0,9310509.0,0,BENIGN,0.96
9357916,3,0,0.0,0.0,0.0,0.0,0.0,0.0,0.0,0.0,0.0,0.0,0.0,0.3205841984476031,4678958.0,6550005.067449795,9310511.0,47405.0,9357916.0,4678958.0,6550005.067449795,9310511.0,47405.0,0.0,0.0,0.0,0.0,0.0,0,96,0,0.3205841984476031,0.0,0.0,0.0,0.0,0.0,0.0,0,0,0,3,0.0,0.0,0.0,0.0,3,0,0,0,126,0,0,32,47405.0,0.0,47405.0,47405.0,9310511.0,0.0,9310511.0,9310511.0,0,BENIGN,0.96
9353225,3,0,0.0,0.0,0.0,0.0,0.0,0.0,0.0,0.0,0.0,0.0,0.0,0.3207449836820989,4676612.5,6553320.691146779,9310510.0,42715.0,9353225.0,4676612.5,6553320.691146779,9310510.0,42715.0,0.0,0.0,0.0,0.0,0.0,0,96,0,0.3207449836820989,0.0,0.0,0.0,0.0,0.0,0.0,0,0,0,3,0.0,0.0,0.0,0.0,3,0,0,0,126,0,0,32,42715.0,0.0,42715.0,42715.0,9310510.0,0.0,9310510.0,9310510.0,0,BENIGN,0.96
9312943,2,0,0.0,0.0,0.0,0.0,0.0,0.0,0.0,0.0,0.0,0.0,0.0,0.2147548846803851,9312943.0,0.0,9312943.0,9312943.0,9312943.0,9312943.0,0.0,9312943.0,9312943.0,0.0,0.0,0.0,0.0,0.0,0,64,0,0.2147548846803851,0.0,0.0,0.0,0.0,0.0,0.0,0,0,0,2,0.0,0.0,0.0,0.0,2,0,0,0,126,0,0,32,0.0,0.0,0.0,0.0,9312943.0,0.0,9312943.0,9312943.0,1,DoS GoldenEye,0.63
9354513,3,0,0.0,0.0,0.0,0.0,0.0,0.0,0.0,0.0,0.0,0.0,0.0,0.3207008210903122,4677256.5,6556600.252397923,9313473.0,41040.0,9354513.0,4677256.5,6556600.252397923,9313473.0,41040.0,0.0,0.0,0.0,0.0,0.0,0,96,0,0.3207008210903122,0.0,0.0,0.0,0.0,0.0,0.0,0,0,0,3,0.0,0.0,0.0,0.0,3,0,0,0,126,0,0,32,41040.0,0.0,41040.0,41040.0,9313473.0,0.0,9313473.0,9313473.0,0,BENIGN,0.96
9353266,3,0,0.0,0.0,0.0,0.0,0.0,0.0,0.0,0.0,0.0,0.0,0.0,0.3207435776978865,4676633.0,6550965.318458647,9308865.0,44401.0,9353266.0,4676633.0,6550965.318458647,9308865.0,44401.0,0.0,0.0,0.0,0.0,0.0,0,96,0,0.3207435776978865,0.0,0.0,0.0,0.0,0.0,0.0,0,0,0,3,0.0,0.0,0.0,0.0,3,0,0,0,126,0,0,32,44401.0,0.0,44401.0,44401.0,9308865.0,0.0,9308865.0,9308865.0,0,BENIGN,0.96
9350479,3,0,0.0,0.0,0.0,0.0,0.0,0.0,0.0,0.0,0.0,0.0,0.0,0.3208391783993098,4675239.5,6552938.853484939,9308867.0,41612.0,9350479.0,4675239.5,6552938.853484939,9308867.0,41612.0,0.0,0.0,0.0,0.0,0.0,0,96,0,0.3208391783993098,0.0,0.0,0.0,0.0,0.0,0.0,0,0,0,3,0.0,0.0,0.0,0.0,3,0,0,0,126,0,0,32,41612.0,0.0,41612.0,41612.0,9308867.0,0.0,9308867.0,9308867.0,0,BENIGN,0.96
9337156,3,0,0.0,0.0,0.0,0.0,0.0,0.0,0.0,0.0,0.0,0.0,0.0,0.3212969773665557,4668578.0,6534690.548782857,9289302.0,47854.0,9337156.0,4668578.0,6534690.548782857,9289302.0,47854.0,0.0,0.0,0.0,0.0,0.0,0,96,0,0.3212969773665557,0.0,0.0,0.0,0.0,0.0,0.0,0,0,0,3,0.0,0.0,0.0,0.0,3,0,0,0,126,0,0,32,47854.0,0.0,47854.0,47854.0,9289302.0,0.0,9289302.0,9289302.0,0,BENIGN,0.96
9308866,2,0,0.0,0.0,0.0,0.0,0.0,0.0,0.0,0.0,0.0,0.0,0.0,0.2148489407839794,9308866.0,0.0,9308866.0,9308866.0,9308866.0,9308866.0,0.0,9308866.0,9308866.0,0.0,0.0,0.0,0.0,0.0,0,64,0,0.2148489407839794,0.0,0.0,0.0,0.0,0.0,0.0,0,0,0,2,0.0,0.0,0.0,0.0,2,0,0,0,126,0,0,32,0.0,0.0,0.0,0.0,9308866.0,0.0,9308866.0,9308866.0,1,DoS GoldenEye,0.63
9377660,2,0,0.0,0.0,0.0,0.0,0.0,0.0,0.0,0.0,0.0,0.0,0.0,0.2132728207249996,9377660.0,0.0,9377660.0,9377660.0,9377660.0,9377660.0,0.0,9377660.0,9377660.0,0.0,0.0,0.0,0.0,0.0,0,64,0,0.2132728207249996,0.0,0.0,0.0,0.0,0.0,0.0,0,0,0,2,0.0,0.0,0.0,0.0,2,0,0,0,126,0,0,32,0.0,0.0,0.0,0.0,9377660.0,0.0,9377660.0,9377660.0,1,DoS GoldenEye,0.63
9419546,3,0,0.0,0.0,0.0,0.0,0.0,0.0,0.0,0.0,0.0,0.0,0.0,0.3184866871503148,4709773.0,6601389.103025059,9377660.0,41886.0,9419546.0,4709773.0,6601389.103025059,9377660.0,41886.0,0.0,0.0,0.0,0.0,0.0,0,96,0,0.3184866871503148,0.0,0.0,0.0,0.0,0.0,0.0,0,0,0,3,0.0,0.0,0.0,0.0,3,0,0,0,126,0,0,32,41886.0,0.0,41886.0,41886.0,9377660.0,0.0,9377660.0,9377660.0,0,BENIGN,0.96
9418051,3,0,0.0,0.0,0.0,0.0,0.0,0.0,0.0,0.0,0.0,0.0,0.0,0.3185372430028251,4709025.5,6602467.440866369,9377675.0,40376.0,9418051.0,4709025.5,6602467.440866369,9377675.0,40376.0,0.0,0.0,0.0,0.0,0.0,0,96,0,0.3185372430028251,0.0,0.0,0.0,0.0,0.0,0.0,0,0,0,3,0.0,0.0,0.0,0.0,3,0,0,0,126,0,0,32,40376.0,0.0,40376.0,40376.0,9377675.0,0.0,9377675.0,9377675.0,0,BENIGN,0.96
9419824,3,0,0.0,0.0,0.0,0.0,0.0,0.0,0.0,0.0,0.0,0.0,0.0,0.3184772878983726,4709912.0,6600822.003386548,9377398.0,42426.0,9419824.0,4709912.0,6600822.003386548,9377398.0,42426.0,0.0,0.0,0.0,0.0,0.0,0,96,0,0.3184772878983726,0.0,0.0,0.0,0.0,0.0,0.0,0,0,0,3,0.0,0.0,0.0,0.0,3,0,0,0,126,0,0,32,42426.0,0.0,42426.0,42426.0,9377398.0,0.0,9377398.0,9377398.0,0,BENIGN,0.96
9424019,3,0,0.0,0.0,0.0,0.0,0.0,0.0,0.0,0.0,0.0,0.0,0.0,0.3183355211826292,4712009.5,6601705.17975625,9380120.0,43899.0,9424019.0,4712009.5,6601705.17975625,9380120.0,43899.0,0.0,0.0,0.0,0.0,0.0,0,96,0,0.3183355211826292,0.0,0.0,0.0,0.0,0.0,0.0,0,0,0,3,0.0,0.0,0.0,0.0,3,0,0,0,126,0,0,32,43899.0,0.0,43899.0,43899.0,9380120.0,0.0,9380120.0,9380120.0,0,BENIGN,0.96
9427529,3,0,0.0,0.0,0.0,0.0,0.0,0.0,0.0,0.0,0.0,0.0,0.0,0.3182170004462463,4713764.5,6606331.072318772,9385146.0,42383.0,9427529.0,4713764.5,6606331.072318772,9385146.0,42383.0,0.0,0.0,0.0,0.0,0.0,0,96,0,0.3182170004462463,0.0,0.0,0.0,0.0,0.0,0.0,0,0,0,3,0.0,0.0,0.0,0.0,3,0,0,0,126,0,0,32,42383.0,0.0,42383.0,42383.0,9385146.0,0.0,9385146.0,9385146.0,0,BENIGN,0.96
9421637,3,0,0.0,0.0,0.0,0.0,0.0,0.0,0.0,0.0,0.0,0.0,0.0,0.3184160035034251,4710818.5,6599538.604578694,9377397.0,44240.0,9421637.0,4710818.5,6599538.604578694,9377397.0,44240.0,0.0,0.0,0.0,0.0,0.0,0,96,0,0.3184160035034251,0.0,0.0,0.0,0.0,0.0,0.0,0,0,0,3,0.0,0.0,0.0,0.0,3,0,0,0,126,0,0,32,44240.0,0.0,44240.0,44240.0,9377397.0,0.0,9377397.0,9377397.0,0,BENIGN,0.96
9427955,3,0,0.0,0.0,0.0,0.0,0.0,0.0,0.0,0.0,0.0,0.0,0.0,0.3182026218835367,4713977.5,6606031.259043549,9385147.0,42808.0,9427955.0,4713977.5,6606031.259043549,9385147.0,42808.0,0.0,0.0,0.0,0.0,0.0,0,96,0,0.3182026218835367,0.0,0.0,0.0,0.0,0.0,0.0,0,0,0,3,0.0,0.0,0.0,0.0,3,0,0,0,126,0,0,32,42808.0,0.0,42808.0,42808.0,9385147.0,0.0,9385147.0,9385147.0,0,BENIGN,0.96
9432247,3,0,0.0,0.0,0.0,0.0,0.0,0.0,0.0,0.0,0.0,0.0,0.0,0.3180578286382873,4716123.5,6608518.860699764,9389052.0,43195.0,9432247.0,4716123.5,6608518.860699764,9389052.0,43195.0,0.0,0.0,0.0,0.0,0.0,0,96,0,0.3180578286382873,0.0,0.0,0.0,0.0,0.0,0.0,0,0,0,3,0.0,0.0,0.0,0.0,3,0,0,0,126,0,0,32,43195.0,0.0,43195.0,43195.0,9389052.0,0.0,9389052.0,9389052.0,0,BENIGN,0.96
9423627,3,0,0.0,0.0,0.0,0.0,0.0,0.0,0.0,0.0,0.0,0.0,0.0,0.3183487631673027,4711813.5,6601985.1940416,9380122.0,43505.0,9423627.0,4711813.5,6601985.1940416,9380122.0,43505.0,0.0,0.0,0.0,0.0,0.0,0,96,0,0.3183487631673027,0.0,0.0,0.0,0.0,0.0,0.0,0,0,0,3,0.0,0.0,0.0,0.0,3,0,0,0,126,0,0,32,43505.0,0.0,43505.0,43505.0,9380122.0,0.0,9380122.0,9380122.0,0,BENIGN,0.96
9425839,3,0,0.0,0.0,0.0,0.0,0.0,0.0,0.0,0.0,0.0,0.0,0.0,0.3182740549674145,4712919.5,6607595.379243534,9385195.0,40644.0,9425839.0,4712919.5,6607595.379243534,9385195.0,40644.0,0.0,0.0,0.0,0.0,0.0,0,96,0,0.3182740549674145,0.0,0.0,0.0,0.0,0.0,0.0,0,0,0,3,0.0,0.0,0.0,0.0,3,0,0,0,126,0,0,32,40644.0,0.0,40644.0,40644.0,9385195.0,0.0,9385195.0,9385195.0,0,BENIGN,0.96
9432295,3,0,0.0,0.0,0.0,0.0,0.0,0.0,0.0,0.0,0.0,0.0,0.0,0.3180562100740063,4716147.5,6607988.530613873,9388701.0,43594.0,9432295.0,4716147.5,6607988.530613873,9388701.0,43594.0,0.0,0.0,0.0,0.0,0.0,0,96,0,0.3180562100740063,0.0,0.0,0.0,0.0,0.0,0.0,0,0,0,3,0.0,0.0,0.0,0.0,3,0,0,0,126,0,0,32,43594.0,0.0,43594.0,43594.0,9388701.0,0.0,9388701.0,9388701.0,0,BENIGN,0.96
9430827,3,0,0.0,0.0,0.0,0.0,0.0,0.0,0.0,0.0,0.0,0.0,0.0,0.3181057186183141,4715413.5,6609590.834580042,9389100.0,41727.0,9430827.0,4715413.5,6609590.834580042,9389100.0,41727.0,0.0,0.0,0.0,0.0,0.0,0,96,0,0.3181057186183141,0.0,0.0,0.0,0.0,0.0,0.0,0,0,0,3,0.0,0.0,0.0,0.0,3,0,0,0,126,0,0,32,41727.0,0.0,41727.0,41727.0,9389100.0,0.0,9389100.0,9389100.0,0,BENIGN,0.96
9432296,3,0,0.0,0.0,0.0,0.0,0.0,0.0,0.0,0.0,0.0,0.0,0.0,0.3180561763540924,4716148.0,6607989.237720654,9388702.0,43594.0,9432296.0,4716148.0,6607989.237720654,9388702.0,43594.0,0.0,0.0,0.0,0.0,0.0,0,96,0,0.3180561763540924,0.0,0.0,0.0,0.0,0.0,0.0,0,0,0,3,0.0,0.0,0.0,0.0,3,0,0,0,126,0,0,32,43594.0,0.0,43594.0,43594.0,9388702.0,0.0,9388702.0,9388702.0,0,BENIGN,0.96
9439247,3,0,0.0,0.0,0.0,0.0,0.0,0.0,0.0,0.0,0.0,0.0,0.0,0.3178219618577625,4719623.5,6608923.325778603,9392838.0,46409.0,9439247.0,4719623.5,6608923.325778603,9392838.0,46409.0,0.0,0.0,0.0,0.0,0.0,0,96,0,0.3178219618577625,0.0,0.0,0.0,0.0,0.0,0.0,0,0,0,3,0.0,0.0,0.0,0.0,3,0,0,0,126,0,0,32,46409.0,0.0,46409.0,46409.0,9392838.0,0.0,9392838.0,9392838.0,0,BENIGN,0.96
9439460,3,0,0.0,0.0,0.0,0.0,0.0,0.0,0.0,0.0,0.0,0.0,0.0,0.3178147902528322,4719730.0,6608772.71203421,9392838.0,46622.0,9439460.0,4719730.0,6608772.71203421,9392838.0,46622.0,0.0,0.0,0.0,0.0,0.0,0,96,0,0.3178147902528322,0.0,0.0,0.0,0.0,0.0,0.0,0,0,0,3,0.0,0.0,0.0,0.0,3,0,0,0,126,0,0,32,46622.0,0.0,46622.0,46622.0,9392838.0,0.0,9392838.0,9392838.0,0,BENIGN,0.96
9439247,3,0,0.0,0.0,0.0,0.0,0.0,0.0,0.0,0.0,0.0,0.0,0.0,0.3178219618577625,4719623.5,6608924.739992165,9392839.0,46408.0,9439247.0,4719623.5,6608924.739992165,9392839.0,46408.0,0.0,0.0,0.0,0.0,0.0,0,96,0,0.3178219618577625,0.0,0.0,0.0,0.0,0.0,0.0,0,0,0,3,0.0,0.0,0.0,0.0,3,0,0,0,126,0,0,32,46408.0,0.0,46408.0,46408.0,9392839.0,0.0,9392839.0,9392839.0,0,BENIGN,0.96
9439248,3,0,0.0,0.0,0.0,0.0,0.0,0.0,0.0,0.0,0.0,0.0,0.0,0.3178219281874997,4719624.0,6608925.447098946,9392840.0,46408.0,9439248.0,4719624.0,6608925.447098946,9392840.0,46408.0,0.0,0.0,0.0,0.0,0.0,0,96,0,0.3178219281874997,0.0,0.0,0.0,0.0,0.0,0.0,0,0,0,3,0.0,0.0,0.0,0.0,3,0,0,0,126,0,0,32,46408.0,0.0,46408.0,46408.0,9392840.0,0.0,9392840.0,9392840.0,0,BENIGN,0.96
9446488,3,0,0.0,0.0,0.0,0.0,0.0,0.0,0.0,0.0,0.0,0.0,0.0,0.317578342342678,4723244.0,6620824.640012753,9404874.0,41614.0,9446488.0,4723244.0,6620824.640012753,9404874.0,41614.0,0.0,0.0,0.0,0.0,0.0,0,96,0,0.317578342342678,0.0,0.0,0.0,0.0,0.0,0.0,0,0,0,3,0.0,0.0,0.0,0.0,3,0,0,0,126,0,0,32,41614.0,0.0,41614.0,41614.0,9404874.0,0.0,9404874.0,9404874.0,0,BENIGN,0.96
9447025,3,0,0.0,0.0,0.0,0.0,0.0,0.0,0.0,0.0,0.0,0.0,0.0,0.3175602901442517,4723512.5,6620447.752098381,9404876.0,42149.0,9447025.0,4723512.5,6620447.752098381,9404876.0,42149.0,0.0,0.0,0.0,0.0,0.0,0,96,0,0.3175602901442517,0.0,0.0,0.0,0.0,0.0,0.0,0,0,0,3,0.0,0.0,0.0,0.0,3,0,0,0,126,0,0,32,42149.0,0.0,42149.0,42149.0,9404876.0,0.0,9404876.0,9404876.0,0,BENIGN,0.96
9451939,3,0,0.0,0.0,0.0,0.0,0.0,0.0,0.0,0.0,0.0,0.0,0.0,0.3173951926689328,4725969.5,6622802.417679732,9408998.0,42941.0,9451939.0,4725969.5,6622802.417679732,9408998.0,42941.0,0.0,0.0,0.0,0.0,0.0,0,96,0,0.3173951926689328,0.0,0.0,0.0,0.0,0.0,0.0,0,0,0,3,0.0,0.0,0.0,0.0,3,0,0,0,126,0,0,32,42941.0,0.0,42941.0,42941.0,9408998.0,0.0,9408998.0,9408998.0,0,BENIGN,0.96
9454189,3,0,0.0,0.0,0.0,0.0,0.0,0.0,0.0,0.0,0.0,0.0,0.0,0.3173196558689486,4727094.5,6625616.702668854,9412113.0,42076.0,9454189.0,4727094.5,6625616.702668854,9412113.0,42076.0,0.0,0.0,0.0,0.0,0.0,0,96,0,0.3173196558689486,0.0,0.0,0.0,0.0,0.0,0.0,0,0,0,3,0.0,0.0,0.0,0.0,3,0,0,0,126,0,0,32,42076.0,0.0,42076.0,42076.0,9412113.0,0.0,9412113.0,9412113.0,0,BENIGN,0.96
9458090,3,0,0.0,0.0,0.0,0.0,0.0,0.0,0.0,0.0,0.0,0.0,0.0,0.3171887770152324,4729045.0,6629107.688847573,9416532.0,41558.0,9458090.0,4729045.0,6629107.688847573,9416532.0,41558.0,0.0,0.0,0.0,0.0,0.0,0,96,0,0.3171887770152324,0.0,0.0,0.0,0.0,0.0,0.0,0,0,0,3,0.0,0.0,0.0,0.0,3,0,0,0,126,0,0,32,41558.0,0.0,41558.0,41558.0,9416532.0,0.0,9416532.0,9416532.0,0,BENIGN,0.96
9416533,2,0,0.0,0.0,0.0,0.0,0.0,0.0,0.0,0.0,0.0,0.0,0.0,0.2123923953752405,9416533.0,0.0,9416533.0,9416533.0,9416533.0,9416533.0,0.0,9416533.0,9416533.0,0.0,0.0,0.0,0.0,0.0,0,64,0,0.2123923953752405,0.0,0.0,0.0,0.0,0.0,0.0,0,0,0,2,0.0,0.0,0.0,0.0,2,0,0,0,126,0,0,32,0.0,0.0,0.0,0.0,9416533.0,0.0,9416533.0,9416533.0,1,DoS GoldenEye,0.6
9454191,3,0,0.0,0.0,0.0,0.0,0.0,0.0,0.0,0.0,0.0,0.0,0.0,0.3173195887411202,4727095.5,6625616.702668854,9412114.0,42077.0,9454191.0,4727095.5,6625616.702668854,9412114.0,42077.0,0.0,0.0,0.0,0.0,0.0,0,96,0,0.3173195887411202,0.0,0.0,0.0,0.0,0.0,0.0,0,0,0,3,0.0,0.0,0.0,0.0,3,0,0,0,126,0,0,32,42077.0,0.0,42077.0,42077.0,9412114.0,0.0,9412114.0,9412114.0,0,BENIGN,0.96
9458091,3,0,0.0,0.0,0.0,0.0,0.0,0.0,0.0,0.0,0.0,0.0,0.0,0.3171887434789959,4729045.5,6629108.395954354,9416533.0,41558.0,9458091.0,4729045.5,6629108.395954354,9416533.0,41558.0,0.0,0.0,0.0,0.0,0.0,0,96,0,0.3171887434789959,0.0,0.0,0.0,0.0,0.0,0.0,0,0,0,3,0.0,0.0,0.0,0.0,3,0,0,0,126,0,0,32,41558.0,0.0,41558.0,41558.0,9416533.0,0.0,9416533.0,9416533.0,0,BENIGN,0.96
9460511,3,0,0.0,0.0,0.0,0.0,0.0,0.0,0.0,0.0,0.0,0.0,0.0,0.3171076065552907,4730255.5,6627473.56507625,9416587.0,43924.0,9460511.0,4730255.5,6627473.56507625,9416587.0,43924.0,0.0,0.0,0.0,0.0,0.0,0,96,0,0.3171076065552907,0.0,0.0,0.0,0.0,0.0,0.0,0,0,0,3,0.0,0.0,0.0,0.0,3,0,0,0,126,0,0,32,43924.0,0.0,43924.0,43924.0,9416587.0,0.0,9416587.0,9416587.0,0,BENIGN,0.96
9460078,3,0,0.0,0.0,0.0,0.0,0.0,0.0,0.0,0.0,0.0,0.0,0.0,0.3171221209803979,4730039.0,6627781.156526066,9416588.0,43490.0,9460078.0,4730039.0,6627781.156526066,9416588.0,43490.0,0.0,0.0,0.0,0.0,0.0,0,96,0,0.3171221209803979,0.0,0.0,0.0,0.0,0.0,0.0,0,0,0,3,0.0,0.0,0.0,0.0,3,0,0,0,126,0,0,32,43490.0,0.0,43490.0,43490.0,9416588.0,0.0,9416588.0,9416588.0,0,BENIGN,0.96
9460512,3,0,0.0,0.0,0.0,0.0,0.0,0.0,0.0,0.0,0.0,0.0,0.0,0.3171075730362162,4730256.0,6627475.686396593,9416589.0,43923.0,9460512.0,4730256.0,6627475.686396593,9416589.0,43923.0,0.0,0.0,0.0,0.0,0.0,0,96,0,0.3171075730362162,0.0,0.0,0.0,0.0,0.0,0.0,0,0,0,3,0.0,0.0,0.0,0.0,3,0,0,0,126,0,0,32,43923.0,0.0,43923.0,43923.0,9416589.0,0.0,9416589.0,9416589.0,0,BENIGN,0.96
9468611,3,0,0.0,0.0,0.0,0.0,0.0,0.0,0.0,0.0,0.0,0.0,0.0,0.3168363342838776,4734305.5,6628698.274021265,9421503.0,47108.0,9468611.0,4734305.5,6628698.274021265,9421503.0,47108.0,0.0,0.0,0.0,0.0,0.0,0,96,0,0.3168363342838776,0.0,0.0,0.0,0.0,0.0,0.0,0,0,0,3,0.0,0.0,0.0,0.0,3,0,0,0,126,0,0,32,47108.0,0.0,47108.0,47108.0,9421503.0,0.0,9421503.0,9421503.0,0,BENIGN,0.96
9462463,3,0,0.0,0.0,0.0,0.0,0.0,0.0,0.0,0.0,0.0,0.0,0.0,0.3170421908122652,4731231.5,6632598.67502629,9421187.0,41276.0,9462463.0,4731231.5,6632598.67502629,9421187.0,41276.0,0.0,0.0,0.0,0.0,0.0,0,96,0,0.3170421908122652,0.0,0.0,0.0,0.0,0.0,0.0,0,0,0,3,0.0,0.0,0.0,0.0,3,0,0,0,126,0,0,32,41276.0,0.0,41276.0,41276.0,9421187.0,0.0,9421187.0,9421187.0,0,BENIGN,0.96
9466425,3,0,0.0,0.0,0.0,0.0,0.0,0.0,0.0,0.0,0.0,0.0,0.0,0.3169094985699459,4733212.5,6630245.423658501,9421504.0,44921.0,9466425.0,4733212.5,6630245.423658501,9421504.0,44921.0,0.0,0.0,0.0,0.0,0.0,0,96,0,0.3169094985699459,0.0,0.0,0.0,0.0,0.0,0.0,0,0,0,3,0.0,0.0,0.0,0.0,3,0,0,0,126,0,0,32,44921.0,0.0,44921.0,44921.0,9421504.0,0.0,9421504.0,9421504.0,0,BENIGN,0.96
9468311,3,0,0.0,0.0,0.0,0.0,0.0,0.0,0.0,0.0,0.0,0.0,0.0,0.3168463731282168,4734155.5,6628911.820269183,9421504.0,46807.0,9468311.0,4734155.5,6628911.820269183,9421504.0,46807.0,0.0,0.0,0.0,0.0,0.0,0,96,0,0.3168463731282168,0.0,0.0,0.0,0.0,0.0,0.0,0,0,0,3,0.0,0.0,0.0,0.0,3,0,0,0,126,0,0,32,46807.0,0.0,46807.0,46807.0,9421504.0,0.0,9421504.0,9421504.0,0,BENIGN,0.96
9421505,2,0,0.0,0.0,0.0,0.0,0.0,0.0,0.0,0.0,0.0,0.0,0.0,0.212280309780656,9421505.0,0.0,9421505.0,9421505.0,9421505.0,9421505.0,0.0,9421505.0,9421505.0,0.0,0.0,0.0,0.0,0.0,0,64,0,0.212280309780656,0.0,0.0,0.0,0.0,0.0,0.0,0,0,0,2,0.0,0.0,0.0,0.0,2,0,0,0,126,0,0,32,0.0,0.0,0.0,0.0,9421505.0,0.0,9421505.0,9421505.0,1,DoS GoldenEye,0.6
9468326,3,0,0.0,0.0,0.0,0.0,0.0,0.0,0.0,0.0,0.0,0.0,0.0,0.3168458711708912,4734163.0,6628923.841084464,9421520.0,46806.0,9468326.0,4734163.0,6628923.841084464,9421520.0,46806.0,0.0,0.0,0.0,0.0,0.0,0,96,0,0.3168458711708912,0.0,0.0,0.0,0.0,0.0,0.0,0,0,0,3,0.0,0.0,0.0,0.0,3,0,0,0,126,0,0,32,46806.0,0.0,46806.0,46806.0,9421520.0,0.0,9421520.0,9421520.0,0,BENIGN,0.96
9468626,3,0,0.0,0.0,0.0,0.0,0.0,0.0,0.0,0.0,0.0,0.0,0.0,0.316835832358359,4734313.0,6628711.709050108,9421520.0,47106.0,9468626.0,4734313.0,6628711.709050108,9421520.0,47106.0,0.0,0.0,0.0,0.0,0.0,0,96,0,0.316835832358359,0.0,0.0,0.0,0.0,0.0,0.0,0,0,0,3,0.0,0.0,0.0,0.0,3,0,0,0,126,0,0,32,47106.0,0.0,47106.0,47106.0,9421520.0,0.0,9421520.0,9421520.0,0,BENIGN,0.96
9467995,3,0,0.0,0.0,0.0,0.0,0.0,0.0,0.0,0.0,0.0,0.0,0.0,0.3168569480655619,4733997.5,6629157.893429036,9421520.0,46475.0,9467995.0,4733997.5,6629157.893429036,9421520.0,46475.0,0.0,0.0,0.0,0.0,0.0,0,96,0,0.3168569480655619,0.0,0.0,0.0,0.0,0.0,0.0,0,0,0,3,0.0,0.0,0.0,0.0,3,0,0,0,126,0,0,32,46475.0,0.0,46475.0,46475.0,9421520.0,0.0,9421520.0,9421520.0,0,BENIGN,0.96
9474852,3,0,0.0,0.0,0.0,0.0,0.0,0.0,0.0,0.0,0.0,0.0,0.0,0.316627637033275,4737426.0,6639991.476423595,9432609.0,42243.0,9474852.0,4737426.0,6639991.476423595,9432609.0,42243.0,0.0,0.0,0.0,0.0,0.0,0,96,0,0.316627637033275,0.0,0.0,0.0,0.0,0.0,0.0,0,0,0,3,0.0,0.0,0.0,0.0,3,0,0,0,126,0,0,32,42243.0,0.0,42243.0,42243.0,9432609.0,0.0,9432609.0,9432609.0,0,BENIGN,0.96
9474851,3,0,0.0,0.0,0.0,0.0,0.0,0.0,0.0,0.0,0.0,0.0,0.0,0.3166276704509654,4737425.5,6639992.183530376,9432609.0,42242.0,9474851.0,4737425.5,6639992.183530376,9432609.0,42242.0,0.0,0.0,0.0,0.0,0.0,0,96,0,0.3166276704509654,0.0,0.0,0.0,0.0,0.0,0.0,0,0,0,3,0.0,0.0,0.0,0.0,3,0,0,0,126,0,0,32,42242.0,0.0,42242.0,42242.0,9432609.0,0.0,9432609.0,9432609.0,0,BENIGN,0.96
9474853,3,0,0.0,0.0,0.0,0.0,0.0,0.0,0.0,0.0,0.0,0.0,0.0,0.3166276036155917,4737426.5,6640364.121697281,9432873.0,41980.0,9474853.0,4737426.5,6640364.121697281,9432873.0,41980.0,0.0,0.0,0.0,0.0,0.0,0,96,0,0.3166276036155917,0.0,0.0,0.0,0.0,0.0,0.0,0,0,0,3,0.0,0.0,0.0,0.0,3,0,0,0,126,0,0,32,41980.0,0.0,41980.0,41980.0,9432873.0,0.0,9432873.0,9432873.0,0,BENIGN,0.96
9475168,3,0,0.0,0.0,0.0,0.0,0.0,0.0,0.0,0.0,0.0,0.0,0.0,0.3166170773964113,4737584.0,6639233.457954164,9432231.0,42937.0,9475168.0,4737584.0,6639233.457954164,9432231.0,42937.0,0.0,0.0,0.0,0.0,0.0,0,96,0,0.3166170773964113,0.0,0.0,0.0,0.0,0.0,0.0,0,0,0,3,0.0,0.0,0.0,0.0,3,0,0,0,126,0,0,32,42937.0,0.0,42937.0,42937.0,9432231.0,0.0,9432231.0,9432231.0,0,BENIGN,0.96
9477847,3,0,0.0,0.0,0.0,0.0,0.0,0.0,0.0,0.0,0.0,0.0,0.0,0.3165275826883468,4738923.5,6641615.700699981,9435255.0,42592.0,9477847.0,4738923.5,6641615.700699981,9435255.0,42592.0,0.0,0.0,0.0,0.0,0.0,0,96,0,0.3165275826883468,0.0,0.0,0.0,0.0,0.0,0.0,0,0,0,3,0.0,0.0,0.0,0.0,3,0,0,0,126,0,0,32,42592.0,0.0,42592.0,42592.0,9435255.0,0.0,9435255.0,9435255.0,0,BENIGN,0.96
9481148,3,0,0.0,0.0,0.0,0.0,0.0,0.0,0.0,0.0,0.0,0.0,0.0,0.3164173789925018,4740574.0,6639345.180825591,9435300.0,45848.0,9481148.0,4740574.0,6639345.180825591,9435300.0,45848.0,0.0,0.0,0.0,0.0,0.0,0,96,0,0.3164173789925018,0.0,0.0,0.0,0.0,0.0,0.0,0,0,0,3,0.0,0.0,0.0,0.0,3,0,0,0,126,0,0,32,45848.0,0.0,45848.0,45848.0,9435300.0,0.0,9435300.0,9435300.0,0,BENIGN,0.96
9475573,3,0,0.0,0.0,0.0,0.0,0.0,0.0,0.0,0.0,0.0,0.0,0.0,0.3166035447143935,4737786.5,6639012.133531652,9432277.0,43296.0,9475573.0,4737786.5,6639012.133531652,9432277.0,43296.0,0.0,0.0,0.0,0.0,0.0,0,96,0,0.3166035447143935,0.0,0.0,0.0,0.0,0.0,0.0,0,0,0,3,0.0,0.0,0.0,0.0,3,0,0,0,126,0,0,32,43296.0,0.0,43296.0,43296.0,9432277.0,0.0,9432277.0,9432277.0,0,BENIGN,0.96
9487218,3,0,0.0,0.0,0.0,0.0,0.0,0.0,0.0,0.0,0.0,0.0,0.0,0.316214932554517,4743609.0,6648585.652242137,9444869.0,42349.0,9487218.0,4743609.0,6648585.652242137,9444869.0,42349.0,0.0,0.0,0.0,0.0,0.0,0,96,0,0.316214932554517,0.0,0.0,0.0,0.0,0.0,0.0,0,0,0,3,0.0,0.0,0.0,0.0,3,0,0,0,126,0,0,32,42349.0,0.0,42349.0,42349.0,9444869.0,0.0,9444869.0,9444869.0,0,BENIGN,0.96
9482545,3,0,0.0,0.0,0.0,0.0,0.0,0.0,0.0,0.0,0.0,0.0,0.0,0.3163707633341049,4741272.5,6638699.592334367,9435542.0,47003.0,9482545.0,4741272.5,6638699.592334367,9435542.0,47003.0,0.0,0.0,0.0,0.0,0.0,0,96,0,0.3163707633341049,0.0,0.0,0.0,0.0,0.0,0.0,0,0,0,3,0.0,0.0,0.0,0.0,3,0,0,0,126,0,0,32,47003.0,0.0,47003.0,47003.0,9435542.0,0.0,9435542.0,9435542.0,0,BENIGN,0.96
9485362,3,0,0.0,0.0,0.0,0.0,0.0,0.0,0.0,0.0,0.0,0.0,0.0,0.3162768063042823,4742681.0,6650316.6496424815,9445165.0,40197.0,9485362.0,4742681.0,6650316.6496424815,9445165.0,40197.0,0.0,0.0,0.0,0.0,0.0,0,96,0,0.3162768063042823,0.0,0.0,0.0,0.0,0.0,0.0,0,0,0,3,0.0,0.0,0.0,0.0,3,0,0,0,126,0,0,32,40197.0,0.0,40197.0,40197.0,9445165.0,0.0,9445165.0,9445165.0,0,BENIGN,0.96
9486895,3,0,0.0,0.0,0.0,0.0,0.0,0.0,0.0,0.0,0.0,0.0,0.0,0.3162256987138573,4743447.5,6649232.654946922,9445165.0,41730.0,9486895.0,4743447.5,6649232.654946922,9445165.0,41730.0,0.0,0.0,0.0,0.0,0.0,0,96,0,0.3162256987138573,0.0,0.0,0.0,0.0,0.0,0.0,0,0,0,3,0.0,0.0,0.0,0.0,3,0,0,0,126,0,0,32,41730.0,0.0,41730.0,41730.0,9445165.0,0.0,9445165.0,9445165.0,0,BENIGN,0.96
9487220,3,0,0.0,0.0,0.0,0.0,0.0,0.0,0.0,0.0,0.0,0.0,0.0,0.3162148658932753,4743610.0,6649002.845243037,9445165.0,42055.0,9487220.0,4743610.0,6649002.845243037,9445165.0,42055.0,0.0,0.0,0.0,0.0,0.0,0,96,0,0.3162148658932753,0.0,0.0,0.0,0.0,0.0,0.0,0,0,0,3,0.0,0.0,0.0,0.0,3,0,0,0,126,0,0,32,42055.0,0.0,42055.0,42055.0,9445165.0,0.0,9445165.0,9445165.0,0,BENIGN,0.96
9486896,3,0,0.0,0.0,0.0,0.0,0.0,0.0,0.0,0.0,0.0,0.0,0.0,0.3162256653809634,4743448.0,6649231.947840141,9445165.0,41731.0,9486896.0,4743448.0,6649231.947840141,9445165.0,41731.0,0.0,0.0,0.0,0.0,0.0,0,96,0,0.3162256653809634,0.0,0.0,0.0,0.0,0.0,0.0,0,0,0,3,0.0,0.0,0.0,0.0,3,0,0,0,126,0,0,32,41731.0,0.0,41731.0,41731.0,9445165.0,0.0,9445165.0,9445165.0,0,BENIGN,0.96
9491749,3,0,0.0,0.0,0.0,0.0,0.0,0.0,0.0,0.0,0.0,0.0,0.0,0.3160639835714155,4745874.5,6648627.3715422265,9447164.0,44585.0,9491749.0,4745874.5,6648627.3715422265,9447164.0,44585.0,0.0,0.0,0.0,0.0,0.0,0,96,0,0.3160639835714155,0.0,0.0,0.0,0.0,0.0,0.0,0,0,0,3,0.0,0.0,0.0,0.0,3,0,0,0,126,0,0,32,44585.0,0.0,44585.0,44585.0,9447164.0,0.0,9447164.0,9447164.0,0,BENIGN,0.96
9487635,1,3,0.0,0.0,0.0,0.0,0.0,0.0,0.0,0.0,0.0,0.0,0.0,0.4216013790581109,3162545.0,5477061.618962398,9486911.0,324.0,0.0,0.0,0.0,0.0,0.0,9487235.0,4743617.5,6708029.998016146,9486911.0,324.0,0,32,108,0.1054003447645277,0.3162010342935832,0.0,0.0,0.0,0.0,0.0,1,0,0,4,3.0,0.0,0.0,0.0,1,0,3,0,128,126,0,32,724.0,0.0,724.0,724.0,9486911.0,0.0,9486911.0,9486911.0,0,BENIGN,0.98
9492575,3,0,0.0,0.0,0.0,0.0,0.0,0.0,0.0,0.0,0.0,0.0,0.0,0.3160364811444734,4746287.5,6648044.715554529,9447165.0,45410.0,9492575.0,4746287.5,6648044.715554529,9447165.0,45410.0,0.0,0.0,0.0,0.0,0.0,0,96,0,0.3160364811444734,0.0,0.0,0.0,0.0,0.0,0.0,0,0,0,3,0.0,0.0,0.0,0.0,3,0,0,0,126,0,0,32,45410.0,0.0,45410.0,45410.0,9447165.0,0.0,9447165.0,9447165.0,0,BENIGN,0.96
9499337,3,0,0.0,0.0,0.0,0.0,0.0,0.0,0.0,0.0,0.0,0.0,0.0,0.3158115140035562,4749668.5,6655306.702197315,9455681.0,43656.0,9499337.0,4749668.5,6655306.702197315,9455681.0,43656.0,0.0,0.0,0.0,0.0,0.0,0,96,0,0.3158115140035562,0.0,0.0,0.0,0.0,0.0,0.0,0,0,0,3,0.0,0.0,0.0,0.0,3,0,0,0,126,0,0,32,43656.0,0.0,43656.0,43656.0,9455681.0,0.0,9455681.0,9455681.0,0,BENIGN,0.96
9499628,3,0,0.0,0.0,0.0,0.0,0.0,0.0,0.0,0.0,0.0,0.0,0.0,0.3158018398194119,4749814.0,6655100.93412399,9455681.0,43947.0,9499628.0,4749814.0,6655100.93412399,9455681.0,43947.0,0.0,0.0,0.0,0.0,0.0,0,96,0,0.3158018398194119,0.0,0.0,0.0,0.0,0.0,0.0,0,0,0,3,0.0,0.0,0.0,0.0,3,0,0,0,126,0,0,32,43947.0,0.0,43947.0,43947.0,9455681.0,0.0,9455681.0,9455681.0,0,BENIGN,0.96
9491750,3,0,0.0,0.0,0.0,0.0,0.0,0.0,0.0,0.0,0.0,0.0,0.0,0.3160639502726051,4745875.0,6648629.49286257,9447166.0,44584.0,9491750.0,4745875.0,6648629.49286257,9447166.0,44584.0,0.0,0.0,0.0,0.0,0.0,0,96,0,0.3160639502726051,0.0,0.0,0.0,0.0,0.0,0.0,0,0,0,3,0.0,0.0,0.0,0.0,3,0,0,0,126,0,0,32,44584.0,0.0,44584.0,44584.0,9447166.0,0.0,9447166.0,9447166.0,0,BENIGN,0.96
9498812,3,0,0.0,0.0,0.0,0.0,0.0,0.0,0.0,0.0,0.0,0.0,0.0,0.3158289689279038,4749406.0,6655679.347471001,9455682.0,43130.0,9498812.0,4749406.0,6655679.347471001,9455682.0,43130.0,0.0,0.0,0.0,0.0,0.0,0,96,0,0.3158289689279038,0.0,0.0,0.0,0.0,0.0,0.0,0,0,0,3,0.0,0.0,0.0,0.0,3,0,0,0,126,0,0,32,43130.0,0.0,43130.0,43130.0,9455682.0,0.0,9455682.0,9455682.0,0,BENIGN,0.96
9499338,3,0,0.0,0.0,0.0,0.0,0.0,0.0,0.0,0.0,0.0,0.0,0.0,0.3158114807579223,4749669.0,6655307.409304096,9455682.0,43656.0,9499338.0,4749669.0,6655307.409304096,9455682.0,43656.0,0.0,0.0,0.0,0.0,0.0,0,96,0,0.3158114807579223,0.0,0.0,0.0,0.0,0.0,0.0,0,0,0,3,0.0,0.0,0.0,0.0,3,0,0,0,126,0,0,32,43656.0,0.0,43656.0,43656.0,9455682.0,0.0,9455682.0,9455682.0,0,BENIGN,0.96
9498236,3,0,0.0,0.0,0.0,0.0,0.0,0.0,0.0,0.0,0.0,0.0,0.0,0.3158481216933334,4749118.0,6656360.998408064,9455876.0,42360.0,9498236.0,4749118.0,6656360.998408064,9455876.0,42360.0,0.0,0.0,0.0,0.0,0.0,0,96,0,0.3158481216933334,0.0,0.0,0.0,0.0,0.0,0.0,0,0,0,3,0.0,0.0,0.0,0.0,3,0,0,0,126,0,0,32,42360.0,0.0,42360.0,42360.0,9455876.0,0.0,9455876.0,9455876.0,0,BENIGN,0.96
9504448,3,0,0.0,0.0,0.0,0.0,0.0,0.0,0.0,0.0,0.0,0.0,0.0,0.3156416869238487,4752224.0,6651968.451083333,9455876.0,48572.0,9504448.0,4752224.0,6651968.451083333,9455876.0,48572.0,0.0,0.0,0.0,0.0,0.0,0,96,0,0.3156416869238487,0.0,0.0,0.0,0.0,0.0,0.0,0,0,0,3,0.0,0.0,0.0,0.0,3,0,0,0,126,0,0,32,48572.0,0.0,48572.0,48572.0,9455876.0,0.0,9455876.0,9455876.0,0,BENIGN,0.96
9504447,3,0,0.0,0.0,0.0,0.0,0.0,0.0,0.0,0.0,0.0,0.0,0.0,0.3156417201337437,4752223.5,6651970.572403677,9455877.0,48570.0,9504447.0,4752223.5,6651970.572403677,9455877.0,48570.0,0.0,0.0,0.0,0.0,0.0,0,96,0,0.3156417201337437,0.0,0.0,0.0,0.0,0.0,0.0,0,0,0,3,0.0,0.0,0.0,0.0,3,0,0,0,126,0,0,32,48570.0,0.0,48570.0,48570.0,9455877.0,0.0,9455877.0,9455877.0,0,BENIGN,0.96
9504449,3,0,0.0,0.0,0.0,0.0,0.0,0.0,0.0,0.0,0.0,0.0,0.0,0.3156416537139607,4752224.5,6651969.158190114,9455877.0,48572.0,9504449.0,4752224.5,6651969.158190114,9455877.0,48572.0,0.0,0.0,0.0,0.0,0.0,0,96,0,0.3156416537139607,0.0,0.0,0.0,0.0,0.0,0.0,0,0,0,3,0.0,0.0,0.0,0.0,3,0,0,0,126,0,0,32,48572.0,0.0,48572.0,48572.0,9455877.0,0.0,9455877.0,9455877.0,0,BENIGN,0.96
9504448,3,0,0.0,0.0,0.0,0.0,0.0,0.0,0.0,0.0,0.0,0.0,0.0,0.3156416869238487,4752224.0,6653128.106204479,9456696.0,47752.0,9504448.0,4752224.0,6653128.106204479,9456696.0,47752.0,0.0,0.0,0.0,0.0,0.0,0,96,0,0.3156416869238487,0.0,0.0,0.0,0.0,0.0,0.0,0,0,0,3,0.0,0.0,0.0,0.0,3,0,0,0,126,0,0,32,47752.0,0.0,47752.0,47752.0,9456696.0,0.0,9456696.0,9456696.0,0,BENIGN,0.96
9499533,3,0,0.0,0.0,0.0,0.0,0.0,0.0,0.0,0.0,0.0,0.0,0.0,0.3158049979930593,4749766.5,6655289.731634567,9455767.0,43766.0,9499533.0,4749766.5,6655289.731634567,9455767.0,43766.0,0.0,0.0,0.0,0.0,0.0,0,96,0,0.3158049979930593,0.0,0.0,0.0,0.0,0.0,0.0,0,0,0,3,0.0,0.0,0.0,0.0,3,0,0,0,126,0,0,32,43766.0,0.0,43766.0,43766.0,9455767.0,0.0,9455767.0,9455767.0,0,BENIGN,0.96
9509769,3,0,0.0,0.0,0.0,0.0,0.0,0.0,0.0,0.0,0.0,0.0,0.0,0.3154650759655676,4754884.5,6666606.268560676,9468887.0,40882.0,9509769.0,4754884.5,6666606.268560676,9468887.0,40882.0,0.0,0.0,0.0,0.0,0.0,0,96,0,0.3154650759655676,0.0,0.0,0.0,0.0,0.0,0.0,0,0,0,3,0.0,0.0,0.0,0.0,3,0,0,0,126,0,0,32,40882.0,0.0,40882.0,40882.0,9468887.0,0.0,9468887.0,9468887.0,0,BENIGN,0.96
9456697,2,0,0.0,0.0,0.0,0.0,0.0,0.0,0.0,0.0,0.0,0.0,0.0,0.2114903332527202,9456697.0,0.0,9456697.0,9456697.0,9456697.0,9456697.0,0.0,9456697.0,9456697.0,0.0,0.0,0.0,0.0,0.0,0,64,0,0.2114903332527202,0.0,0.0,0.0,0.0,0.0,0.0,0,0,0,2,0.0,0.0,0.0,0.0,2,0,0,0,126,0,0,32,0.0,0.0,0.0,0.0,9456697.0,0.0,9456697.0,9456697.0,1,DoS GoldenEye,0.6
9468902,2,0,0.0,0.0,0.0,0.0,0.0,0.0,0.0,0.0,0.0,0.0,0.0,0.211217731475096,9468902.0,0.0,9468902.0,9468902.0,9468902.0,9468902.0,0.0,9468902.0,9468902.0,0.0,0.0,0.0,0.0,0.0,0,64,0,0.211217731475096,0.0,0.0,0.0,0.0,0.0,0.0,0,0,0,2,0.0,0.0,0.0,0.0,2,0,0,0,126,0,0,32,0.0,0.0,0.0,0.0,9468902.0,0.0,9468902.0,9468902.0,1,DoS GoldenEye,0.6
9513362,3,0,0.0,0.0,0.0,0.0,0.0,0.0,0.0,0.0,0.0,0.0,0.0,0.3153459313332132,4756681.0,6666383.529924602,9470526.0,42836.0,9513362.0,4756681.0,6666383.529924602,9470526.0,42836.0,0.0,0.0,0.0,0.0,0.0,0,96,0,0.3153459313332132,0.0,0.0,0.0,0.0,0.0,0.0,0,0,0,3,0.0,0.0,0.0,0.0,3,0,0,0,126,0,0,32,42836.0,0.0,42836.0,42836.0,9470526.0,0.0,9470526.0,9470526.0,0,BENIGN,0.96
9510128,3,0,0.0,0.0,0.0,0.0,0.0,0.0,0.0,0.0,0.0,0.0,0.0,0.3154531674021633,4755064.0,6660859.611749973,9465003.0,45125.0,9510128.0,4755064.0,6660859.611749973,9465003.0,45125.0,0.0,0.0,0.0,0.0,0.0,0,96,0,0.3154531674021633,0.0,0.0,0.0,0.0,0.0,0.0,0,0,0,3,0.0,0.0,0.0,0.0,3,0,0,0,126,0,0,32,45125.0,0.0,45125.0,45125.0,9465003.0,0.0,9465003.0,9465003.0,0,BENIGN,0.96
9513649,3,0,0.0,0.0,0.0,0.0,0.0,0.0,0.0,0.0,0.0,0.0,0.0,0.3153364182344755,4756824.5,6666182.004491964,9470527.0,43122.0,9513649.0,4756824.5,6666182.004491964,9470527.0,43122.0,0.0,0.0,0.0,0.0,0.0,0,96,0,0.3153364182344755,0.0,0.0,0.0,0.0,0.0,0.0,0,0,0,3,0.0,0.0,0.0,0.0,3,0,0,0,126,0,0,32,43122.0,0.0,43122.0,43122.0,9470527.0,0.0,9470527.0,9470527.0,0,BENIGN,0.96
9514718,3,0,0.0,0.0,0.0,0.0,0.0,0.0,0.0,0.0,0.0,0.0,0.0,0.3153009894775652,4757359.0,6665423.278915751,9470525.0,44193.0,9514718.0,4757359.0,6665423.278915751,9470525.0,44193.0,0.0,0.0,0.0,0.0,0.0,0,96,0,0.3153009894775652,0.0,0.0,0.0,0.0,0.0,0.0,0,0,0,3,0.0,0.0,0.0,0.0,3,0,0,0,126,0,0,32,44193.0,0.0,44193.0,44193.0,9470525.0,0.0,9470525.0,9470525.0,0,BENIGN,0.96
9513083,3,0,0.0,0.0,0.0,0.0,0.0,0.0,0.0,0.0,0.0,0.0,0.0,0.3153551798086908,4756541.5,6664286.958318384,9468904.0,44179.0,9513083.0,4756541.5,6664286.958318384,9468904.0,44179.0,0.0,0.0,0.0,0.0,0.0,0,96,0,0.3153551798086908,0.0,0.0,0.0,0.0,0.0,0.0,0,0,0,3,0.0,0.0,0.0,0.0,3,0,0,0,126,0,0,32,44179.0,0.0,44179.0,44179.0,9468904.0,0.0,9468904.0,9468904.0,0,BENIGN,0.96
9515346,3,0,0.0,0.0,0.0,0.0,0.0,0.0,0.0,0.0,0.0,0.0,0.0,0.315280180037594,4757673.0,6664980.630070728,9470526.0,44820.0,9515346.0,4757673.0,6664980.630070728,9470526.0,44820.0,0.0,0.0,0.0,0.0,0.0,0,96,0,0.315280180037594,0.0,0.0,0.0,0.0,0.0,0.0,0,0,0,3,0.0,0.0,0.0,0.0,3,0,0,0,126,0,0,32,44820.0,0.0,44820.0,44820.0,9470526.0,0.0,9470526.0,9470526.0,0,BENIGN,0.96
9518329,3,0,0.0,0.0,0.0,0.0,0.0,0.0,0.0,0.0,0.0,0.0,0.0,0.3151813726968253,4759164.5,6670332.7212975295,9475802.0,42527.0,9518329.0,4759164.5,6670332.7212975295,9475802.0,42527.0,0.0,0.0,0.0,0.0,0.0,0,96,0,0.3151813726968253,0.0,0.0,0.0,0.0,0.0,0.0,0,0,0,3,0.0,0.0,0.0,0.0,3,0,0,0,126,0,0,32,42527.0,0.0,42527.0,42527.0,9475802.0,0.0,9475802.0,9475802.0,0,BENIGN,0.96
9518402,3,0,0.0,0.0,0.0,0.0,0.0,0.0,0.0,0.0,0.0,0.0,0.0,0.3151789554591201,4759201.0,6670384.340092556,9475875.0,42527.0,9518402.0,4759201.0,6670384.340092556,9475875.0,42527.0,0.0,0.0,0.0,0.0,0.0,0,96,0,0.3151789554591201,0.0,0.0,0.0,0.0,0.0,0.0,0,0,0,3,0.0,0.0,0.0,0.0,3,0,0,0,126,0,0,32,42527.0,0.0,42527.0,42527.0,9475875.0,0.0,9475875.0,9475875.0,0,BENIGN,0.96
818,2,0,0.0,0.0,0.0,0.0,0.0,0.0,0.0,0.0,0.0,0.0,0.0,2444.9877750611245,818.0,0.0,818.0,818.0,818.0,818.0,0.0,818.0,818.0,0.0,0.0,0.0,0.0,0.0,0,0,0,2444.9877750611245,0.0,0.0,0.0,0.0,0.0,0.0,0,0,0,0,0.0,0.0,0.0,0.0,0,0,0,0,0,0,0,0,0.0,0.0,0.0,0.0,0.0,0.0,0.0,0.0,0,BENIGN,1.0
